sample_id,label,stamp_sec,stamp_nanosec,center_x,center_y,image_width,image_height,offset_x,offset_y,h,s,v
5,green,1788789462,376812436,342,166,640,480,-5,-5,83,250,112
5,green,1788789462,376812436,342,166,640,480,-4,-5,83,237,116
5,green,1788789462,376812436,342,166,640,480,-3,-5,83,237,116
5,green,1788789462,376812436,342,166,640,480,-2,-5,83,246,112
5,green,1788789462,376812436,342,166,640,480,-1,-5,83,253,109
5,green,1788789462,376812436,342,166,640,480,0,-5,83,250,108
5,green,1788789462,376812436,342,166,640,480,1,-5,83,244,111
5,green,1788789462,376812436,342,166,640,480,2,-5,83,246,108
5,green,1788789462,376812436,342,166,640,480,3,-5,83,241,110
5,green,1788789462,376812436,342,166,640,480,4,-5,83,237,112
5,green,1788789462,376812436,342,166,640,480,5,-5,83,239,111
5,green,1788789462,376812436,342,166,640,480,-5,-4,83,253,109
5,green,1788789462,376812436,342,166,640,480,-4,-4,83,248,111
5,green,1788789462,376812436,342,166,640,480,-3,-4,83,246,112
5,green,1788789462,376812436,342,166,640,480,-2,-4,83,244,111
5,green,1788789462,376812436,342,166,640,480,-1,-4,83,248,109
5,green,1788789462,376812436,342,166,640,480,0,-4,83,250,108
5,green,1788789462,376812436,342,166,640,480,1,-4,83,253,107
5,green,1788789462,376812436,342,166,640,480,2,-4,83,248,107
5,green,1788789462,376812436,342,166,640,480,3,-4,83,241,110
5,green,1788789462,376812436,342,166,640,480,4,-4,84,236,110
5,green,1788789462,376812436,342,166,640,480,5,-4,84,236,110
5,green,1788789462,376812436,342,166,640,480,-5,-3,83,253,109
5,green,1788789462,376812436,342,166,640,480,-4,-3,83,255,108
5,green,1788789462,376812436,342,166,640,480,-3,-3,83,253,109
5,green,1788789462,376812436,342,166,640,480,-2,-3,83,244,111
5,green,1788789462,376812436,342,166,640,480,-1,-3,83,244,111
5,green,1788789462,376812436,342,166,640,480,0,-3,83,253,107
5,green,1788789462,376812436,342,166,640,480,1,-3,83,255,104
5,green,1788789462,376812436,342,166,640,480,2,-3,83,250,106
5,green,1788789462,376812436,342,166,640,480,3,-3,83,248,107
5,green,1788789462,376812436,342,166,640,480,4,-3,84,243,107
5,green,1788789462,376812436,342,166,640,480,5,-3,84,248,105
5,green,1788789462,376812436,342,166,640,480,-5,-2,83,250,110
5,green,1788789462,376812436,342,166,640,480,-4,-2,83,255,106
5,green,1788789462,376812436,342,166,640,480,-3,-2,83,253,107
5,green,1788789462,376812436,342,166,640,480,-2,-2,83,244,111
5,green,1788789462,376812436,342,166,640,480,-1,-2,83,244,111
5,green,1788789462,376812436,342,166,640,480,0,-2,83,248,107
5,green,1788789462,376812436,342,166,640,480,1,-2,83,255,103
5,green,1788789462,376812436,342,166,640,480,2,-2,84,250,104
5,green,1788789462,376812436,342,166,640,480,3,-2,84,250,104
5,green,1788789462,376812436,342,166,640,480,4,-2,84,253,103
5,green,1788789462,376812436,342,166,640,480,5,-2,83,255,101
5,green,1788789462,376812436,342,166,640,480,-5,-1,83,248,111
5,green,1788789462,376812436,342,166,640,480,-4,-1,83,253,107
5,green,1788789462,376812436,342,166,640,480,-3,-1,83,250,108
5,green,1788789462,376812436,342,166,640,480,-2,-1,83,246,110
5,green,1788789462,376812436,342,166,640,480,-1,-1,83,244,111
5,green,1788789462,376812436,342,166,640,480,0,-1,83,246,108
5,green,1788789462,376812436,342,166,640,480,1,-1,83,255,104
5,green,1788789462,376812436,342,166,640,480,2,-1,84,248,105
5,green,1788789462,376812436,342,166,640,480,3,-1,84,248,105
5,green,1788789462,376812436,342,166,640,480,4,-1,84,250,104
5,green,1788789462,376812436,342,166,640,480,5,-1,84,253,103
5,green,1788789462,376812436,342,166,640,480,-5,0,83,241,112
5,green,1788789462,376812436,342,166,640,480,-4,0,83,246,110
5,green,1788789462,376812436,342,166,640,480,-3,0,83,248,109
5,green,1788789462,376812436,342,166,640,480,-2,0,83,243,109
5,green,1788789462,376812436,342,166,640,480,-1,0,83,243,109
5,green,1788789462,376812436,342,166,640,480,0,0,83,246,108
5,green,1788789462,376812436,342,166,640,480,1,0,83,248,107
5,green,1788789462,376812436,342,166,640,480,2,0,84,241,108
5,green,1788789462,376812436,342,166,640,480,3,0,84,236,110
5,green,1788789462,376812436,342,166,640,480,4,0,84,229,110
5,green,1788789462,376812436,342,166,640,480,5,0,84,229,110
5,green,1788789462,376812436,342,166,640,480,-5,1,83,237,114
5,green,1788789462,376812436,342,166,640,480,-4,1,83,239,113
5,green,1788789462,376812436,342,166,640,480,-3,1,83,244,111
5,green,1788789462,376812436,342,166,640,480,-2,1,83,243,109
5,green,1788789462,376812436,342,166,640,480,-1,1,83,246,108
5,green,1788789462,376812436,342,166,640,480,0,1,83,243,109
5,green,1788789462,376812436,342,166,640,480,1,1,83,243,109
5,green,1788789462,376812436,342,166,640,480,2,1,84,234,111
5,green,1788789462,376812436,342,166,640,480,3,1,84,228,114
5,green,1788789462,376812436,342,166,640,480,4,1,84,216,117
5,green,1788789462,376812436,342,166,640,480,5,1,84,212,119
5,green,1788789462,376812436,342,166,640,480,-5,2,83,239,111
5,green,1788789462,376812436,342,166,640,480,-4,2,83,235,113
5,green,1788789462,376812436,342,166,640,480,-3,2,83,237,112
5,green,1788789462,376812436,342,166,640,480,-2,2,84,241,108
5,green,1788789462,376812436,342,166,640,480,-1,2,84,250,104
5,green,1788789462,376812436,342,166,640,480,0,2,84,253,103
5,green,1788789462,376812436,342,166,640,480,1,2,84,253,103
5,green,1788789462,376812436,342,166,640,480,2,2,84,220,115
5,green,1788789462,376812436,342,166,640,480,3,2,84,214,118
5,green,1788789462,376812436,342,166,640,480,4,2,84,208,119
5,green,1788789462,376812436,342,166,640,480,5,2,84,213,116
5,green,1788789462,376812436,342,166,640,480,-5,3,83,235,113
5,green,1788789462,376812436,342,166,640,480,-4,3,83,233,114
5,green,1788789462,376812436,342,166,640,480,-3,3,83,235,113
5,green,1788789462,376812436,342,166,640,480,-2,3,84,239,109
5,green,1788789462,376812436,342,166,640,480,-1,3,84,243,107
5,green,1788789462,376812436,342,166,640,480,0,3,84,243,107
5,green,1788789462,376812436,342,166,640,480,1,3,84,241,108
5,green,1788789462,376812436,342,166,640,480,2,3,84,225,112
5,green,1788789462,376812436,342,166,640,480,3,3,84,220,115
5,green,1788789462,376812436,342,166,640,480,4,3,84,213,116
5,green,1788789462,376812436,342,166,640,480,5,3,84,215,115
5,green,1788789462,376812436,342,166,640,480,-5,4,83,237,112
5,green,1788789462,376812436,342,166,640,480,-4,4,84,234,111
5,green,1788789462,376812436,342,166,640,480,-3,4,84,236,110
5,green,1788789462,376812436,342,166,640,480,-2,4,84,241,108
5,green,1788789462,376812436,342,166,640,480,-1,4,84,241,108
5,green,1788789462,376812436,342,166,640,480,0,4,84,232,109
5,green,1788789462,376812436,342,166,640,480,1,4,84,227,111
5,green,1788789462,376812436,342,166,640,480,2,4,84,238,104
5,green,1788789462,376812436,342,166,640,480,3,4,84,231,107
5,green,1788789462,376812436,342,166,640,480,4,4,84,227,109
5,green,1788789462,376812436,342,166,640,480,5,4,84,227,109
5,green,1788789462,376812436,342,166,640,480,-5,5,83,246,108
5,green,1788789462,376812436,342,166,640,480,-4,5,84,243,107
5,green,1788789462,376812436,342,166,640,480,-3,5,84,245,106
5,green,1788789462,376812436,342,166,640,480,-2,5,84,250,104
5,green,1788789462,376812436,342,166,640,480,-1,5,84,248,105
5,green,1788789462,376812436,342,166,640,480,0,5,84,234,108
5,green,1788789462,376812436,342,166,640,480,1,5,84,227,111
5,green,1788789462,376812436,342,166,640,480,2,5,84,245,101
5,green,1788789462,376812436,342,166,640,480,3,5,84,243,102
5,green,1788789462,376812436,342,166,640,480,4,5,84,240,103
5,green,1788789462,376812436,342,166,640,480,5,5,84,238,104
6,green,1788789463,377713845,380,111,640,480,-5,-5,83,123,108
6,green,1788789463,377713845,380,111,640,480,-4,-5,83,116,114
6,green,1788789463,377713845,380,111,640,480,-3,-5,83,121,114
6,green,1788789463,377713845,380,111,640,480,-2,-5,83,123,108
6,green,1788789463,377713845,380,111,640,480,-1,-5,83,141,98
6,green,1788789463,377713845,380,111,640,480,0,-5,83,162,85
6,green,1788789463,377713845,380,111,640,480,1,-5,83,184,75
6,green,1788789463,377713845,380,111,640,480,2,-5,83,191,72
6,green,1788789463,377713845,380,111,640,480,3,-5,82,184,72
6,green,1788789463,377713845,380,111,640,480,4,-5,81,200,65
6,green,1788789463,377713845,380,111,640,480,5,-5,80,194,67
6,green,1788789463,377713845,380,111,640,480,-5,-4,83,123,108
6,green,1788789463,377713845,380,111,640,480,-4,-4,83,118,112
6,green,1788789463,377713845,380,111,640,480,-3,-4,83,119,111
6,green,1788789463,377713845,380,111,640,480,-2,-4,83,124,107
6,green,1788789463,377713845,380,111,640,480,-1,-4,83,135,98
6,green,1788789463,377713845,380,111,640,480,0,-4,83,151,88
6,green,1788789463,377713845,380,111,640,480,1,-4,83,166,80
6,green,1788789463,377713845,380,111,640,480,2,-4,83,174,76
6,green,1788789463,377713845,380,111,640,480,3,-4,82,174,76
6,green,1788789463,377713845,380,111,640,480,4,-4,81,199,68
6,green,1788789463,377713845,380,111,640,480,5,-4,80,193,70
6,green,1788789463,377713845,380,111,640,480,-5,-3,83,123,104
6,green,1788789463,377713845,380,111,640,480,-4,-3,83,120,106
6,green,1788789463,377713845,380,111,640,480,-3,-3,83,120,106
6,green,1788789463,377713845,380,111,640,480,-2,-3,83,123,104
6,green,1788789463,377713845,380,111,640,480,-1,-3,83,129,99
6,green,1788789463,377713845,380,111,640,480,0,-3,83,140,91
6,green,1788789463,377713845,380,111,640,480,1,-3,83,152,84
6,green,1788789463,377713845,380,111,640,480,2,-3,83,161,79
6,green,1788789463,377713845,380,111,640,480,3,-3,82,170,78
6,green,1788789463,377713845,380,111,640,480,4,-3,81,189,73
6,green,1788789463,377713845,380,111,640,480,5,-3,80,185,76
6,green,1788789463,377713845,380,111,640,480,-5,-2,83,124,103
6,green,1788789463,377713845,380,111,640,480,-4,-2,83,124,103
6,green,1788789463,377713845,380,111,640,480,-3,-2,83,123,104
6,green,1788789463,377713845,380,111,640,480,-2,-2,83,121,105
6,green,1788789463,377713845,380,111,640,480,-1,-2,83,124,103
6,green,1788789463,377713845,380,111,640,480,0,-2,83,131,97
6,green,1788789463,377713845,380,111,640,480,1,-2,83,143,89
6,green,1788789463,377713845,380,111,640,480,2,-2,83,157,81
6,green,1788789463,377713845,380,111,640,480,3,-2,82,172,77
6,green,1788789463,377713845,380,111,640,480,4,-2,81,177,78
6,green,1788789463,377713845,380,111,640,480,5,-2,80,186,81
6,green,1788789463,377713845,380,111,640,480,-5,-1,83,118,108
6,green,1788789463,377713845,380,111,640,480,-4,-1,84,115,104
6,green,1788789463,377713845,380,111,640,480,-3,-1,84,113,106
6,green,1788789463,377713845,380,111,640,480,-2,-1,84,111,108
6,green,1788789463,377713845,380,111,640,480,-1,-1,84,111,108
6,green,1788789463,377713845,380,111,640,480,0,-1,84,118,102
6,green,1788789463,377713845,380,111,640,480,1,-1,84,130,92
6,green,1788789463,377713845,380,111,640,480,2,-1,84,150,80
6,green,1788789463,377713845,380,111,640,480,3,-1,83,175,73
6,green,1788789463,377713845,380,111,640,480,4,-1,80,177,82
6,green,1788789463,377713845,380,111,640,480,5,-1,79,188,84
6,green,1788789463,377713845,380,111,640,480,-5,0,83,111,115
6,green,1788789463,377713845,380,111,640,480,-4,0,84,112,107
6,green,1788789463,377713845,380,111,640,480,-3,0,84,109,110
6,green,1788789463,377713845,380,111,640,480,-2,0,84,106,113
6,green,1788789463,377713845,380,111,640,480,-1,0,83,107,114
6,green,1788789463,377713845,380,111,640,480,0,0,84,113,106
6,green,1788789463,377713845,380,111,640,480,1,0,83,129,95
6,green,1788789463,377713845,380,111,640,480,2,0,83,148,79
6,green,1788789463,377713845,380,111,640,480,3,0,83,172,71
6,green,1788789463,377713845,380,111,640,480,4,0,80,169,83
6,green,1788789463,377713845,380,111,640,480,5,0,79,178,83
6,green,1788789463,377713845,380,111,640,480,-5,1,83,117,113
6,green,1788789463,377713845,380,111,640,480,-4,1,83,112,114
6,green,1788789463,377713845,380,111,640,480,-3,1,83,113,113
6,green,1788789463,377713845,380,111,640,480,-2,1,83,110,111
6,green,1788789463,377713845,380,111,640,480,-1,1,81,112,109
6,green,1788789463,377713845,380,111,640,480,0,1,83,117,105
6,green,1788789463,377713845,380,111,640,480,1,1,81,126,97
6,green,1788789463,377713845,380,111,640,480,2,1,83,140,84
6,green,1788789463,377713845,380,111,640,480,3,1,82,156,75
6,green,1788789463,377713845,380,111,640,480,4,1,80,153,80
6,green,1788789463,377713845,380,111,640,480,5,1,80,171,76
6,green,1788789463,377713845,380,111,640,480,-5,2,83,116,114
6,green,1788789463,377713845,380,111,640,480,-4,2,83,110,116
6,green,1788789463,377713845,380,111,640,480,-3,2,83,112,114
6,green,1788789463,377713845,380,111,640,480,-2,2,81,109,112
6,green,1788789463,377713845,380,111,640,480,-1,2,81,115,106
6,green,1788789463,377713845,380,111,640,480,0,2,81,124,99
6,green,1788789463,377713845,380,111,640,480,1,2,81,138,89
6,green,1788789463,377713845,380,111,640,480,2,2,82,147,80
6,green,1788789463,377713845,380,111,640,480,3,2,82,156,75
6,green,1788789463,377713845,380,111,640,480,4,2,80,156,77
6,green,1788789463,377713845,380,111,640,480,5,2,80,162,74
6,green,1788789463,377713845,380,111,640,480,-5,3,83,115,115
6,green,1788789463,377713845,380,111,640,480,-4,3,83,109,117
6,green,1788789463,377713845,380,111,640,480,-3,3,83,110,116
6,green,1788789463,377713845,380,111,640,480,-2,3,81,115,113
6,green,1788789463,377713845,380,111,640,480,-1,3,81,126,103
6,green,1788789463,377713845,380,111,640,480,0,3,81,136,90
6,green,1788789463,377713845,380,111,640,480,1,3,81,151,81
6,green,1788789463,377713845,380,111,640,480,2,3,81,157,78
6,green,1788789463,377713845,380,111,640,480,3,3,81,157,78
6,green,1788789463,377713845,380,111,640,480,4,3,80,164,73
6,green,1788789463,377713845,380,111,640,480,5,3,80,166,72
6,green,1788789463,377713845,380,111,640,480,-5,4,83,115,115
6,green,1788789463,377713845,380,111,640,480,-4,4,83,110,116
6,green,1788789463,377713845,380,111,640,480,-3,4,83,109,117
6,green,1788789463,377713845,380,111,640,480,-2,4,81,115,113
6,green,1788789463,377713845,380,111,640,480,-1,4,81,130,100
6,green,1788789463,377713845,380,111,640,480,0,4,81,146,84
6,green,1788789463,377713845,380,111,640,480,1,4,81,163,75
6,green,1788789463,377713845,380,111,640,480,2,4,81,159,77
6,green,1788789463,377713845,380,111,640,480,3,4,81,147,83
6,green,1788789463,377713845,380,111,640,480,4,4,80,171,70
6,green,1788789463,377713845,380,111,640,480,5,4,80,169,71
6,green,1788789463,377713845,380,111,640,480,-5,5,83,120,115
6,green,1788789463,377713845,380,111,640,480,-4,5,82,116,114
6,green,1788789463,377713845,380,111,640,480,-3,5,82,114,116
6,green,1788789463,377713845,380,111,640,480,-2,5,81,116,112
6,green,1788789463,377713845,380,111,640,480,-1,5,81,131,99
6,green,1788789463,377713845,380,111,640,480,0,5,81,155,84
6,green,1788789463,377713845,380,111,640,480,1,5,81,171,76
6,green,1788789463,377713845,380,111,640,480,2,5,81,155,79
6,green,1788789463,377713845,380,111,640,480,3,5,81,142,86
6,green,1788789463,377713845,380,111,640,480,4,5,80,177,69
6,green,1788789463,377713845,380,111,640,480,5,5,80,170,72
7,green,1788789463,628061863,389,146,640,480,-5,-5,81,184,79
7,green,1788789463,628061863,389,146,640,480,-4,-5,80,167,84
7,green,1788789463,628061863,389,146,640,480,-3,-5,80,158,89
7,green,1788789463,628061863,389,146,640,480,-2,-5,80,159,88
7,green,1788789463,628061863,389,146,640,480,-1,-5,80,167,81
7,green,1788789463,628061863,389,146,640,480,0,-5,80,173,75
7,green,1788789463,628061863,389,146,640,480,1,-5,80,178,73
7,green,1788789463,628061863,389,146,640,480,2,-5,80,168,73
7,green,1788789463,628061863,389,146,640,480,3,-5,80,176,68
7,green,1788789463,628061863,389,146,640,480,4,-5,80,167,67
7,green,1788789463,628061863,389,146,640,480,5,-5,80,162,66
7,green,1788789463,628061863,389,146,640,480,-5,-4,81,198,76
7,green,1788789463,628061863,389,146,640,480,-4,-4,80,182,80
7,green,1788789463,628061863,389,146,640,480,-3,-4,80,169,86
7,green,1788789463,628061863,389,146,640,480,-2,-4,80,161,87
7,green,1788789463,628061863,389,146,640,480,-1,-4,80,169,83
7,green,1788789463,628061863,389,146,640,480,0,-4,80,173,78
7,green,1788789463,628061863,389,146,640,480,1,-4,80,171,76
7,green,1788789463,628061863,389,146,640,480,2,-4,80,161,76
7,green,1788789463,628061863,389,146,640,480,3,-4,80,162,74
7,green,1788789463,628061863,389,146,640,480,4,-4,80,154,73
7,green,1788789463,628061863,389,146,640,480,5,-4,80,149,72
7,green,1788789463,628061863,389,146,640,480,-5,-3,82,221,74
7,green,1788789463,628061863,389,146,640,480,-4,-3,81,205,81
7,green,1788789463,628061863,389,146,640,480,-3,-3,81,185,87
7,green,1788789463,628061863,389,146,640,480,-2,-3,81,179,87
7,green,1788789463,628061863,389,146,640,480,-1,-3,81,185,84
7,green,1788789463,628061863,389,146,640,480,0,-3,81,186,81
7,green,1788789463,628061863,389,146,640,480,1,-3,81,182,80
7,green,1788789463,628061863,389,146,640,480,2,-3,81,167,81
7,green,1788789463,628061863,389,146,640,480,3,-3,81,163,80
7,green,1788789463,628061863,389,146,640,480,4,-3,80,155,79
7,green,1788789463,628061863,389,146,640,480,5,-3,80,152,79
7,green,1788789463,628061863,389,146,640,480,-5,-2,82,242,79
7,green,1788789463,628061863,389,146,640,480,-4,-2,82,233,82
7,green,1788789463,628061863,389,146,640,480,-3,-2,82,219,85
7,green,1788789463,628061863,389,146,640,480,-2,-2,82,214,87
7,green,1788789463,628061863,389,146,640,480,-1,-2,82,206,88
7,green,1788789463,628061863,389,146,640,480,0,-2,82,198,89
7,green,1788789463,628061863,389,146,640,480,1,-2,82,183,89
7,green,1788789463,628061863,389,146,640,480,2,-2,82,173,90
7,green,1788789463,628061863,389,146,640,480,3,-2,82,174,85
7,green,1788789463,628061863,389,146,640,480,4,-2,81,171,85
7,green,1788789463,628061863,389,146,640,480,5,-2,81,159,85
7,green,1788789463,628061863,389,146,640,480,-5,-1,83,252,80
7,green,1788789463,628061863,389,146,640,480,-4,-1,83,246,84
7,green,1788789463,628061863,389,146,640,480,-3,-1,83,229,88
7,green,1788789463,628061863,389,146,640,480,-2,-1,83,226,89
7,green,1788789463,628061863,389,146,640,480,-1,-1,83,219,86
7,green,1788789463,628061863,389,146,640,480,0,-1,83,216,86
7,green,1788789463,628061863,389,146,640,480,1,-1,82,200,88
7,green,1788789463,628061863,389,146,640,480,2,-1,83,183,89
7,green,1788789463,628061863,389,146,640,480,3,-1,82,178,90
7,green,1788789463,628061863,389,146,640,480,4,-1,82,172,86
7,green,1788789463,628061863,389,146,640,480,5,-1,81,173,84
7,green,1788789463,628061863,389,146,640,480,-5,0,83,255,79
7,green,1788789463,628061863,389,146,640,480,-4,0,83,243,85
7,green,1788789463,628061863,389,146,640,480,-3,0,83,224,90
7,green,1788789463,628061863,389,146,640,480,-2,0,83,226,89
7,green,1788789463,628061863,389,146,640,480,-1,0,83,227,83
7,green,1788789463,628061863,389,146,640,480,0,0,83,230,81
7,green,1788789463,628061863,389,146,640,480,1,0,82,218,83
7,green,1788789463,628061863,389,146,640,480,2,0,82,196,87
7,green,1788789463,628061863,389,146,640,480,3,0,82,175,92
7,green,1788789463,628061863,389,146,640,480,4,0,82,170,87
7,green,1788789463,628061863,389,146,640,480,5,0,81,177,82
7,green,1788789463,628061863,389,146,640,480,-5,1,83,252,80
7,green,1788789463,628061863,389,146,640,480,-4,1,83,240,86
7,green,1788789463,628061863,389,146,640,480,-3,1,83,221,91
7,green,1788789463,628061863,389,146,640,480,-2,1,83,226,89
7,green,1788789463,628061863,389,146,640,480,-1,1,83,233,81
7,green,1788789463,628061863,389,146,640,480,0,1,83,242,77
7,green,1788789463,628061863,389,146,640,480,1,1,82,226,80
7,green,1788789463,628061863,389,146,640,480,2,1,82,203,84
7,green,1788789463,628061863,389,146,640,480,3,1,82,178,90
7,green,1788789463,628061863,389,146,640,480,4,1,82,179,87
7,green,1788789463,628061863,389,146,640,480,5,1,81,177,82
7,green,1788789463,628061863,389,146,640,480,-5,2,83,240,84
7,green,1788789463,628061863,389,146,640,480,-4,2,83,235,88
7,green,1788789463,628061863,389,146,640,480,-3,2,83,219,92
7,green,1788789463,628061863,389,146,640,480,-2,2,83,226,89
7,green,1788789463,628061863,389,146,640,480,-1,2,83,233,81
7,green,1788789463,628061863,389,146,640,480,0,2,83,239,78
7,green,1788789463,628061863,389,146,640,480,1,2,82,229,79
7,green,1788789463,628061863,389,146,640,480,2,2,82,211,81
7,green,1788789463,628061863,389,146,640,480,3,2,82,190,86
7,green,1788789463,628061863,389,146,640,480,4,2,82,185,84
7,green,1788789463,628061863,389,146,640,480,5,2,81,177,82
7,green,1788789463,628061863,389,146,640,480,-5,3,83,226,89
7,green,1788789463,628061863,389,146,640,480,-4,3,83,229,90
7,green,1788789463,628061863,389,146,640,480,-3,3,83,221,91
7,green,1788789463,628061863,389,146,640,480,-2,3,83,221,89
7,green,1788789463,628061863,389,146,640,480,-1,3,83,222,85
7,green,1788789463,628061863,389,146,640,480,0,3,83,227,82
7,green,1788789463,628061863,389,146,640,480,1,3,82,224,81
7,green,1788789463,628061863,389,146,640,480,2,3,82,214,80
7,green,1788789463,628061863,389,146,640,480,3,3,82,197,83
7,green,1788789463,628061863,389,146,640,480,4,3,82,191,84
7,green,1788789463,628061863,389,146,640,480,5,3,81,181,83
7,green,1788789463,628061863,389,146,640,480,-5,4,83,214,94
7,green,1788789463,628061863,389,146,640,480,-4,4,83,219,92
7,green,1788789463,628061863,389,146,640,480,-3,4,83,221,89
7,green,1788789463,628061863,389,146,640,480,-2,4,83,218,90
7,green,1788789463,628061863,389,146,640,480,-1,4,83,212,89
7,green,1788789463,628061863,389,146,640,480,0,4,83,212,88
7,green,1788789463,628061863,389,146,640,480,1,4,82,216,84
7,green,1788789463,628061863,389,146,640,480,2,4,82,214,80
7,green,1788789463,628061863,389,146,640,480,3,4,82,192,85
7,green,1788789463,628061863,389,146,640,480,4,4,82,191,84
7,green,1788789463,628061863,389,146,640,480,5,4,81,190,82
7,green,1788789463,628061863,389,146,640,480,-5,5,83,208,97
7,green,1788789463,628061863,389,146,640,480,-4,5,83,217,93
7,green,1788789463,628061863,389,146,640,480,-3,5,83,221,89
7,green,1788789463,628061863,389,146,640,480,-2,5,83,218,90
7,green,1788789463,628061863,389,146,640,480,-1,5,83,205,92
7,green,1788789463,628061863,389,146,640,480,0,5,83,202,92
7,green,1788789463,628061863,389,146,640,480,1,5,82,211,86
7,green,1788789463,628061863,389,146,640,480,2,5,82,217,81
7,green,1788789463,628061863,389,146,640,480,3,5,82,194,88
7,green,1788789463,628061863,389,146,640,480,4,5,82,192,85
7,green,1788789463,628061863,389,146,640,480,5,5,81,198,81
8,green,1788789464,627637902,393,173,640,480,-5,-5,81,191,92
8,green,1788789464,627637902,393,173,640,480,-4,-5,81,195,90
8,green,1788789464,627637902,393,173,640,480,-3,-5,81,202,87
8,green,1788789464,627637902,393,173,640,480,-2,-5,81,207,85
8,green,1788789464,627637902,393,173,640,480,-1,-5,81,183,95
8,green,1788789464,627637902,393,173,640,480,0,-5,81,188,92
8,green,1788789464,627637902,393,173,640,480,1,-5,81,191,87
8,green,1788789464,627637902,393,173,640,480,2,-5,81,202,82
8,green,1788789464,627637902,393,173,640,480,3,-5,81,207,80
8,green,1788789464,627637902,393,173,640,480,4,-5,81,207,80
8,green,1788789464,627637902,393,173,640,480,5,-5,81,198,81
8,green,1788789464,627637902,393,173,640,480,-5,-4,81,193,91
8,green,1788789464,627637902,393,173,640,480,-4,-4,81,198,89
8,green,1788789464,627637902,393,173,640,480,-3,-4,81,205,86
8,green,1788789464,627637902,393,173,640,480,-2,-4,81,207,85
8,green,1788789464,627637902,393,173,640,480,-1,-4,81,193,90
8,green,1788789464,627637902,393,173,640,480,0,-4,81,197,88
8,green,1788789464,627637902,393,173,640,480,1,-4,81,202,82
8,green,1788789464,627637902,393,173,640,480,2,-4,81,213,78
8,green,1788789464,627637902,393,173,640,480,3,-4,81,218,76
8,green,1788789464,627637902,393,173,640,480,4,-4,81,215,77
8,green,1788789464,627637902,393,173,640,480,5,-4,81,209,77
8,green,1788789464,627637902,393,173,640,480,-5,-3,81,193,90
8,green,1788789464,627637902,393,173,640,480,-4,-3,81,197,88
8,green,1788789464,627637902,393,173,640,480,-3,-3,81,204,85
8,green,1788789464,627637902,393,173,640,480,-2,-3,81,206,84
8,green,1788789464,627637902,393,173,640,480,-1,-3,81,191,87
8,green,1788789464,627637902,393,173,640,480,0,-3,81,195,85
8,green,1788789464,627637902,393,173,640,480,1,-3,81,201,80
8,green,1788789464,627637902,393,173,640,480,2,-3,81,209,77
8,green,1788789464,627637902,393,173,640,480,3,-3,81,214,75
8,green,1788789464,627637902,393,173,640,480,4,-3,81,214,75
8,green,1788789464,627637902,393,173,640,480,5,-3,81,207,75
8,green,1788789464,627637902,393,173,640,480,-5,-2,81,195,89
8,green,1788789464,627637902,393,173,640,480,-4,-2,81,199,87
8,green,1788789464,627637902,393,173,640,480,-3,-2,81,204,85
8,green,1788789464,627637902,393,173,640,480,-2,-2,81,206,84
8,green,1788789464,627637902,393,173,640,480,-1,-2,81,186,89
8,green,1788789464,627637902,393,173,640,480,0,-2,81,191,87
8,green,1788789464,627637902,393,173,640,480,1,-2,81,194,83
8,green,1788789464,627637902,393,173,640,480,2,-2,81,198,81
8,green,1788789464,627637902,393,173,640,480,3,-2,81,203,79
8,green,1788789464,627637902,393,173,640,480,4,-2,81,203,79
8,green,1788789464,627637902,393,173,640,480,5,-2,81,197,79
8,green,1788789464,627637902,393,173,640,480,-5,-1,81,195,89
8,green,1788789464,627637902,393,173,640,480,-4,-1,81,199,87
8,green,1788789464,627637902,393,173,640,480,-3,-1,81,197,84
8,green,1788789464,627637902,393,173,640,480,-2,-1,81,200,83
8,green,1788789464,627637902,393,173,640,480,-1,-1,81,181,89
8,green,1788789464,627637902,393,173,640,480,0,-1,81,185,87
8,green,1788789464,627637902,393,173,640,480,1,-1,81,189,85
8,green,1788789464,627637902,393,173,640,480,2,-1,81,194,83
8,green,1788789464,627637902,393,173,640,480,3,-1,81,194,80
8,green,1788789464,627637902,393,173,640,480,4,-1,81,194,80
8,green,1788789464,627637902,393,173,640,480,5,-1,81,192,81
8,green,1788789464,627637902,393,173,640,480,-5,0,81,195,89
8,green,1788789464,627637902,393,173,640,480,-4,0,81,199,87
8,green,1788789464,627637902,393,173,640,480,-3,0,81,195,85
8,green,1788789464,627637902,393,173,640,480,-2,0,81,197,84
8,green,1788789464,627637902,393,173,640,480,-1,0,81,189,85
8,green,1788789464,627637902,393,173,640,480,0,0,81,191,84
8,green,1788789464,627637902,393,173,640,480,1,0,81,194,83
8,green,1788789464,627637902,393,173,640,480,2,0,81,198,81
8,green,1788789464,627637902,393,173,640,480,3,0,81,197,79
8,green,1788789464,627637902,393,173,640,480,4,0,81,197,79
8,green,1788789464,627637902,393,173,640,480,5,0,81,197,79
8,green,1788789464,627637902,393,173,640,480,-5,1,81,193,90
8,green,1788789464,627637902,393,173,640,480,-4,1,81,197,88
8,green,1788789464,627637902,393,173,640,480,-3,1,81,193,86
8,green,1788789464,627637902,393,173,640,480,-2,1,81,193,86
8,green,1788789464,627637902,393,173,640,480,-1,1,81,194,83
8,green,1788789464,627637902,393,173,640,480,0,1,81,196,82
8,green,1788789464,627637902,393,173,640,480,1,1,81,198,81
8,green,1788789464,627637902,393,173,640,480,2,1,81,201,80
8,green,1788789464,627637902,393,173,640,480,3,1,81,197,79
8,green,1788789464,627637902,393,173,640,480,4,1,81,199,78
8,green,1788789464,627637902,393,173,640,480,5,1,81,199,78
8,green,1788789464,627637902,393,173,640,480,-5,2,81,195,90
8,green,1788789464,627637902,393,173,640,480,-4,2,81,198,89
8,green,1788789464,627637902,393,173,640,480,-3,2,81,197,88
8,green,1788789464,627637902,393,173,640,480,-2,2,81,191,87
8,green,1788789464,627637902,393,173,640,480,-1,2,81,195,85
8,green,1788789464,627637902,393,173,640,480,0,2,81,194,83
8,green,1788789464,627637902,393,173,640,480,1,2,81,194,83
8,green,1788789464,627637902,393,173,640,480,2,2,81,196,82
8,green,1788789464,627637902,393,173,640,480,3,2,81,194,80
8,green,1788789464,627637902,393,173,640,480,4,2,81,194,80
8,green,1788789464,627637902,393,173,640,480,5,2,81,197,79
8,green,1788789464,627637902,393,173,640,480,-5,3,81,204,90
8,green,1788789464,627637902,393,173,640,480,-4,3,81,204,90
8,green,1788789464,627637902,393,173,640,480,-3,3,81,207,85
8,green,1788789464,627637902,393,173,640,480,-2,3,81,217,81
8,green,1788789464,627637902,393,173,640,480,-1,3,81,217,80
8,green,1788789464,627637902,393,173,640,480,0,3,81,207,80
8,green,1788789464,627637902,393,173,640,480,1,3,81,202,82
8,green,1788789464,627637902,393,173,640,480,2,3,81,195,85
8,green,1788789464,627637902,393,173,640,480,3,3,81,187,86
8,green,1788789464,627637902,393,173,640,480,4,3,81,194,83
8,green,1788789464,627637902,393,173,640,480,5,3,81,202,77
8,green,1788789464,627637902,393,173,640,480,-5,4,81,205,92
8,green,1788789464,627637902,393,173,640,480,-4,4,81,207,91
8,green,1788789464,627637902,393,173,640,480,-3,4,81,209,88
8,green,1788789464,627637902,393,173,640,480,-2,4,81,213,86
8,green,1788789464,627637902,393,173,640,480,-1,4,81,209,83
8,green,1788789464,627637902,393,173,640,480,0,4,81,209,83
8,green,1788789464,627637902,393,173,640,480,1,4,81,197,84
8,green,1788789464,627637902,393,173,640,480,2,4,81,193,86
8,green,1788789464,627637902,393,173,640,480,3,4,81,187,86
8,green,1788789464,627637902,393,173,640,480,4,4,81,191,84
8,green,1788789464,627637902,393,173,640,480,5,4,81,202,77
8,green,1788789464,627637902,393,173,640,480,-5,5,81,210,90
8,green,1788789464,627637902,393,173,640,480,-4,5,81,212,89
8,green,1788789464,627637902,393,173,640,480,-3,5,81,206,89
8,green,1788789464,627637902,393,173,640,480,-2,5,81,204,90
8,green,1788789464,627637902,393,173,640,480,-1,5,81,209,83
8,green,1788789464,627637902,393,173,640,480,0,5,81,209,83
8,green,1788789464,627637902,393,173,640,480,1,5,81,200,83
8,green,1788789464,627637902,393,173,640,480,2,5,81,193,86
8,green,1788789464,627637902,393,173,640,480,3,5,81,185,87
8,green,1788789464,627637902,393,173,640,480,4,5,81,185,87
8,green,1788789464,627637902,393,173,640,480,5,5,81,190,82
9,green,1788789465,127558067,388,231,640,480,-5,-5,82,189,93
9,green,1788789465,127558067,388,231,640,480,-4,-5,81,200,88
9,green,1788789465,127558067,388,231,640,480,-3,-5,80,201,89
9,green,1788789465,127558067,388,231,640,480,-2,-5,80,197,88
9,green,1788789465,127558067,388,231,640,480,-1,-5,80,197,88
9,green,1788789465,127558067,388,231,640,480,0,-5,80,188,88
9,green,1788789465,127558067,388,231,640,480,1,-5,80,186,89
9,green,1788789465,127558067,388,231,640,480,2,-5,80,181,89
9,green,1788789465,127558067,388,231,640,480,3,-5,80,177,91
9,green,1788789465,127558067,388,231,640,480,4,-5,80,176,90
9,green,1788789465,127558067,388,231,640,480,5,-5,80,179,84
9,green,1788789465,127558067,388,231,640,480,-5,-4,82,191,92
9,green,1788789465,127558067,388,231,640,480,-4,-4,81,202,87
9,green,1788789465,127558067,388,231,640,480,-3,-4,80,201,89
9,green,1788789465,127558067,388,231,640,480,-2,-4,80,195,89
9,green,1788789465,127558067,388,231,640,480,-1,-4,80,197,88
9,green,1788789465,127558067,388,231,640,480,0,-4,80,191,87
9,green,1788789465,127558067,388,231,640,480,1,-4,80,191,87
9,green,1788789465,127558067,388,231,640,480,2,-4,80,181,89
9,green,1788789465,127558067,388,231,640,480,3,-4,80,174,91
9,green,1788789465,127558067,388,231,640,480,4,-4,80,171,88
9,green,1788789465,127558067,388,231,640,480,5,-4,80,175,86
9,green,1788789465,127558067,388,231,640,480,-5,-3,82,193,91
9,green,1788789465,127558067,388,231,640,480,-4,-3,81,202,86
9,green,1788789465,127558067,388,231,640,480,-3,-3,80,197,88
9,green,1788789465,127558067,388,231,640,480,-2,-3,80,195,89
9,green,1788789465,127558067,388,231,640,480,-1,-3,80,197,88
9,green,1788789465,127558067,388,231,640,480,0,-3,80,195,85
9,green,1788789465,127558067,388,231,640,480,1,-3,80,195,85
9,green,1788789465,127558067,388,231,640,480,2,-3,80,185,87
9,green,1788789465,127558067,388,231,640,480,3,-3,80,176,90
9,green,1788789465,127558067,388,231,640,480,4,-3,80,177,85
9,green,1788789465,127558067,388,231,640,480,5,-3,80,173,87
9,green,1788789465,127558067,388,231,640,480,-5,-2,82,195,90
9,green,1788789465,127558067,388,231,640,480,-4,-2,81,202,86
9,green,1788789465,127558067,388,231,640,480,-3,-2,80,195,89
9,green,1788789465,127558067,388,231,640,480,-2,-2,80,191,91
9,green,1788789465,127558067,388,231,640,480,-1,-2,80,195,89
9,green,1788789465,127558067,388,231,640,480,0,-2,80,197,84
9,green,1788789465,127558067,388,231,640,480,1,-2,80,196,82
9,green,1788789465,127558067,388,231,640,480,2,-2,80,184,86
9,green,1788789465,127558067,388,231,640,480,3,-2,80,176,90
9,green,1788789465,127558067,388,231,640,480,4,-2,80,181,83
9,green,1788789465,127558067,388,231,640,480,5,-2,80,169,86
9,green,1788789465,127558067,388,231,640,480,-5,-1,82,194,88
9,green,1788789465,127558067,388,231,640,480,-4,-1,81,199,87
9,green,1788789465,127558067,388,231,640,480,-3,-1,80,191,91
9,green,1788789465,127558067,388,231,640,480,-2,-1,80,180,92
9,green,1788789465,127558067,388,231,640,480,-1,-1,80,184,90
9,green,1788789465,127558067,388,231,640,480,0,-1,80,191,84
9,green,1788789465,127558067,388,231,640,480,1,-1,80,194,83
9,green,1788789465,127558067,388,231,640,480,2,-1,80,182,87
9,green,1788789465,127558067,388,231,640,480,3,-1,80,174,91
9,green,1788789465,127558067,388,231,640,480,4,-1,80,177,85
9,green,1788789465,127558067,388,231,640,480,5,-1,80,165,88
9,green,1788789465,127558067,388,231,640,480,-5,0,82,196,87
9,green,1788789465,127558067,388,231,640,480,-4,0,81,195,89
9,green,1788789465,127558067,388,231,640,480,-3,0,80,186,93
9,green,1788789465,127558067,388,231,640,480,-2,0,80,176,94
9,green,1788789465,127558067,388,231,640,480,-1,0,80,182,91
9,green,1788789465,127558067,388,231,640,480,0,0,80,189,85
9,green,1788789465,127558067,388,231,640,480,1,0,80,191,84
9,green,1788789465,127558067,388,231,640,480,2,0,80,180,88
9,green,1788789465,127558067,388,231,640,480,3,0,80,164,92
9,green,1788789465,127558067,388,231,640,480,4,0,80,169,86
9,green,1788789465,127558067,388,231,640,480,5,0,80,163,89
9,green,1788789465,127558067,388,231,640,480,-5,1,82,174,94
9,green,1788789465,127558067,388,231,640,480,-4,1,81,195,85
9,green,1788789465,127558067,388,231,640,480,-3,1,80,188,88
9,green,1788789465,127558067,388,231,640,480,-2,1,80,181,89
9,green,1788789465,127558067,388,231,640,480,-1,1,80,181,89
9,green,1788789465,127558067,388,231,640,480,0,1,80,182,87
9,green,1788789465,127558067,388,231,640,480,1,1,80,186,85
9,green,1788789465,127558067,388,231,640,480,2,1,80,179,84
9,green,1788789465,127558067,388,231,640,480,3,1,80,179,84
9,green,1788789465,127558067,388,231,640,480,4,1,80,169,86
9,green,1788789465,127558067,388,231,640,480,5,1,80,161,87
9,green,1788789465,127558067,388,231,640,480,-5,2,82,175,93
9,green,1788789465,127558067,388,231,640,480,-4,2,81,193,86
9,green,1788789465,127558067,388,231,640,480,-3,2,80,188,88
9,green,1788789465,127558067,388,231,640,480,-2,2,80,178,90
9,green,1788789465,127558067,388,231,640,480,-1,2,80,178,90
9,green,1788789465,127558067,388,231,640,480,0,2,80,182,87
9,green,1788789465,127558067,388,231,640,480,1,2,80,186,85
9,green,1788789465,127558067,388,231,640,480,2,2,80,179,84
9,green,1788789465,127558067,388,231,640,480,3,2,80,173,84
9,green,1788789465,127558067,388,231,640,480,4,2,80,163,86
9,green,1788789465,127558067,388,231,640,480,5,2,80,161,87
9,green,1788789465,127558067,388,231,640,480,-5,3,82,175,93
9,green,1788789465,127558067,388,231,640,480,-4,3,81,185,87
9,green,1788789465,127558067,388,231,640,480,-3,3,80,181,89
9,green,1788789465,127558067,388,231,640,480,-2,3,80,177,91
9,green,1788789465,127558067,388,231,640,480,-1,3,80,178,90
9,green,1788789465,127558067,388,231,640,480,0,3,80,182,87
9,green,1788789465,127558067,388,231,640,480,1,3,80,186,85
9,green,1788789465,127558067,388,231,640,480,2,3,80,177,85
9,green,1788789465,127558067,388,231,640,480,3,3,80,171,85
9,green,1788789465,127558067,388,231,640,480,4,3,80,163,86
9,green,1788789465,127558067,388,231,640,480,5,3,80,161,87
9,green,1788789465,127558067,388,231,640,480,-5,4,82,177,92
9,green,1788789465,127558067,388,231,640,480,-4,4,81,181,89
9,green,1788789465,127558067,388,231,640,480,-3,4,80,178,90
9,green,1788789465,127558067,388,231,640,480,-2,4,80,175,92
9,green,1788789465,127558067,388,231,640,480,-1,4,80,178,90
9,green,1788789465,127558067,388,231,640,480,0,4,80,180,88
9,green,1788789465,127558067,388,231,640,480,1,4,80,177,85
9,green,1788789465,127558067,388,231,640,480,2,4,80,173,84
9,green,1788789465,127558067,388,231,640,480,3,4,80,169,86
9,green,1788789465,127558067,388,231,640,480,4,4,80,163,86
9,green,1788789465,127558067,388,231,640,480,5,4,80,159,85
9,green,1788789465,127558067,388,231,640,480,-5,5,82,173,93
9,green,1788789465,127558067,388,231,640,480,-4,5,81,177,91
9,green,1788789465,127558067,388,231,640,480,-3,5,80,175,92
9,green,1788789465,127558067,388,231,640,480,-2,5,80,170,93
9,green,1788789465,127558067,388,231,640,480,-1,5,80,174,91
9,green,1788789465,127558067,388,231,640,480,0,5,80,173,87
9,green,1788789465,127558067,388,231,640,480,1,5,80,177,85
9,green,1788789465,127558067,388,231,640,480,2,5,80,171,85
9,green,1788789465,127558067,388,231,640,480,3,5,80,167,87
9,green,1788789465,127558067,388,231,640,480,4,5,80,163,86
9,green,1788789465,127558067,388,231,640,480,5,5,80,161,84
10,green,1788789465,747124225,385,284,640,480,-5,-5,80,174,91
10,green,1788789465,747124225,385,284,640,480,-4,-5,80,180,88
10,green,1788789465,747124225,385,284,640,480,-3,-5,80,173,87
10,green,1788789465,747124225,385,284,640,480,-2,-5,80,171,88
10,green,1788789465,747124225,385,284,640,480,-1,-5,80,165,91
10,green,1788789465,747124225,385,284,640,480,0,-5,80,175,86
10,green,1788789465,747124225,385,284,640,480,1,-5,80,181,83
10,green,1788789465,747124225,385,284,640,480,2,-5,80,179,84
10,green,1788789465,747124225,385,284,640,480,3,-5,80,165,88
10,green,1788789465,747124225,385,284,640,480,4,-5,80,161,90
10,green,1788789465,747124225,385,284,640,480,5,-5,80,169,86
10,green,1788789465,747124225,385,284,640,480,-5,-4,80,167,90
10,green,1788789465,747124225,385,284,640,480,-4,-4,80,175,86
10,green,1788789465,747124225,385,284,640,480,-3,-4,80,177,85
10,green,1788789465,747124225,385,284,640,480,-2,-4,80,175,86
10,green,1788789465,747124225,385,284,640,480,-1,-4,80,173,87
10,green,1788789465,747124225,385,284,640,480,0,-4,80,173,87
10,green,1788789465,747124225,385,284,640,480,1,-4,80,171,88
10,green,1788789465,747124225,385,284,640,480,2,-4,80,171,88
10,green,1788789465,747124225,385,284,640,480,3,-4,80,167,87
10,green,1788789465,747124225,385,284,640,480,4,-4,80,167,87
10,green,1788789465,747124225,385,284,640,480,5,-4,80,167,87
10,green,1788789465,747124225,385,284,640,480,-5,-3,80,165,91
10,green,1788789465,747124225,385,284,640,480,-4,-3,80,171,88
10,green,1788789465,747124225,385,284,640,480,-3,-3,80,171,88
10,green,1788789465,747124225,385,284,640,480,-2,-3,80,169,89
10,green,1788789465,747124225,385,284,640,480,-1,-3,80,173,87
10,green,1788789465,747124225,385,284,640,480,0,-3,80,173,87
10,green,1788789465,747124225,385,284,640,480,1,-3,80,173,87
10,green,1788789465,747124225,385,284,640,480,2,-3,80,173,87
10,green,1788789465,747124225,385,284,640,480,3,-3,80,169,86
10,green,1788789465,747124225,385,284,640,480,4,-3,80,171,85
10,green,1788789465,747124225,385,284,640,480,5,-3,80,171,85
10,green,1788789465,747124225,385,284,640,480,-5,-2,80,161,90
10,green,1788789465,747124225,385,284,640,480,-4,-2,80,163,89
10,green,1788789465,747124225,385,284,640,480,-3,-2,80,161,90
10,green,1788789465,747124225,385,284,640,480,-2,-2,80,160,91
10,green,1788789465,747124225,385,284,640,480,-1,-2,80,171,88
10,green,1788789465,747124225,385,284,640,480,0,-2,80,171,88
10,green,1788789465,747124225,385,284,640,480,1,-2,80,173,87
10,green,1788789465,747124225,385,284,640,480,2,-2,80,175,86
10,green,1788789465,747124225,385,284,640,480,3,-2,80,171,85
10,green,1788789465,747124225,385,284,640,480,4,-2,80,173,84
10,green,1788789465,747124225,385,284,640,480,5,-2,80,175,83
10,green,1788789465,747124225,385,284,640,480,-5,-1,80,160,91
10,green,1788789465,747124225,385,284,640,480,-4,-1,80,160,91
10,green,1788789465,747124225,385,284,640,480,-3,-1,80,158,92
10,green,1788789465,747124225,385,284,640,480,-2,-1,80,158,92
10,green,1788789465,747124225,385,284,640,480,-1,-1,80,167,90
10,green,1788789465,747124225,385,284,640,480,0,-1,80,167,90
10,green,1788789465,747124225,385,284,640,480,1,-1,80,169,89
10,green,1788789465,747124225,385,284,640,480,2,-1,80,171,88
10,green,1788789465,747124225,385,284,640,480,3,-1,80,171,85
10,green,1788789465,747124225,385,284,640,480,4,-1,80,173,84
10,green,1788789465,747124225,385,284,640,480,5,-1,80,175,83
10,green,1788789465,747124225,385,284,640,480,-5,0,80,158,92
10,green,1788789465,747124225,385,284,640,480,-4,0,80,158,92
10,green,1788789465,747124225,385,284,640,480,-3,0,80,152,92
10,green,1788789465,747124225,385,284,640,480,-2,0,80,160,91
10,green,1788789465,747124225,385,284,640,480,-1,0,80,164,92
10,green,1788789465,747124225,385,284,640,480,0,0,80,164,92
10,green,1788789465,747124225,385,284,640,480,1,0,80,165,91
10,green,1788789465,747124225,385,284,640,480,2,0,80,167,90
10,green,1788789465,747124225,385,284,640,480,3,0,80,167,87
10,green,1788789465,747124225,385,284,640,480,4,0,80,169,86
10,green,1788789465,747124225,385,284,640,480,5,0,80,171,85
10,green,1788789465,747124225,385,284,640,480,-5,1,80,155,94
10,green,1788789465,747124225,385,284,640,480,-4,1,80,156,93
10,green,1788789465,747124225,385,284,640,480,-3,1,80,158,89
10,green,1788789465,747124225,385,284,640,480,-2,1,80,169,86
10,green,1788789465,747124225,385,284,640,480,-1,1,80,160,91
10,green,1788789465,747124225,385,284,640,480,0,1,80,164,92
10,green,1788789465,747124225,385,284,640,480,1,1,80,165,91
10,green,1788789465,747124225,385,284,640,480,2,1,80,167,90
10,green,1788789465,747124225,385,284,640,480,3,1,80,163,89
10,green,1788789465,747124225,385,284,640,480,4,1,80,165,88
10,green,1788789465,747124225,385,284,640,480,5,1,80,167,87
10,green,1788789465,747124225,385,284,640,480,-5,2,80,148,95
10,green,1788789465,747124225,385,284,640,480,-4,2,80,152,92
10,green,1788789465,747124225,385,284,640,480,-3,2,80,163,86
10,green,1788789465,747124225,385,284,640,480,-2,2,80,179,81
10,green,1788789465,747124225,385,284,640,480,-1,2,80,163,89
10,green,1788789465,747124225,385,284,640,480,0,2,80,167,90
10,green,1788789465,747124225,385,284,640,480,1,2,80,167,90
10,green,1788789465,747124225,385,284,640,480,2,2,80,169,89
10,green,1788789465,747124225,385,284,640,480,3,2,80,165,88
10,green,1788789465,747124225,385,284,640,480,4,2,80,165,88
10,green,1788789465,747124225,385,284,640,480,5,2,80,165,88
10,green,1788789465,747124225,385,284,640,480,-5,3,80,146,96
10,green,1788789465,747124225,385,284,640,480,-4,3,80,152,92
10,green,1788789465,747124225,385,284,640,480,-3,3,80,167,84
10,green,1788789465,747124225,385,284,640,480,-2,3,80,189,77
10,green,1788789465,747124225,385,284,640,480,-1,3,80,169,86
10,green,1788789465,747124225,385,284,640,480,0,3,80,167,87
10,green,1788789465,747124225,385,284,640,480,1,3,80,167,87
10,green,1788789465,747124225,385,284,640,480,2,3,80,167,87
10,green,1788789465,747124225,385,284,640,480,3,3,80,167,87
10,green,1788789465,747124225,385,284,640,480,4,3,80,161,87
10,green,1788789465,747124225,385,284,640,480,5,3,80,159,88
10,green,1788789465,747124225,385,284,640,480,-5,4,80,158,92
10,green,1788789465,747124225,385,284,640,480,-4,4,80,161,90
10,green,1788789465,747124225,385,284,640,480,-3,4,80,165,88
10,green,1788789465,747124225,385,284,640,480,-2,4,80,169,86
10,green,1788789465,747124225,385,284,640,480,-1,4,79,166,89
10,green,1788789465,747124225,385,284,640,480,0,4,79,167,84
10,green,1788789465,747124225,385,284,640,480,1,4,79,171,82
10,green,1788789465,747124225,385,284,640,480,2,4,79,165,85
10,green,1788789465,747124225,385,284,640,480,3,4,79,154,91
10,green,1788789465,747124225,385,284,640,480,4,4,79,147,92
10,green,1788789465,747124225,385,284,640,480,5,4,79,154,88
10,green,1788789465,747124225,385,284,640,480,-5,5,80,160,91
10,green,1788789465,747124225,385,284,640,480,-4,5,80,163,89
10,green,1788789465,747124225,385,284,640,480,-3,5,80,167,87
10,green,1788789465,747124225,385,284,640,480,-2,5,80,169,86
10,green,1788789465,747124225,385,284,640,480,-1,5,79,158,89
10,green,1788789465,747124225,385,284,640,480,0,5,79,165,85
10,green,1788789465,747124225,385,284,640,480,1,5,79,167,81
10,green,1788789465,747124225,385,284,640,480,2,5,79,163,83
10,green,1788789465,747124225,385,284,640,480,3,5,79,154,88
10,green,1788789465,747124225,385,284,640,480,4,5,79,150,90
10,green,1788789465,747124225,385,284,640,480,5,5,79,149,87
11,green,1788789466,247493263,383,363,640,480,-5,-5,79,162,93
11,green,1788789466,247493263,383,363,640,480,-4,-5,79,158,95
11,green,1788789466,247493263,383,363,640,480,-3,-5,79,157,94
11,green,1788789466,247493263,383,363,640,480,-2,-5,79,159,93
11,green,1788789466,247493263,383,363,640,480,-1,-5,79,163,91
11,green,1788789466,247493263,383,363,640,480,0,-5,79,166,89
11,green,1788789466,247493263,383,363,640,480,1,-5,77,156,90
11,green,1788789466,247493263,383,363,640,480,2,-5,77,156,90
11,green,1788789466,247493263,383,363,640,480,3,-5,77,155,89
11,green,1788789466,247493263,383,363,640,480,4,-5,77,156,88
11,green,1788789466,247493263,383,363,640,480,5,-5,77,158,87
11,green,1788789466,247493263,383,363,640,480,-5,-4,79,162,93
11,green,1788789466,247493263,383,363,640,480,-4,-4,79,160,94
11,green,1788789466,247493263,383,363,640,480,-3,-4,79,156,95
11,green,1788789466,247493263,383,363,640,480,-2,-4,79,159,93
11,green,1788789466,247493263,383,363,640,480,-1,-4,79,163,91
11,green,1788789466,247493263,383,363,640,480,0,-4,79,164,90
11,green,1788789466,247493263,383,363,640,480,1,-4,77,158,89
11,green,1788789466,247493263,383,363,640,480,2,-4,77,158,89
11,green,1788789466,247493263,383,363,640,480,3,-4,77,156,88
11,green,1788789466,247493263,383,363,640,480,4,-4,77,158,87
11,green,1788789466,247493263,383,363,640,480,5,-4,77,160,86
11,green,1788789466,247493263,383,363,640,480,-5,-3,79,169,89
11,green,1788789466,247493263,383,363,640,480,-4,-3,79,164,92
11,green,1788789466,247493263,383,363,640,480,-3,-3,79,161,92
11,green,1788789466,247493263,383,363,640,480,-2,-3,79,166,89
11,green,1788789466,247493263,383,363,640,480,-1,-3,79,168,88
11,green,1788789466,247493263,383,363,640,480,0,-3,79,161,92
11,green,1788789466,247493263,383,363,640,480,1,-3,77,152,92
11,green,1788789466,247493263,383,363,640,480,2,-3,77,158,89
11,green,1788789466,247493263,383,363,640,480,3,-3,77,158,87
11,green,1788789466,247493263,383,363,640,480,4,-3,77,158,87
11,green,1788789466,247493263,383,363,640,480,5,-3,77,156,88
11,green,1788789466,247493263,383,363,640,480,-5,-2,79,169,89
11,green,1788789466,247493263,383,363,640,480,-4,-2,79,162,93
11,green,1788789466,247493263,383,363,640,480,-3,-2,79,161,92
11,green,1788789466,247493263,383,363,640,480,-2,-2,79,166,89
11,green,1788789466,247493263,383,363,640,480,-1,-2,79,166,89
11,green,1788789466,247493263,383,363,640,480,0,-2,79,161,92
11,green,1788789466,247493263,383,363,640,480,1,-2,77,152,92
11,green,1788789466,247493263,383,363,640,480,2,-2,77,158,89
11,green,1788789466,247493263,383,363,640,480,3,-2,77,158,87
11,green,1788789466,247493263,383,363,640,480,4,-2,77,158,87
11,green,1788789466,247493263,383,363,640,480,5,-2,77,156,88
11,green,1788789466,247493263,383,363,640,480,-5,-1,79,169,89
11,green,1788789466,247493263,383,363,640,480,-4,-1,79,162,93
11,green,1788789466,247493263,383,363,640,480,-3,-1,79,159,93
11,green,1788789466,247493263,383,363,640,480,-2,-1,79,166,89
11,green,1788789466,247493263,383,363,640,480,-1,-1,79,164,90
11,green,1788789466,247493263,383,363,640,480,0,-1,79,159,93
11,green,1788789466,247493263,383,363,640,480,1,-1,77,152,92
11,green,1788789466,247493263,383,363,640,480,2,-1,77,158,89
11,green,1788789466,247493263,383,363,640,480,3,-1,77,158,87
11,green,1788789466,247493263,383,363,640,480,4,-1,77,158,87
11,green,1788789466,247493263,383,363,640,480,5,-1,77,156,88
11,green,1788789466,247493263,383,363,640,480,-5,0,79,169,89
11,green,1788789466,247493263,383,363,640,480,-4,0,79,162,93
11,green,1788789466,247493263,383,363,640,480,-3,0,79,159,93
11,green,1788789466,247493263,383,363,640,480,-2,0,79,164,90
11,green,1788789466,247493263,383,363,640,480,-1,0,79,164,90
11,green,1788789466,247493263,383,363,640,480,0,0,79,157,94
11,green,1788789466,247493263,383,363,640,480,1,0,77,152,92
11,green,1788789466,247493263,383,363,640,480,2,0,77,158,89
11,green,1788789466,247493263,383,363,640,480,3,0,77,158,87
11,green,1788789466,247493263,383,363,640,480,4,0,77,158,87
11,green,1788789466,247493263,383,363,640,480,5,0,77,156,88
11,green,1788789466,247493263,383,363,640,480,-5,1,79,169,89
11,green,1788789466,247493263,383,363,640,480,-4,1,79,162,93
11,green,1788789466,247493263,383,363,640,480,-3,1,79,157,94
11,green,1788789466,247493263,383,363,640,480,-2,1,79,163,91
11,green,1788789466,247493263,383,363,640,480,-1,1,79,161,92
11,green,1788789466,247493263,383,363,640,480,0,1,79,156,95
11,green,1788789466,247493263,383,363,640,480,1,1,77,152,92
11,green,1788789466,247493263,383,363,640,480,2,1,77,158,89
11,green,1788789466,247493263,383,363,640,480,3,1,77,158,87
11,green,1788789466,247493263,383,363,640,480,4,1,77,158,87
11,green,1788789466,247493263,383,363,640,480,5,1,77,156,88
11,green,1788789466,247493263,383,363,640,480,-5,2,79,169,89
11,green,1788789466,247493263,383,363,640,480,-4,2,79,160,94
11,green,1788789466,247493263,383,363,640,480,-3,2,79,156,95
11,green,1788789466,247493263,383,363,640,480,-2,2,79,161,92
11,green,1788789466,247493263,383,363,640,480,-1,2,79,159,93
11,green,1788789466,247493263,383,363,640,480,0,2,79,154,96
11,green,1788789466,247493263,383,363,640,480,1,2,77,152,92
11,green,1788789466,247493263,383,363,640,480,2,2,77,158,89
11,green,1788789466,247493263,383,363,640,480,3,2,77,158,87
11,green,1788789466,247493263,383,363,640,480,4,2,77,158,87
11,green,1788789466,247493263,383,363,640,480,5,2,77,156,88
11,green,1788789466,247493263,383,363,640,480,-5,3,79,167,90
11,green,1788789466,247493263,383,363,640,480,-4,3,79,160,94
11,green,1788789466,247493263,383,363,640,480,-3,3,79,156,95
11,green,1788789466,247493263,383,363,640,480,-2,3,79,159,93
11,green,1788789466,247493263,383,363,640,480,-1,3,79,159,93
11,green,1788789466,247493263,383,363,640,480,0,3,79,152,97
11,green,1788789466,247493263,383,363,640,480,1,3,77,152,92
11,green,1788789466,247493263,383,363,640,480,2,3,77,158,89
11,green,1788789466,247493263,383,363,640,480,3,3,77,158,87
11,green,1788789466,247493263,383,363,640,480,4,3,77,158,87
11,green,1788789466,247493263,383,363,640,480,5,3,77,156,88
11,green,1788789466,247493263,383,363,640,480,-5,4,79,164,90
11,green,1788789466,247493263,383,363,640,480,-4,4,79,157,94
11,green,1788789466,247493263,383,363,640,480,-3,4,79,156,95
11,green,1788789466,247493263,383,363,640,480,-2,4,79,159,93
11,green,1788789466,247493263,383,363,640,480,-1,4,79,157,94
11,green,1788789466,247493263,383,363,640,480,0,4,79,145,97
11,green,1788789466,247493263,383,363,640,480,1,4,77,152,92
11,green,1788789466,247493263,383,363,640,480,2,4,77,155,89
11,green,1788789466,247493263,383,363,640,480,3,4,77,158,87
11,green,1788789466,247493263,383,363,640,480,4,4,77,158,87
11,green,1788789466,247493263,383,363,640,480,5,4,77,152,87
11,green,1788789466,247493263,383,363,640,480,-5,5,79,156,90
11,green,1788789466,247493263,383,363,640,480,-4,5,79,154,91
11,green,1788789466,247493263,383,363,640,480,-3,5,79,151,93
11,green,1788789466,247493263,383,363,640,480,-2,5,79,149,94
11,green,1788789466,247493263,383,363,640,480,-1,5,79,151,93
11,green,1788789466,247493263,383,363,640,480,0,5,79,152,92
11,green,1788789466,247493263,383,363,640,480,1,5,77,158,87
11,green,1788789466,247493263,383,363,640,480,2,5,77,154,86
11,green,1788789466,247493263,383,363,640,480,3,5,77,152,87
11,green,1788789466,247493263,383,363,640,480,4,5,77,151,88
11,green,1788789466,247493263,383,363,640,480,5,5,77,144,87
12,green,1788789466,627848476,383,424,640,480,-5,-5,79,157,96
12,green,1788789466,627848476,383,424,640,480,-4,-5,79,157,96
12,green,1788789466,627848476,383,424,640,480,-3,-5,79,157,94
12,green,1788789466,627848476,383,424,640,480,-2,-5,79,163,91
12,green,1788789466,627848476,383,424,640,480,-1,-5,79,172,86
12,green,1788789466,627848476,383,424,640,480,0,-5,79,178,83
12,green,1788789466,627848476,383,424,640,480,1,-5,78,172,86
12,green,1788789466,627848476,383,424,640,480,2,-5,78,172,86
12,green,1788789466,627848476,383,424,640,480,3,-5,78,174,85
12,green,1788789466,627848476,383,424,640,480,4,-5,78,174,85
12,green,1788789466,627848476,383,424,640,480,5,-5,77,169,83
12,green,1788789466,627848476,383,424,640,480,-5,-4,79,157,96
12,green,1788789466,627848476,383,424,640,480,-4,-4,79,155,97
12,green,1788789466,627848476,383,424,640,480,-3,-4,79,156,95
12,green,1788789466,627848476,383,424,640,480,-2,-4,79,163,91
12,green,1788789466,627848476,383,424,640,480,-1,-4,79,170,87
12,green,1788789466,627848476,383,424,640,480,0,-4,79,178,83
12,green,1788789466,627848476,383,424,640,480,1,-4,78,178,83
12,green,1788789466,627848476,383,424,640,480,2,-4,78,180,82
12,green,1788789466,627848476,383,424,640,480,3,-4,78,180,82
12,green,1788789466,627848476,383,424,640,480,4,-4,78,180,82
12,green,1788789466,627848476,383,424,640,480,5,-4,77,171,82
12,green,1788789466,627848476,383,424,640,480,-5,-3,79,155,97
12,green,1788789466,627848476,383,424,640,480,-4,-3,79,154,98
12,green,1788789466,627848476,383,424,640,480,-3,-3,79,152,97
12,green,1788789466,627848476,383,424,640,480,-2,-3,79,157,94
12,green,1788789466,627848476,383,424,640,480,-1,-3,79,164,90
12,green,1788789466,627848476,383,424,640,480,0,-3,79,168,88
12,green,1788789466,627848476,383,424,640,480,1,-3,78,176,84
12,green,1788789466,627848476,383,424,640,480,2,-3,78,180,82
12,green,1788789466,627848476,383,424,640,480,3,-3,78,185,80
12,green,1788789466,627848476,383,424,640,480,4,-3,78,183,81
12,green,1788789466,627848476,383,424,640,480,5,-3,77,171,82
12,green,1788789466,627848476,383,424,640,480,-5,-2,79,160,94
12,green,1788789466,627848476,383,424,640,480,-4,-2,79,158,95
12,green,1788789466,627848476,383,424,640,480,-3,-2,79,156,95
12,green,1788789466,627848476,383,424,640,480,-2,-2,79,157,94
12,green,1788789466,627848476,383,424,640,480,-1,-2,79,163,91
12,green,1788789466,627848476,383,424,640,480,0,-2,79,164,90
12,green,1788789466,627848476,383,424,640,480,1,-2,78,170,87
12,green,1788789466,627848476,383,424,640,480,2,-2,78,176,84
12,green,1788789466,627848476,383,424,640,480,3,-2,78,180,82
12,green,1788789466,627848476,383,424,640,480,4,-2,78,180,82
12,green,1788789466,627848476,383,424,640,480,5,-2,77,167,84
12,green,1788789466,627848476,383,424,640,480,-5,-1,79,169,89
12,green,1788789466,627848476,383,424,640,480,-4,-1,79,167,90
12,green,1788789466,627848476,383,424,640,480,-3,-1,79,163,91
12,green,1788789466,627848476,383,424,640,480,-2,-1,79,164,90
12,green,1788789466,627848476,383,424,640,480,-1,-1,79,166,89
12,green,1788789466,627848476,383,424,640,480,0,-1,79,166,89
12,green,1788789466,627848476,383,424,640,480,1,-1,78,164,90
12,green,1788789466,627848476,383,424,640,480,2,-1,78,172,86
12,green,1788789466,627848476,383,424,640,480,3,-1,78,176,84
12,green,1788789466,627848476,383,424,640,480,4,-1,78,176,84
12,green,1788789466,627848476,383,424,640,480,5,-1,77,163,86
12,green,1788789466,627848476,383,424,640,480,-5,0,79,165,91
12,green,1788789466,627848476,383,424,640,480,-4,0,79,158,95
12,green,1788789466,627848476,383,424,640,480,-3,0,79,154,96
12,green,1788789466,627848476,383,424,640,480,-2,0,79,157,94
12,green,1788789466,627848476,383,424,640,480,-1,0,79,163,91
12,green,1788789466,627848476,383,424,640,480,0,0,79,166,89
12,green,1788789466,627848476,383,424,640,480,1,0,78,166,89
12,green,1788789466,627848476,383,424,640,480,2,0,78,170,87
12,green,1788789466,627848476,383,424,640,480,3,0,78,172,86
12,green,1788789466,627848476,383,424,640,480,4,0,78,176,84
12,green,1788789466,627848476,383,424,640,480,5,0,77,169,83
12,green,1788789466,627848476,383,424,640,480,-5,1,79,165,91
12,green,1788789466,627848476,383,424,640,480,-4,1,79,160,94
12,green,1788789466,627848476,383,424,640,480,-3,1,79,157,94
12,green,1788789466,627848476,383,424,640,480,-2,1,79,161,92
12,green,1788789466,627848476,383,424,640,480,-1,1,79,164,90
12,green,1788789466,627848476,383,424,640,480,0,1,79,168,88
12,green,1788789466,627848476,383,424,640,480,1,1,78,166,89
12,green,1788789466,627848476,383,424,640,480,2,1,78,168,88
12,green,1788789466,627848476,383,424,640,480,3,1,78,172,86
12,green,1788789466,627848476,383,424,640,480,4,1,78,174,85
12,green,1788789466,627848476,383,424,640,480,5,1,77,169,83
12,green,1788789466,627848476,383,424,640,480,-5,2,79,164,92
12,green,1788789466,627848476,383,424,640,480,-4,2,79,164,92
12,green,1788789466,627848476,383,424,640,480,-3,2,79,163,91
12,green,1788789466,627848476,383,424,640,480,-2,2,79,164,90
12,green,1788789466,627848476,383,424,640,480,-1,2,79,166,89
12,green,1788789466,627848476,383,424,640,480,0,2,79,168,88
12,green,1788789466,627848476,383,424,640,480,1,2,78,166,89
12,green,1788789466,627848476,383,424,640,480,2,2,78,168,88
12,green,1788789466,627848476,383,424,640,480,3,2,78,170,87
12,green,1788789466,627848476,383,424,640,480,4,2,78,172,86
12,green,1788789466,627848476,383,424,640,480,5,2,77,167,84
12,green,1788789466,627848476,383,424,640,480,-5,3,79,167,90
12,green,1788789466,627848476,383,424,640,480,-4,3,79,167,90
12,green,1788789466,627848476,383,424,640,480,-3,3,79,164,90
12,green,1788789466,627848476,383,424,640,480,-2,3,79,164,90
12,green,1788789466,627848476,383,424,640,480,-1,3,79,163,91
12,green,1788789466,627848476,383,424,640,480,0,3,79,163,91
12,green,1788789466,627848476,383,424,640,480,1,3,78,166,89
12,green,1788789466,627848476,383,424,640,480,2,3,78,166,89
12,green,1788789466,627848476,383,424,640,480,3,3,78,168,88
12,green,1788789466,627848476,383,424,640,480,4,3,78,170,87
12,green,1788789466,627848476,383,424,640,480,5,3,77,163,86
12,green,1788789466,627848476,383,424,640,480,-5,4,79,171,88
12,green,1788789466,627848476,383,424,640,480,-4,4,79,171,88
12,green,1788789466,627848476,383,424,640,480,-3,4,79,166,89
12,green,1788789466,627848476,383,424,640,480,-2,4,79,163,91
12,green,1788789466,627848476,383,424,640,480,-1,4,79,159,93
12,green,1788789466,627848476,383,424,640,480,0,4,79,156,95
12,green,1788789466,627848476,383,424,640,480,1,4,78,166,89
12,green,1788789466,627848476,383,424,640,480,2,4,78,166,89
12,green,1788789466,627848476,383,424,640,480,3,4,78,166,89
12,green,1788789466,627848476,383,424,640,480,4,4,78,166,89
12,green,1788789466,627848476,383,424,640,480,5,4,77,159,88
12,green,1788789466,627848476,383,424,640,480,-5,5,79,171,88
12,green,1788789466,627848476,383,424,640,480,-4,5,79,169,89
12,green,1788789466,627848476,383,424,640,480,-3,5,79,164,90
12,green,1788789466,627848476,383,424,640,480,-2,5,79,161,92
12,green,1788789466,627848476,383,424,640,480,-1,5,79,157,94
12,green,1788789466,627848476,383,424,640,480,0,5,79,156,95
12,green,1788789466,627848476,383,424,640,480,1,5,78,164,90
12,green,1788789466,627848476,383,424,640,480,2,5,78,164,90
12,green,1788789466,627848476,383,424,640,480,3,5,78,164,90
12,green,1788789466,627848476,383,424,640,480,4,5,78,163,91
12,green,1788789466,627848476,383,424,640,480,5,5,77,158,89
13,green,1788789467,499316769,383,463,640,480,-5,-5,79,186,89
13,green,1788789467,499316769,383,463,640,480,-4,-5,79,184,90
13,green,1788789467,499316769,383,463,640,480,-3,-5,79,178,93
13,green,1788789467,499316769,383,463,640,480,-2,-5,79,169,98
13,green,1788789467,499316769,383,463,640,480,-1,-5,79,170,96
13,green,1788789467,499316769,383,463,640,480,0,-5,79,176,90
13,green,1788789467,499316769,383,463,640,480,1,-5,78,168,88
13,green,1788789467,499316769,383,463,640,480,2,-5,77,158,89
13,green,1788789467,499316769,383,463,640,480,3,-5,77,151,91
13,green,1788789467,499316769,383,463,640,480,4,-5,77,153,90
13,green,1788789467,499316769,383,463,640,480,5,-5,77,156,88
13,green,1788789467,499316769,383,463,640,480,-5,-4,79,184,90
13,green,1788789467,499316769,383,463,640,480,-4,-4,79,180,92
13,green,1788789467,499316769,383,463,640,480,-3,-4,79,174,95
13,green,1788789467,499316769,383,463,640,480,-2,-4,79,173,96
13,green,1788789467,499316769,383,463,640,480,-1,-4,79,174,94
13,green,1788789467,499316769,383,463,640,480,0,-4,79,176,90
13,green,1788789467,499316769,383,463,640,480,1,-4,78,168,88
13,green,1788789467,499316769,383,463,640,480,2,-4,77,158,89
13,green,1788789467,499316769,383,463,640,480,3,-4,77,153,90
13,green,1788789467,499316769,383,463,640,480,4,-4,77,153,90
13,green,1788789467,499316769,383,463,640,480,5,-4,77,155,89
13,green,1788789467,499316769,383,463,640,480,-5,-3,79,186,93
13,green,1788789467,499316769,383,463,640,480,-4,-3,79,181,96
13,green,1788789467,499316769,383,463,640,480,-3,-3,79,171,97
13,green,1788789467,499316769,383,463,640,480,-2,-3,79,174,95
13,green,1788789467,499316769,383,463,640,480,-1,-3,79,180,92
13,green,1788789467,499316769,383,463,640,480,0,-3,79,181,90
13,green,1788789467,499316769,383,463,640,480,1,-3,78,168,88
13,green,1788789467,499316769,383,463,640,480,2,-3,77,161,87
13,green,1788789467,499316769,383,463,640,480,3,-3,77,156,88
13,green,1788789467,499316769,383,463,640,480,4,-3,77,155,89
13,green,1788789467,499316769,383,463,640,480,5,-3,77,155,89
13,green,1788789467,499316769,383,463,640,480,-5,-2,79,184,94
13,green,1788789467,499316769,383,463,640,480,-4,-2,79,177,98
13,green,1788789467,499316769,383,463,640,480,-3,-2,79,169,98
13,green,1788789467,499316769,383,463,640,480,-2,-2,79,176,94
13,green,1788789467,499316769,383,463,640,480,-1,-2,79,184,90
13,green,1788789467,499316769,383,463,640,480,0,-2,79,181,90
13,green,1788789467,499316769,383,463,640,480,1,-2,78,170,87
13,green,1788789467,499316769,383,463,640,480,2,-2,77,165,85
13,green,1788789467,499316769,383,463,640,480,3,-2,77,162,85
13,green,1788789467,499316769,383,463,640,480,4,-2,77,158,87
13,green,1788789467,499316769,383,463,640,480,5,-2,77,155,89
13,green,1788789467,499316769,383,463,640,480,-5,-1,79,191,91
13,green,1788789467,499316769,383,463,640,480,-4,-1,79,179,97
13,green,1788789467,499316769,383,463,640,480,-3,-1,79,175,99
13,green,1788789467,499316769,383,463,640,480,-2,-1,79,184,94
13,green,1788789467,499316769,383,463,640,480,-1,-1,79,186,89
13,green,1788789467,499316769,383,463,640,480,0,-1,79,179,91
13,green,1788789467,499316769,383,463,640,480,1,-1,78,172,86
13,green,1788789467,499316769,383,463,640,480,2,-1,77,169,83
13,green,1788789467,499316769,383,463,640,480,3,-1,77,166,83
13,green,1788789467,499316769,383,463,640,480,4,-1,77,162,85
13,green,1788789467,499316769,383,463,640,480,5,-1,77,156,88
13,green,1788789467,499316769,383,463,640,480,-5,0,79,197,88
13,green,1788789467,499316769,383,463,640,480,-4,0,79,181,96
13,green,1788789467,499316769,383,463,640,480,-3,0,79,177,98
13,green,1788789467,499316769,383,463,640,480,-2,0,79,186,93
13,green,1788789467,499316769,383,463,640,480,-1,0,79,186,89
13,green,1788789467,499316769,383,463,640,480,0,0,79,177,92
13,green,1788789467,499316769,383,463,640,480,1,0,78,178,86
13,green,1788789467,499316769,383,463,640,480,2,0,78,178,83
13,green,1788789467,499316769,383,463,640,480,3,0,77,173,81
13,green,1788789467,499316769,383,463,640,480,4,0,77,167,84
13,green,1788789467,499316769,383,463,640,480,5,0,77,161,87
13,green,1788789467,499316769,383,463,640,480,-5,1,79,196,91
13,green,1788789467,499316769,383,463,640,480,-4,1,79,194,92
13,green,1788789467,499316769,383,463,640,480,-3,1,79,184,97
13,green,1788789467,499316769,383,463,640,480,-2,1,79,180,99
13,green,1788789467,499316769,383,463,640,480,-1,1,79,183,95
13,green,1788789467,499316769,383,463,640,480,0,1,79,186,89
13,green,1788789467,499316769,383,463,640,480,1,1,78,166,95
13,green,1788789467,499316769,383,463,640,480,2,1,78,178,86
13,green,1788789467,499316769,383,463,640,480,3,1,78,183,81
13,green,1788789467,499316769,383,463,640,480,4,1,78,172,86
13,green,1788789467,499316769,383,463,640,480,5,1,78,163,91
13,green,1788789467,499316769,383,463,640,480,-5,2,79,192,93
13,green,1788789467,499316769,383,463,640,480,-4,2,79,190,94
13,green,1788789467,499316769,383,463,640,480,-3,2,79,184,97
13,green,1788789467,499316769,383,463,640,480,-2,2,79,182,98
13,green,1788789467,499316769,383,463,640,480,-1,2,79,183,95
13,green,1788789467,499316769,383,463,640,480,0,2,79,182,91
13,green,1788789467,499316769,383,463,640,480,1,2,78,174,94
13,green,1788789467,499316769,383,463,640,480,2,2,78,184,86
13,green,1788789467,499316769,383,463,640,480,3,2,78,187,82
13,green,1788789467,499316769,383,463,640,480,4,2,78,176,87
13,green,1788789467,499316769,383,463,640,480,5,2,78,163,91
13,green,1788789467,499316769,383,463,640,480,-5,3,79,190,94
13,green,1788789467,499316769,383,463,640,480,-4,3,79,192,93
13,green,1788789467,499316769,383,463,640,480,-3,3,79,188,92
13,green,1788789467,499316769,383,463,640,480,-2,3,79,188,92
13,green,1788789467,499316769,383,463,640,480,-1,3,79,188,92
13,green,1788789467,499316769,383,463,640,480,0,3,79,182,91
13,green,1788789467,499316769,383,463,640,480,1,3,78,175,93
13,green,1788789467,499316769,383,463,640,480,2,3,78,186,85
13,green,1788789467,499316769,383,463,640,480,3,3,78,187,82
13,green,1788789467,499316769,383,463,640,480,4,3,78,174,88
13,green,1788789467,499316769,383,463,640,480,5,3,78,164,90
13,green,1788789467,499316769,383,463,640,480,-5,4,79,192,93
13,green,1788789467,499316769,383,463,640,480,-4,4,79,196,91
13,green,1788789467,499316769,383,463,640,480,-3,4,79,197,88
13,green,1788789467,499316769,383,463,640,480,-2,4,79,197,88
13,green,1788789467,499316769,383,463,640,480,-1,4,79,195,89
13,green,1788789467,499316769,383,463,640,480,0,4,79,184,90
13,green,1788789467,499316769,383,463,640,480,1,4,78,179,91
13,green,1788789467,499316769,383,463,640,480,2,4,78,186,85
13,green,1788789467,499316769,383,463,640,480,3,4,78,184,83
13,green,1788789467,499316769,383,463,640,480,4,4,78,174,88
13,green,1788789467,499316769,383,463,640,480,5,4,78,164,90
13,green,1788789467,499316769,383,463,640,480,-5,5,79,190,94
13,green,1788789467,499316769,383,463,640,480,-4,5,79,192,93
13,green,1788789467,499316769,383,463,640,480,-3,5,79,193,90
13,green,1788789467,499316769,383,463,640,480,-2,5,79,195,89
13,green,1788789467,499316769,383,463,640,480,-1,5,79,191,91
13,green,1788789467,499316769,383,463,640,480,0,5,79,180,92
13,green,1788789467,499316769,383,463,640,480,1,5,78,179,91
13,green,1788789467,499316769,383,463,640,480,2,5,78,184,86
13,green,1788789467,499316769,383,463,640,480,3,5,78,180,85
13,green,1788789467,499316769,383,463,640,480,4,5,78,172,89
13,green,1788789467,499316769,383,463,640,480,5,5,78,166,89
14,green,1788789468,127901552,326,457,640,480,-5,-5,77,103,111
14,green,1788789468,127901552,326,457,640,480,-4,-5,77,105,109
14,green,1788789468,127901552,326,457,640,480,-3,-5,77,105,109
14,green,1788789468,127901552,326,457,640,480,-2,-5,76,101,109
14,green,1788789468,127901552,326,457,640,480,-1,-5,76,101,109
14,green,1788789468,127901552,326,457,640,480,0,-5,76,100,107
14,green,1788789468,127901552,326,457,640,480,1,-5,76,101,106
14,green,1788789468,127901552,326,457,640,480,2,-5,74,95,113
14,green,1788789468,127901552,326,457,640,480,3,-5,74,93,115
14,green,1788789468,127901552,326,457,640,480,4,-5,72,87,117
14,green,1788789468,127901552,326,457,640,480,5,-5,72,87,117
14,green,1788789468,127901552,326,457,640,480,-5,-4,77,103,111
14,green,1788789468,127901552,326,457,640,480,-4,-4,77,103,111
14,green,1788789468,127901552,326,457,640,480,-3,-4,77,102,113
14,green,1788789468,127901552,326,457,640,480,-2,-4,76,97,113
14,green,1788789468,127901552,326,457,640,480,-1,-4,76,98,112
14,green,1788789468,127901552,326,457,640,480,0,-4,76,99,108
14,green,1788789468,127901552,326,457,640,480,1,-4,76,102,105
14,green,1788789468,127901552,326,457,640,480,2,-4,74,98,109
14,green,1788789468,127901552,326,457,640,480,3,-4,74,96,111
14,green,1788789468,127901552,326,457,640,480,4,-4,72,91,112
14,green,1788789468,127901552,326,457,640,480,5,-4,72,92,111
14,green,1788789468,127901552,326,457,640,480,-5,-3,77,108,111
14,green,1788789468,127901552,326,457,640,480,-4,-3,77,102,113
14,green,1788789468,127901552,326,457,640,480,-3,-3,77,99,116
14,green,1788789468,127901552,326,457,640,480,-2,-3,76,97,118
14,green,1788789468,127901552,326,457,640,480,-1,-3,76,100,115
14,green,1788789468,127901552,326,457,640,480,0,-3,76,101,109
14,green,1788789468,127901552,326,457,640,480,1,-3,76,105,104
14,green,1788789468,127901552,326,457,640,480,2,-3,74,104,103
14,green,1788789468,127901552,326,457,640,480,3,-3,74,103,104
14,green,1788789468,127901552,326,457,640,480,4,-3,73,103,104
14,green,1788789468,127901552,326,457,640,480,5,-3,73,104,103
14,green,1788789468,127901552,326,457,640,480,-5,-2,77,109,110
14,green,1788789468,127901552,326,457,640,480,-4,-2,77,101,114
14,green,1788789468,127901552,326,457,640,480,-3,-2,77,96,119
14,green,1788789468,127901552,326,457,640,480,-2,-2,76,96,120
14,green,1788789468,127901552,326,457,640,480,-1,-2,76,98,117
14,green,1788789468,127901552,326,457,640,480,0,-2,76,101,109
14,green,1788789468,127901552,326,457,640,480,1,-2,76,106,103
14,green,1788789468,127901552,326,457,640,480,2,-2,74,109,98
14,green,1788789468,127901552,326,457,640,480,3,-2,74,108,99
14,green,1788789468,127901552,326,457,640,480,4,-2,73,108,99
14,green,1788789468,127901552,326,457,640,480,5,-2,73,110,97
14,green,1788789468,127901552,326,457,640,480,-5,-1,77,109,110
14,green,1788789468,127901552,326,457,640,480,-4,-1,77,109,110
14,green,1788789468,127901552,326,457,640,480,-3,-1,77,104,115
14,green,1788789468,127901552,326,457,640,480,-2,-1,76,99,116
14,green,1788789468,127901552,326,457,640,480,-1,-1,76,106,108
14,green,1788789468,127901552,326,457,640,480,0,-1,76,115,100
14,green,1788789468,127901552,326,457,640,480,1,-1,76,118,97
14,green,1788789468,127901552,326,457,640,480,2,-1,74,111,101
14,green,1788789468,127901552,326,457,640,480,3,-1,74,111,101
14,green,1788789468,127901552,326,457,640,480,4,-1,73,109,98
14,green,1788789468,127901552,326,457,640,480,5,-1,73,110,97
14,green,1788789468,127901552,326,457,640,480,-5,0,77,112,107
14,green,1788789468,127901552,326,457,640,480,-4,0,77,112,107
14,green,1788789468,127901552,326,457,640,480,-3,0,77,108,111
14,green,1788789468,127901552,326,457,640,480,-2,0,76,103,111
14,green,1788789468,127901552,326,457,640,480,-1,0,76,110,104
14,green,1788789468,127901552,326,457,640,480,0,0,76,118,97
14,green,1788789468,127901552,326,457,640,480,1,0,76,121,95
14,green,1788789468,127901552,326,457,640,480,2,0,74,113,99
14,green,1788789468,127901552,326,457,640,480,3,0,74,113,99
14,green,1788789468,127901552,326,457,640,480,4,0,73,110,97
14,green,1788789468,127901552,326,457,640,480,5,0,73,110,97
14,green,1788789468,127901552,326,457,640,480,-5,1,77,120,104
14,green,1788789468,127901552,326,457,640,480,-4,1,77,120,104
14,green,1788789468,127901552,326,457,640,480,-3,1,77,116,108
14,green,1788789468,127901552,326,457,640,480,-2,1,76,114,107
14,green,1788789468,127901552,326,457,640,480,-1,1,76,122,100
14,green,1788789468,127901552,326,457,640,480,0,1,76,122,94
14,green,1788789468,127901552,326,457,640,480,1,1,76,123,93
14,green,1788789468,127901552,326,457,640,480,2,1,75,120,96
14,green,1788789468,127901552,326,457,640,480,3,1,75,118,97
14,green,1788789468,127901552,326,457,640,480,4,1,73,114,98
14,green,1788789468,127901552,326,457,640,480,5,1,73,114,98
14,green,1788789468,127901552,326,457,640,480,-5,2,77,121,103
14,green,1788789468,127901552,326,457,640,480,-4,2,77,123,102
14,green,1788789468,127901552,326,457,640,480,-3,2,77,119,105
14,green,1788789468,127901552,326,457,640,480,-2,2,76,118,104
14,green,1788789468,127901552,326,457,640,480,-1,2,76,126,97
14,green,1788789468,127901552,326,457,640,480,0,2,76,123,93
14,green,1788789468,127901552,326,457,640,480,1,2,76,122,94
14,green,1788789468,127901552,326,457,640,480,2,2,75,118,97
14,green,1788789468,127901552,326,457,640,480,3,2,75,117,98
14,green,1788789468,127901552,326,457,640,480,4,2,73,112,100
14,green,1788789468,127901552,326,457,640,480,5,2,73,111,101
14,green,1788789468,127901552,326,457,640,480,-5,3,77,126,105
14,green,1788789468,127901552,326,457,640,480,-4,3,77,121,103
14,green,1788789468,127901552,326,457,640,480,-3,3,77,119,105
14,green,1788789468,127901552,326,457,640,480,-2,3,77,123,102
14,green,1788789468,127901552,326,457,640,480,-1,3,77,129,97
14,green,1788789468,127901552,326,457,640,480,0,3,76,128,96
14,green,1788789468,127901552,326,457,640,480,1,3,76,124,99
14,green,1788789468,127901552,326,457,640,480,2,3,75,114,101
14,green,1788789468,127901552,326,457,640,480,3,3,75,113,102
14,green,1788789468,127901552,326,457,640,480,4,3,73,113,104
14,green,1788789468,127901552,326,457,640,480,5,3,73,112,105
14,green,1788789468,127901552,326,457,640,480,-5,4,77,125,106
14,green,1788789468,127901552,326,457,640,480,-4,4,77,120,104
14,green,1788789468,127901552,326,457,640,480,-3,4,77,119,105
14,green,1788789468,127901552,326,457,640,480,-2,4,77,123,102
14,green,1788789468,127901552,326,457,640,480,-1,4,77,129,97
14,green,1788789468,127901552,326,457,640,480,0,4,76,125,98
14,green,1788789468,127901552,326,457,640,480,1,4,76,119,103
14,green,1788789468,127901552,326,457,640,480,2,4,75,108,106
14,green,1788789468,127901552,326,457,640,480,3,4,75,108,106
14,green,1788789468,127901552,326,457,640,480,4,4,73,110,107
14,green,1788789468,127901552,326,457,640,480,5,4,73,110,107
14,green,1788789468,127901552,326,457,640,480,-5,5,77,124,107
14,green,1788789468,127901552,326,457,640,480,-4,5,77,125,106
14,green,1788789468,127901552,326,457,640,480,-3,5,77,125,106
14,green,1788789468,127901552,326,457,640,480,-2,5,77,124,101
14,green,1788789468,127901552,326,457,640,480,-1,5,77,130,96
14,green,1788789468,127901552,326,457,640,480,0,5,76,124,99
14,green,1788789468,127901552,326,457,640,480,1,5,76,117,105
14,green,1788789468,127901552,326,457,640,480,2,5,75,110,111
14,green,1788789468,127901552,326,457,640,480,3,5,75,112,109
14,green,1788789468,127901552,326,457,640,480,4,5,73,110,107
14,green,1788789468,127901552,326,457,640,480,5,5,73,111,106
15,green,1788789468,749272409,297,460,640,480,-5,-5,81,190,113
15,green,1788789468,749272409,297,460,640,480,-4,-5,81,191,112
15,green,1788789468,749272409,297,460,640,480,-3,-5,81,198,111
15,green,1788789468,749272409,297,460,640,480,-2,-5,81,201,109
15,green,1788789468,749272409,297,460,640,480,-1,-5,81,201,113
15,green,1788789468,749272409,297,460,640,480,0,-5,81,203,112
15,green,1788789468,749272409,297,460,640,480,1,-5,81,204,111
15,green,1788789468,749272409,297,460,640,480,2,-5,81,206,110
15,green,1788789468,749272409,297,460,640,480,3,-5,81,209,110
15,green,1788789468,749272409,297,460,640,480,4,-5,81,207,111
15,green,1788789468,749272409,297,460,640,480,5,-5,81,203,113
15,green,1788789468,749272409,297,460,640,480,-5,-4,81,200,107
15,green,1788789468,749272409,297,460,640,480,-4,-4,81,204,105
15,green,1788789468,749272409,297,460,640,480,-3,-4,81,201,109
15,green,1788789468,749272409,297,460,640,480,-2,-4,81,194,113
15,green,1788789468,749272409,297,460,640,480,-1,-4,81,191,119
15,green,1788789468,749272409,297,460,640,480,0,-4,81,197,115
15,green,1788789468,749272409,297,460,640,480,1,-4,81,204,111
15,green,1788789468,749272409,297,460,640,480,2,-4,81,206,110
15,green,1788789468,749272409,297,460,640,480,3,-4,81,205,112
15,green,1788789468,749272409,297,460,640,480,4,-4,81,200,115
15,green,1788789468,749272409,297,460,640,480,5,-4,81,198,116
15,green,1788789468,749272409,297,460,640,480,-5,-3,81,193,111
15,green,1788789468,749272409,297,460,640,480,-4,-3,81,191,112
15,green,1788789468,749272409,297,460,640,480,-3,-3,81,194,113
15,green,1788789468,749272409,297,460,640,480,-2,-3,81,194,113
15,green,1788789468,749272409,297,460,640,480,-1,-3,81,196,116
15,green,1788789468,749272409,297,460,640,480,0,-3,81,201,113
15,green,1788789468,749272409,297,460,640,480,1,-3,81,206,110
15,green,1788789468,749272409,297,460,640,480,2,-3,81,206,110
15,green,1788789468,749272409,297,460,640,480,3,-3,81,205,112
15,green,1788789468,749272409,297,460,640,480,4,-3,81,201,114
15,green,1788789468,749272409,297,460,640,480,5,-3,81,201,114
15,green,1788789468,749272409,297,460,640,480,-5,-2,81,193,111
15,green,1788789468,749272409,297,460,640,480,-4,-2,81,186,115
15,green,1788789468,749272409,297,460,640,480,-3,-2,81,191,115
15,green,1788789468,749272409,297,460,640,480,-2,-2,81,194,113
15,green,1788789468,749272409,297,460,640,480,-1,-2,81,199,114
15,green,1788789468,749272409,297,460,640,480,0,-2,81,203,112
15,green,1788789468,749272409,297,460,640,480,1,-2,81,206,110
15,green,1788789468,749272409,297,460,640,480,2,-2,81,204,111
15,green,1788789468,749272409,297,460,640,480,3,-2,81,203,113
15,green,1788789468,749272409,297,460,640,480,4,-2,81,201,114
15,green,1788789468,749272409,297,460,640,480,5,-2,81,203,113
15,green,1788789468,749272409,297,460,640,480,-5,-1,81,200,107
15,green,1788789468,749272409,297,460,640,480,-4,-1,81,193,111
15,green,1788789468,749272409,297,460,640,480,-3,-1,81,192,114
15,green,1788789468,749272409,297,460,640,480,-2,-1,81,194,113
15,green,1788789468,749272409,297,460,640,480,-1,-1,81,199,114
15,green,1788789468,749272409,297,460,640,480,0,-1,81,203,112
15,green,1788789468,749272409,297,460,640,480,1,-1,81,203,112
15,green,1788789468,749272409,297,460,640,480,2,-1,81,201,113
15,green,1788789468,749272409,297,460,640,480,3,-1,81,200,115
15,green,1788789468,749272409,297,460,640,480,4,-1,81,200,115
15,green,1788789468,749272409,297,460,640,480,5,-1,81,203,113
15,green,1788789468,749272409,297,460,640,480,-5,0,81,202,106
15,green,1788789468,749272409,297,460,640,480,-4,0,81,198,108
15,green,1788789468,749272409,297,460,640,480,-3,0,81,194,113
15,green,1788789468,749272409,297,460,640,480,-2,0,81,186,118
15,green,1788789468,749272409,297,460,640,480,-1,0,81,196,116
15,green,1788789468,749272409,297,460,640,480,0,0,81,199,114
15,green,1788789468,749272409,297,460,640,480,1,0,81,199,114
15,green,1788789468,749272409,297,460,640,480,2,0,81,197,115
15,green,1788789468,749272409,297,460,640,480,3,0,81,196,117
15,green,1788789468,749272409,297,460,640,480,4,0,81,196,117
15,green,1788789468,749272409,297,460,640,480,5,0,81,200,115
15,green,1788789468,749272409,297,460,640,480,-5,1,81,193,111
15,green,1788789468,749272409,297,460,640,480,-4,1,81,195,110
15,green,1788789468,749272409,297,460,640,480,-3,1,81,189,116
15,green,1788789468,749272409,297,460,640,480,-2,1,81,181,121
15,green,1788789468,749272409,297,460,640,480,-1,1,81,192,118
15,green,1788789468,749272409,297,460,640,480,0,1,81,196,116
15,green,1788789468,749272409,297,460,640,480,1,1,81,197,115
15,green,1788789468,749272409,297,460,640,480,2,1,81,197,115
15,green,1788789468,749272409,297,460,640,480,3,1,81,196,117
15,green,1788789468,749272409,297,460,640,480,4,1,81,195,118
15,green,1788789468,749272409,297,460,640,480,5,1,81,196,117
15,green,1788789468,749272409,297,460,640,480,-5,2,81,183,117
15,green,1788789468,749272409,297,460,640,480,-4,2,81,185,116
15,green,1788789468,749272409,297,460,640,480,-3,2,81,189,116
15,green,1788789468,749272409,297,460,640,480,-2,2,81,189,116
15,green,1788789468,749272409,297,460,640,480,-1,2,81,191,119
15,green,1788789468,749272409,297,460,640,480,0,2,81,196,116
15,green,1788789468,749272409,297,460,640,480,1,2,81,201,113
15,green,1788789468,749272409,297,460,640,480,2,2,81,201,113
15,green,1788789468,749272409,297,460,640,480,3,2,81,200,115
15,green,1788789468,749272409,297,460,640,480,4,2,81,196,117
15,green,1788789468,749272409,297,460,640,480,5,2,81,196,117
15,green,1788789468,749272409,297,460,640,480,-5,3,81,178,119
15,green,1788789468,749272409,297,460,640,480,-4,3,81,179,118
15,green,1788789468,749272409,297,460,640,480,-3,3,81,190,113
15,green,1788789468,749272409,297,460,640,480,-2,3,81,200,107
15,green,1788789468,749272409,297,460,640,480,-1,3,81,186,118
15,green,1788789468,749272409,297,460,640,480,0,3,81,192,114
15,green,1788789468,749272409,297,460,640,480,1,3,81,199,110
15,green,1788789468,749272409,297,460,640,480,2,3,81,201,109
15,green,1788789468,749272409,297,460,640,480,3,3,81,203,112
15,green,1788789468,749272409,297,460,640,480,4,3,81,197,115
15,green,1788789468,749272409,297,460,640,480,5,3,81,196,116
15,green,1788789468,749272409,297,460,640,480,-5,4,80,178,112
15,green,1788789468,749272409,297,460,640,480,-4,4,80,174,114
15,green,1788789468,749272409,297,460,640,480,-3,4,80,182,112
15,green,1788789468,749272409,297,460,640,480,-2,4,80,194,105
15,green,1788789468,749272409,297,460,640,480,-1,4,80,184,111
15,green,1788789468,749272409,297,460,640,480,0,4,80,187,109
15,green,1788789468,749272409,297,460,640,480,1,4,80,192,110
15,green,1788789468,749272409,297,460,640,480,2,4,80,191,111
15,green,1788789468,749272409,297,460,640,480,3,4,80,190,114
15,green,1788789468,749272409,297,460,640,480,4,4,80,187,116
15,green,1788789468,749272409,297,460,640,480,5,4,80,188,115
15,green,1788789468,749272409,297,460,640,480,-5,5,80,181,107
15,green,1788789468,749272409,297,460,640,480,-4,5,80,176,113
15,green,1788789468,749272409,297,460,640,480,-3,5,80,176,113
15,green,1788789468,749272409,297,460,640,480,-2,5,80,184,108
15,green,1788789468,749272409,297,460,640,480,-1,5,80,181,110
15,green,1788789468,749272409,297,460,640,480,0,5,80,182,112
15,green,1788789468,749272409,297,460,640,480,1,5,80,181,113
15,green,1788789468,749272409,297,460,640,480,2,5,80,186,114
15,green,1788789468,749272409,297,460,640,480,3,5,80,186,114
15,green,1788789468,749272409,297,460,640,480,4,5,80,186,114
15,green,1788789468,749272409,297,460,640,480,5,5,80,184,115
16,green,1788789469,377642985,278,451,640,480,-5,-5,80,147,113
16,green,1788789469,377642985,278,451,640,480,-4,-5,80,155,112
16,green,1788789469,377642985,278,451,640,480,-3,-5,80,156,111
16,green,1788789469,377642985,278,451,640,480,-2,-5,80,159,112
16,green,1788789469,377642985,278,451,640,480,-1,-5,80,157,114
16,green,1788789469,377642985,278,451,640,480,0,-5,80,158,116
16,green,1788789469,377642985,278,451,640,480,1,-5,80,160,118
16,green,1788789469,377642985,278,451,640,480,2,-5,80,172,110
16,green,1788789469,377642985,278,451,640,480,3,-5,80,178,109
16,green,1788789469,377642985,278,451,640,480,4,-5,80,184,108
16,green,1788789469,377642985,278,451,640,480,5,-5,80,182,109
16,green,1788789469,377642985,278,451,640,480,-5,-4,80,151,115
16,green,1788789469,377642985,278,451,640,480,-4,-4,80,153,113
16,green,1788789469,377642985,278,451,640,480,-3,-4,80,158,113
16,green,1788789469,377642985,278,451,640,480,-2,-4,80,158,113
16,green,1788789469,377642985,278,451,640,480,-1,-4,80,160,115
16,green,1788789469,377642985,278,451,640,480,0,-4,80,157,117
16,green,1788789469,377642985,278,451,640,480,1,-4,80,157,120
16,green,1788789469,377642985,278,451,640,480,2,-4,80,178,109
16,green,1788789469,377642985,278,451,640,480,3,-4,80,186,107
16,green,1788789469,377642985,278,451,640,480,4,-4,80,188,106
16,green,1788789469,377642985,278,451,640,480,5,-4,80,187,109
16,green,1788789469,377642985,278,451,640,480,-5,-3,80,151,115
16,green,1788789469,377642985,278,451,640,480,-4,-3,80,151,115
16,green,1788789469,377642985,278,451,640,480,-3,-3,80,155,115
16,green,1788789469,377642985,278,451,640,480,-2,-3,80,157,114
16,green,1788789469,377642985,278,451,640,480,-1,-3,80,162,113
16,green,1788789469,377642985,278,451,640,480,0,-3,80,162,113
16,green,1788789469,377642985,278,451,640,480,1,-3,80,166,114
16,green,1788789469,377642985,278,451,640,480,2,-3,80,173,112
16,green,1788789469,377642985,278,451,640,480,3,-3,80,179,111
16,green,1788789469,377642985,278,451,640,480,4,-3,80,182,109
16,green,1788789469,377642985,278,451,640,480,5,-3,80,189,108
16,green,1788789469,377642985,278,451,640,480,-5,-2,80,152,114
16,green,1788789469,377642985,278,451,640,480,-4,-2,80,155,115
16,green,1788789469,377642985,278,451,640,480,-3,-2,80,155,115
16,green,1788789469,377642985,278,451,640,480,-2,-2,80,161,114
16,green,1788789469,377642985,278,451,640,480,-1,-2,80,161,114
16,green,1788789469,377642985,278,451,640,480,0,-2,80,164,115
16,green,1788789469,377642985,278,451,640,480,1,-2,80,167,116
16,green,1788789469,377642985,278,451,640,480,2,-2,80,173,112
16,green,1788789469,377642985,278,451,640,480,3,-2,80,179,111
16,green,1788789469,377642985,278,451,640,480,4,-2,80,185,110
16,green,1788789469,377642985,278,451,640,480,5,-2,80,189,108
16,green,1788789469,377642985,278,451,640,480,-5,-1,80,153,113
16,green,1788789469,377642985,278,451,640,480,-4,-1,80,157,114
16,green,1788789469,377642985,278,451,640,480,-3,-1,80,157,114
16,green,1788789469,377642985,278,451,640,480,-2,-1,80,160,115
16,green,1788789469,377642985,278,451,640,480,-1,-1,80,160,115
16,green,1788789469,377642985,278,451,640,480,0,-1,80,163,116
16,green,1788789469,377642985,278,451,640,480,1,-1,80,166,117
16,green,1788789469,377642985,278,451,640,480,2,-1,80,172,113
16,green,1788789469,377642985,278,451,640,480,3,-1,80,179,111
16,green,1788789469,377642985,278,451,640,480,4,-1,80,185,110
16,green,1788789469,377642985,278,451,640,480,5,-1,80,189,108
16,green,1788789469,377642985,278,451,640,480,-5,0,80,155,112
16,green,1788789469,377642985,278,451,640,480,-4,0,80,158,113
16,green,1788789469,377642985,278,451,640,480,-3,0,80,157,114
16,green,1788789469,377642985,278,451,640,480,-2,0,80,160,115
16,green,1788789469,377642985,278,451,640,480,-1,0,80,158,116
16,green,1788789469,377642985,278,451,640,480,0,0,80,161,117
16,green,1788789469,377642985,278,451,640,480,1,0,80,164,118
16,green,1788789469,377642985,278,451,640,480,2,0,80,172,113
16,green,1788789469,377642985,278,451,640,480,3,0,80,178,112
16,green,1788789469,377642985,278,451,640,480,4,0,80,185,110
16,green,1788789469,377642985,278,451,640,480,5,0,80,189,108
16,green,1788789469,377642985,278,451,640,480,-5,1,80,155,112
16,green,1788789469,377642985,278,451,640,480,-4,1,80,158,113
16,green,1788789469,377642985,278,451,640,480,-3,1,80,157,114
16,green,1788789469,377642985,278,451,640,480,-2,1,80,160,115
16,green,1788789469,377642985,278,451,640,480,-1,1,80,158,116
16,green,1788789469,377642985,278,451,640,480,0,1,80,161,117
16,green,1788789469,377642985,278,451,640,480,1,1,80,164,118
16,green,1788789469,377642985,278,451,640,480,2,1,80,172,113
16,green,1788789469,377642985,278,451,640,480,3,1,80,178,112
16,green,1788789469,377642985,278,451,640,480,4,1,80,184,111
16,green,1788789469,377642985,278,451,640,480,5,1,80,187,109
16,green,1788789469,377642985,278,451,640,480,-5,2,80,153,113
16,green,1788789469,377642985,278,451,640,480,-4,2,80,157,114
16,green,1788789469,377642985,278,451,640,480,-3,2,80,157,114
16,green,1788789469,377642985,278,451,640,480,-2,2,80,160,115
16,green,1788789469,377642985,278,451,640,480,-1,2,80,160,115
16,green,1788789469,377642985,278,451,640,480,0,2,80,163,116
16,green,1788789469,377642985,278,451,640,480,1,2,80,166,117
16,green,1788789469,377642985,278,451,640,480,2,2,80,172,113
16,green,1788789469,377642985,278,451,640,480,3,2,80,178,112
16,green,1788789469,377642985,278,451,640,480,4,2,80,182,112
16,green,1788789469,377642985,278,451,640,480,5,2,80,185,110
16,green,1788789469,377642985,278,451,640,480,-5,3,80,152,114
16,green,1788789469,377642985,278,451,640,480,-4,3,80,155,115
16,green,1788789469,377642985,278,451,640,480,-3,3,80,155,115
16,green,1788789469,377642985,278,451,640,480,-2,3,80,161,114
16,green,1788789469,377642985,278,451,640,480,-1,3,80,161,114
16,green,1788789469,377642985,278,451,640,480,0,3,80,164,115
16,green,1788789469,377642985,278,451,640,480,1,3,80,167,116
16,green,1788789469,377642985,278,451,640,480,2,3,80,173,112
16,green,1788789469,377642985,278,451,640,480,3,3,80,178,112
16,green,1788789469,377642985,278,451,640,480,4,3,80,181,113
16,green,1788789469,377642985,278,451,640,480,5,3,80,182,112
16,green,1788789469,377642985,278,451,640,480,-5,4,80,151,115
16,green,1788789469,377642985,278,451,640,480,-4,4,80,154,116
16,green,1788789469,377642985,278,451,640,480,-3,4,80,155,115
16,green,1788789469,377642985,278,451,640,480,-2,4,80,161,114
16,green,1788789469,377642985,278,451,640,480,-1,4,80,162,113
16,green,1788789469,377642985,278,451,640,480,0,4,80,166,114
16,green,1788789469,377642985,278,451,640,480,1,4,80,169,115
16,green,1788789469,377642985,278,451,640,480,2,4,80,173,112
16,green,1788789469,377642985,278,451,640,480,3,4,80,178,112
16,green,1788789469,377642985,278,451,640,480,4,4,80,181,113
16,green,1788789469,377642985,278,451,640,480,5,4,80,181,113
16,green,1788789469,377642985,278,451,640,480,-5,5,80,151,115
16,green,1788789469,377642985,278,451,640,480,-4,5,80,154,116
16,green,1788789469,377642985,278,451,640,480,-3,5,80,154,116
16,green,1788789469,377642985,278,451,640,480,-2,5,80,160,115
16,green,1788789469,377642985,278,451,640,480,-1,5,80,161,114
16,green,1788789469,377642985,278,451,640,480,0,5,80,166,114
16,green,1788789469,377642985,278,451,640,480,1,5,80,170,114
16,green,1788789469,377642985,278,451,640,480,2,5,80,179,108
16,green,1788789469,377642985,278,451,640,480,3,5,80,181,110
16,green,1788789469,377642985,278,451,640,480,4,5,80,182,112
16,green,1788789469,377642985,278,451,640,480,5,5,80,182,112
17,green,1788789469,999019717,277,422,640,480,-5,-5,80,152,114
17,green,1788789469,999019717,277,422,640,480,-4,-5,80,155,115
17,green,1788789469,999019717,277,422,640,480,-3,-5,80,157,114
17,green,1788789469,999019717,277,422,640,480,-2,-5,80,164,115
17,green,1788789469,999019717,277,422,640,480,-1,-5,80,166,114
17,green,1788789469,999019717,277,422,640,480,0,-5,80,173,115
17,green,1788789469,999019717,277,422,640,480,1,-5,80,173,115
17,green,1788789469,999019717,277,422,640,480,2,-5,80,176,116
17,green,1788789469,999019717,277,422,640,480,3,-5,80,184,115
17,green,1788789469,999019717,277,422,640,480,4,-5,80,184,115
17,green,1788789469,999019717,277,422,640,480,5,-5,80,179,114
17,green,1788789469,999019717,277,422,640,480,-5,-4,80,152,114
17,green,1788789469,999019717,277,422,640,480,-4,-4,80,155,115
17,green,1788789469,999019717,277,422,640,480,-3,-4,80,154,116
17,green,1788789469,999019717,277,422,640,480,-2,-4,80,161,117
17,green,1788789469,999019717,277,422,640,480,-1,-4,80,163,116
17,green,1788789469,999019717,277,422,640,480,0,-4,80,171,116
17,green,1788789469,999019717,277,422,640,480,1,-4,80,173,115
17,green,1788789469,999019717,277,422,640,480,2,-4,80,177,115
17,green,1788789469,999019717,277,422,640,480,3,-4,80,181,117
17,green,1788789469,999019717,277,422,640,480,4,-4,80,181,117
17,green,1788789469,999019717,277,422,640,480,5,-4,80,176,116
17,green,1788789469,999019717,277,422,640,480,-5,-3,80,148,117
17,green,1788789469,999019717,277,422,640,480,-4,-3,80,153,117
17,green,1788789469,999019717,277,422,640,480,-3,-3,80,154,116
17,green,1788789469,999019717,277,422,640,480,-2,-3,80,164,115
17,green,1788789469,999019717,277,422,640,480,-1,-3,80,164,115
17,green,1788789469,999019717,277,422,640,480,0,-3,80,173,115
17,green,1788789469,999019717,277,422,640,480,1,-3,80,173,115
17,green,1788789469,999019717,277,422,640,480,2,-3,80,174,117
17,green,1788789469,999019717,277,422,640,480,3,-3,80,181,117
17,green,1788789469,999019717,277,422,640,480,4,-3,80,181,117
17,green,1788789469,999019717,277,422,640,480,5,-3,80,177,115
17,green,1788789469,999019717,277,422,640,480,-5,-2,80,145,120
17,green,1788789469,999019717,277,422,640,480,-4,-2,80,151,118
17,green,1788789469,999019717,277,422,640,480,-3,-2,80,157,114
17,green,1788789469,999019717,277,422,640,480,-2,-2,80,168,112
17,green,1788789469,999019717,277,422,640,480,-1,-2,80,170,111
17,green,1788789469,999019717,277,422,640,480,0,-2,80,176,113
17,green,1788789469,999019717,277,422,640,480,1,-2,80,173,115
17,green,1788789469,999019717,277,422,640,480,2,-2,80,173,118
17,green,1788789469,999019717,277,422,640,480,3,-2,80,184,115
17,green,1788789469,999019717,277,422,640,480,4,-2,80,186,114
17,green,1788789469,999019717,277,422,640,480,5,-2,80,182,112
17,green,1788789469,999019717,277,422,640,480,-5,-1,80,147,118
17,green,1788789469,999019717,277,422,640,480,-4,-1,80,153,117
17,green,1788789469,999019717,277,422,640,480,-3,-1,80,157,114
17,green,1788789469,999019717,277,422,640,480,-2,-1,80,168,112
17,green,1788789469,999019717,277,422,640,480,-1,-1,80,170,111
17,green,1788789469,999019717,277,422,640,480,0,-1,80,178,112
17,green,1788789469,999019717,277,422,640,480,1,-1,80,176,113
17,green,1788789469,999019717,277,422,640,480,2,-1,80,176,116
17,green,1788789469,999019717,277,422,640,480,3,-1,80,187,113
17,green,1788789469,999019717,277,422,640,480,4,-1,80,189,112
17,green,1788789469,999019717,277,422,640,480,5,-1,80,187,109
17,green,1788789469,999019717,277,422,640,480,-5,0,80,153,113
17,green,1788789469,999019717,277,422,640,480,-4,0,80,157,114
17,green,1788789469,999019717,277,422,640,480,-3,0,80,155,115
17,green,1788789469,999019717,277,422,640,480,-2,0,80,164,115
17,green,1788789469,999019717,277,422,640,480,-1,0,80,166,114
17,green,1788789469,999019717,277,422,640,480,0,0,80,178,112
17,green,1788789469,999019717,277,422,640,480,1,0,80,181,110
17,green,1788789469,999019717,277,422,640,480,2,0,80,187,109
17,green,1788789469,999019717,277,422,640,480,3,0,80,187,113
17,green,1788789469,999019717,277,422,640,480,4,0,80,191,111
17,green,1788789469,999019717,277,422,640,480,5,0,80,187,109
17,green,1788789469,999019717,277,422,640,480,-5,1,80,162,107
17,green,1788789469,999019717,277,422,640,480,-4,1,80,159,112
17,green,1788789469,999019717,277,422,640,480,-3,1,80,154,116
17,green,1788789469,999019717,277,422,640,480,-2,1,80,159,119
17,green,1788789469,999019717,277,422,640,480,-1,1,80,161,117
17,green,1788789469,999019717,277,422,640,480,0,1,80,176,113
17,green,1788789469,999019717,277,422,640,480,1,1,80,186,107
17,green,1788789469,999019717,277,422,640,480,2,1,80,198,103
17,green,1788789469,999019717,277,422,640,480,3,1,80,187,113
17,green,1788789469,999019717,277,422,640,480,4,1,80,189,112
17,green,1788789469,999019717,277,422,640,480,5,1,80,187,109
17,green,1788789469,999019717,277,422,640,480,-5,2,80,165,105
17,green,1788789469,999019717,277,422,640,480,-4,2,80,164,109
17,green,1788789469,999019717,277,422,640,480,-3,2,80,159,112
17,green,1788789469,999019717,277,422,640,480,-2,2,80,163,116
17,green,1788789469,999019717,277,422,640,480,-1,2,80,163,116
17,green,1788789469,999019717,277,422,640,480,0,2,80,173,115
17,green,1788789469,999019717,277,422,640,480,1,2,80,178,112
17,green,1788789469,999019717,277,422,640,480,2,2,80,185,110
17,green,1788789469,999019717,277,422,640,480,3,2,80,191,111
17,green,1788789469,999019717,277,422,640,480,4,2,80,184,115
17,green,1788789469,999019717,277,422,640,480,5,2,80,177,115
17,green,1788789469,999019717,277,422,640,480,-5,3,80,156,111
17,green,1788789469,999019717,277,422,640,480,-4,3,80,159,112
17,green,1788789469,999019717,277,422,640,480,-3,3,80,158,113
17,green,1788789469,999019717,277,422,640,480,-2,3,80,164,115
17,green,1788789469,999019717,277,422,640,480,-1,3,80,164,115
17,green,1788789469,999019717,277,422,640,480,0,3,80,173,115
17,green,1788789469,999019717,277,422,640,480,1,3,80,174,114
17,green,1788789469,999019717,277,422,640,480,2,3,80,179,114
17,green,1788789469,999019717,277,422,640,480,3,3,80,187,113
17,green,1788789469,999019717,277,422,640,480,4,3,80,181,117
17,green,1788789469,999019717,277,422,640,480,5,3,80,176,116
17,green,1788789469,999019717,277,422,640,480,-5,4,80,149,116
17,green,1788789469,999019717,277,422,640,480,-4,4,80,154,116
17,green,1788789469,999019717,277,422,640,480,-3,4,80,155,115
17,green,1788789469,999019717,277,422,640,480,-2,4,80,166,114
17,green,1788789469,999019717,277,422,640,480,-1,4,80,166,114
17,green,1788789469,999019717,277,422,640,480,0,4,80,174,114
17,green,1788789469,999019717,277,422,640,480,1,4,80,173,115
17,green,1788789469,999019717,277,422,640,480,2,4,80,176,116
17,green,1788789469,999019717,277,422,640,480,3,4,80,186,114
17,green,1788789469,999019717,277,422,640,480,4,4,80,179,118
17,green,1788789469,999019717,277,422,640,480,5,4,80,174,117
17,green,1788789469,999019717,277,422,640,480,-5,5,80,149,116
17,green,1788789469,999019717,277,422,640,480,-4,5,80,154,116
17,green,1788789469,999019717,277,422,640,480,-3,5,80,154,116
17,green,1788789469,999019717,277,422,640,480,-2,5,80,163,116
17,green,1788789469,999019717,277,422,640,480,-1,5,80,166,114
17,green,1788789469,999019717,277,422,640,480,0,5,80,174,114
17,green,1788789469,999019717,277,422,640,480,1,5,80,176,113
17,green,1788789469,999019717,277,422,640,480,2,5,80,181,113
17,green,1788789469,999019717,277,422,640,480,3,5,80,186,114
17,green,1788789469,999019717,277,422,640,480,4,5,80,181,117
17,green,1788789469,999019717,277,422,640,480,5,5,80,176,116
18,green,1788789469,999019717,277,388,640,480,-5,-5,80,154,116
18,green,1788789469,999019717,277,388,640,480,-4,-5,81,152,116
18,green,1788789469,999019717,277,388,640,480,-3,-5,81,150,117
18,green,1788789469,999019717,277,388,640,480,-2,-5,81,156,118
18,green,1788789469,999019717,277,388,640,480,-1,-5,81,158,116
18,green,1788789469,999019717,277,388,640,480,0,-5,81,166,114
18,green,1788789469,999019717,277,388,640,480,1,-5,81,172,111
18,green,1788789469,999019717,277,388,640,480,2,-5,81,175,109
18,green,1788789469,999019717,277,388,640,480,3,-5,81,181,110
18,green,1788789469,999019717,277,388,640,480,4,-5,81,182,112
18,green,1788789469,999019717,277,388,640,480,5,-5,81,186,114
18,green,1788789469,999019717,277,388,640,480,-5,-4,80,149,116
18,green,1788789469,999019717,277,388,640,480,-4,-4,80,145,114
18,green,1788789469,999019717,277,388,640,480,-3,-4,80,152,114
18,green,1788789469,999019717,277,388,640,480,-2,-4,80,152,114
18,green,1788789469,999019717,277,388,640,480,-1,-4,80,152,114
18,green,1788789469,999019717,277,388,640,480,0,-4,80,155,115
18,green,1788789469,999019717,277,388,640,480,1,-4,80,158,116
18,green,1788789469,999019717,277,388,640,480,2,-4,80,157,117
18,green,1788789469,999019717,277,388,640,480,3,-4,80,159,119
18,green,1788789469,999019717,277,388,640,480,4,-4,80,167,116
18,green,1788789469,999019717,277,388,640,480,5,-4,80,176,113
18,green,1788789469,999019717,277,388,640,480,-5,-3,80,144,115
18,green,1788789469,999019717,277,388,640,480,-4,-3,80,142,113
18,green,1788789469,999019717,277,388,640,480,-3,-3,80,147,113
18,green,1788789469,999019717,277,388,640,480,-2,-3,80,147,113
18,green,1788789469,999019717,277,388,640,480,-1,-3,80,152,114
18,green,1788789469,999019717,277,388,640,480,0,-3,80,152,114
18,green,1788789469,999019717,277,388,640,480,1,-3,80,154,116
18,green,1788789469,999019717,277,388,640,480,2,-3,80,157,117
18,green,1788789469,999019717,277,388,640,480,3,-3,80,158,116
18,green,1788789469,999019717,277,388,640,480,4,-3,80,166,114
18,green,1788789469,999019717,277,388,640,480,5,-3,80,173,112
18,green,1788789469,999019717,277,388,640,480,-5,-2,80,145,114
18,green,1788789469,999019717,277,388,640,480,-4,-2,80,142,113
18,green,1788789469,999019717,277,388,640,480,-3,-2,80,147,113
18,green,1788789469,999019717,277,388,640,480,-2,-2,80,148,112
18,green,1788789469,999019717,277,388,640,480,-1,-2,80,153,113
18,green,1788789469,999019717,277,388,640,480,0,-2,80,152,114
18,green,1788789469,999019717,277,388,640,480,1,-2,80,154,116
18,green,1788789469,999019717,277,388,640,480,2,-2,80,158,116
18,green,1788789469,999019717,277,388,640,480,3,-2,80,161,114
18,green,1788789469,999019717,277,388,640,480,4,-2,80,167,113
18,green,1788789469,999019717,277,388,640,480,5,-2,80,172,113
18,green,1788789469,999019717,277,388,640,480,-5,-1,80,145,114
18,green,1788789469,999019717,277,388,640,480,-4,-1,80,143,112
18,green,1788789469,999019717,277,388,640,480,-3,-1,80,148,112
18,green,1788789469,999019717,277,388,640,480,-2,-1,80,148,112
18,green,1788789469,999019717,277,388,640,480,-1,-1,80,153,113
18,green,1788789469,999019717,277,388,640,480,0,-1,80,153,113
18,green,1788789469,999019717,277,388,640,480,1,-1,80,155,115
18,green,1788789469,999019717,277,388,640,480,2,-1,80,158,116
18,green,1788789469,999019717,277,388,640,480,3,-1,80,162,113
18,green,1788789469,999019717,277,388,640,480,4,-1,80,167,113
18,green,1788789469,999019717,277,388,640,480,5,-1,80,170,114
18,green,1788789469,999019717,277,388,640,480,-5,0,80,147,113
18,green,1788789469,999019717,277,388,640,480,-4,0,80,143,112
18,green,1788789469,999019717,277,388,640,480,-3,0,80,148,112
18,green,1788789469,999019717,277,388,640,480,-2,0,80,149,111
18,green,1788789469,999019717,277,388,640,480,-1,0,80,155,112
18,green,1788789469,999019717,277,388,640,480,0,0,80,153,113
18,green,1788789469,999019717,277,388,640,480,1,0,80,155,115
18,green,1788789469,999019717,277,388,640,480,2,0,80,160,115
18,green,1788789469,999019717,277,388,640,480,3,0,80,161,114
18,green,1788789469,999019717,277,388,640,480,4,0,80,166,114
18,green,1788789469,999019717,277,388,640,480,5,0,80,169,115
18,green,1788789469,999019717,277,388,640,480,-5,1,80,147,113
18,green,1788789469,999019717,277,388,640,480,-4,1,80,145,111
18,green,1788789469,999019717,277,388,640,480,-3,1,80,149,111
18,green,1788789469,999019717,277,388,640,480,-2,1,80,149,111
18,green,1788789469,999019717,277,388,640,480,-1,1,80,155,112
18,green,1788789469,999019717,277,388,640,480,0,1,80,155,112
18,green,1788789469,999019717,277,388,640,480,1,1,80,157,114
18,green,1788789469,999019717,277,388,640,480,2,1,80,160,115
18,green,1788789469,999019717,277,388,640,480,3,1,80,160,115
18,green,1788789469,999019717,277,388,640,480,4,1,80,166,114
18,green,1788789469,999019717,277,388,640,480,5,1,80,170,114
18,green,1788789469,999019717,277,388,640,480,-5,2,80,148,112
18,green,1788789469,999019717,277,388,640,480,-4,2,80,145,111
18,green,1788789469,999019717,277,388,640,480,-3,2,80,149,111
18,green,1788789469,999019717,277,388,640,480,-2,2,80,151,110
18,green,1788789469,999019717,277,388,640,480,-1,2,80,156,111
18,green,1788789469,999019717,277,388,640,480,0,2,80,155,112
18,green,1788789469,999019717,277,388,640,480,1,2,80,157,114
18,green,1788789469,999019717,277,388,640,480,2,2,80,161,114
18,green,1788789469,999019717,277,388,640,480,3,2,80,161,114
18,green,1788789469,999019717,277,388,640,480,4,2,80,167,113
18,green,1788789469,999019717,277,388,640,480,5,2,80,175,111
18,green,1788789469,999019717,277,388,640,480,-5,3,80,148,112
18,green,1788789469,999019717,277,388,640,480,-4,3,80,145,111
18,green,1788789469,999019717,277,388,640,480,-3,3,80,149,111
18,green,1788789469,999019717,277,388,640,480,-2,3,80,151,110
18,green,1788789469,999019717,277,388,640,480,-1,3,80,156,111
18,green,1788789469,999019717,277,388,640,480,0,3,80,155,112
18,green,1788789469,999019717,277,388,640,480,1,3,80,157,114
18,green,1788789469,999019717,277,388,640,480,2,3,80,161,114
18,green,1788789469,999019717,277,388,640,480,3,3,80,162,113
18,green,1788789469,999019717,277,388,640,480,4,3,80,170,111
18,green,1788789469,999019717,277,388,640,480,5,3,80,179,108
18,green,1788789469,999019717,277,388,640,480,-5,4,80,149,111
18,green,1788789469,999019717,277,388,640,480,-4,4,80,149,108
18,green,1788789469,999019717,277,388,640,480,-3,4,80,151,110
18,green,1788789469,999019717,277,388,640,480,-2,4,80,145,114
18,green,1788789469,999019717,277,388,640,480,-1,4,80,151,115
18,green,1788789469,999019717,277,388,640,480,0,4,80,159,109
18,green,1788789469,999019717,277,388,640,480,1,4,80,165,108
18,green,1788789469,999019717,277,388,640,480,2,4,80,167,110
18,green,1788789469,999019717,277,388,640,480,3,4,80,173,106
18,green,1788789469,999019717,277,388,640,480,4,4,80,172,110
18,green,1788789469,999019717,277,388,640,480,5,4,80,175,111
18,green,1788789469,999019717,277,388,640,480,-5,5,80,148,112
18,green,1788789469,999019717,277,388,640,480,-4,5,80,149,108
18,green,1788789469,999019717,277,388,640,480,-3,5,80,152,109
18,green,1788789469,999019717,277,388,640,480,-2,5,80,147,113
18,green,1788789469,999019717,277,388,640,480,-1,5,80,153,113
18,green,1788789469,999019717,277,388,640,480,0,5,80,159,109
18,green,1788789469,999019717,277,388,640,480,1,5,80,164,109
18,green,1788789469,999019717,277,388,640,480,2,5,80,165,111
18,green,1788789469,999019717,277,388,640,480,3,5,80,168,109
18,green,1788789469,999019717,277,388,640,480,4,5,80,168,112
18,green,1788789469,999019717,277,388,640,480,5,5,80,170,114
19,green,1788789471,249087939,281,346,640,480,-5,-5,80,160,115
19,green,1788789471,249087939,281,346,640,480,-4,-5,80,164,115
19,green,1788789471,249087939,281,346,640,480,-3,-5,81,168,114
19,green,1788789471,249087939,281,346,640,480,-2,-5,81,173,115
19,green,1788789471,249087939,281,346,640,480,-1,-5,82,173,115
19,green,1788789471,249087939,281,346,640,480,0,-5,82,177,114
19,green,1788789471,249087939,281,346,640,480,1,-5,82,183,114
19,green,1788789471,249087939,281,346,640,480,2,-5,81,185,116
19,green,1788789471,249087939,281,346,640,480,3,-5,82,180,119
19,green,1788789471,249087939,281,346,640,480,4,-5,82,181,120
19,green,1788789471,249087939,281,346,640,480,5,-5,82,180,119
19,green,1788789471,249087939,281,346,640,480,-5,-4,80,154,116
19,green,1788789471,249087939,281,346,640,480,-4,-4,80,158,116
19,green,1788789471,249087939,281,346,640,480,-3,-4,81,161,117
19,green,1788789471,249087939,281,346,640,480,-2,-4,81,163,117
19,green,1788789471,249087939,281,346,640,480,-1,-4,82,166,115
19,green,1788789471,249087939,281,346,640,480,0,-4,82,173,115
19,green,1788789471,249087939,281,346,640,480,1,-4,82,175,115
19,green,1788789471,249087939,281,346,640,480,2,-4,82,177,118
19,green,1788789471,249087939,281,346,640,480,3,-4,82,174,120
19,green,1788789471,249087939,281,346,640,480,4,-4,82,176,122
19,green,1788789471,249087939,281,346,640,480,5,-4,82,176,119
19,green,1788789471,249087939,281,346,640,480,-5,-3,80,151,118
19,green,1788789471,249087939,281,346,640,480,-4,-3,80,151,118
19,green,1788789471,249087939,281,346,640,480,-3,-3,81,154,119
19,green,1788789471,249087939,281,346,640,480,-2,-3,81,157,120
19,green,1788789471,249087939,281,346,640,480,-1,-3,82,166,115
19,green,1788789471,249087939,281,346,640,480,0,-3,82,166,115
19,green,1788789471,249087939,281,346,640,480,1,-3,82,171,116
19,green,1788789471,249087939,281,346,640,480,2,-3,82,169,119
19,green,1788789471,249087939,281,346,640,480,3,-3,82,166,121
19,green,1788789471,249087939,281,346,640,480,4,-3,82,171,122
19,green,1788789471,249087939,281,346,640,480,5,-3,82,176,119
19,green,1788789471,249087939,281,346,640,480,-5,-2,80,155,115
19,green,1788789471,249087939,281,346,640,480,-4,-2,80,154,116
19,green,1788789471,249087939,281,346,640,480,-3,-2,81,157,117
19,green,1788789471,249087939,281,346,640,480,-2,-2,81,160,118
19,green,1788789471,249087939,281,346,640,480,-1,-2,82,166,115
19,green,1788789471,249087939,281,346,640,480,0,-2,82,169,113
19,green,1788789471,249087939,281,346,640,480,1,-2,82,178,112
19,green,1788789471,249087939,281,346,640,480,2,-2,82,177,114
19,green,1788789471,249087939,281,346,640,480,3,-2,82,172,117
19,green,1788789471,249087939,281,346,640,480,4,-2,82,168,120
19,green,1788789471,249087939,281,346,640,480,5,-2,82,173,121
19,green,1788789471,249087939,281,346,640,480,-5,-1,80,157,114
19,green,1788789471,249087939,281,346,640,480,-4,-1,80,157,114
19,green,1788789471,249087939,281,346,640,480,-3,-1,81,158,116
19,green,1788789471,249087939,281,346,640,480,-2,-1,81,159,119
19,green,1788789471,249087939,281,346,640,480,-1,-1,82,163,117
19,green,1788789471,249087939,281,346,640,480,0,-1,82,168,114
19,green,1788789471,249087939,281,346,640,480,1,-1,82,176,113
19,green,1788789471,249087939,281,346,640,480,2,-1,82,178,113
19,green,1788789471,249087939,281,346,640,480,3,-1,82,175,115
19,green,1788789471,249087939,281,346,640,480,4,-1,82,172,117
19,green,1788789471,249087939,281,346,640,480,5,-1,82,179,117
19,green,1788789471,249087939,281,346,640,480,-5,0,80,158,113
19,green,1788789471,249087939,281,346,640,480,-4,0,80,159,112
19,green,1788789471,249087939,281,346,640,480,-3,0,81,158,116
19,green,1788789471,249087939,281,346,640,480,-2,0,81,157,120
19,green,1788789471,249087939,281,346,640,480,-1,0,82,162,118
19,green,1788789471,249087939,281,346,640,480,0,0,82,166,115
19,green,1788789471,249087939,281,346,640,480,1,0,82,176,113
19,green,1788789471,249087939,281,346,640,480,2,0,82,180,112
19,green,1788789471,249087939,281,346,640,480,3,0,82,178,113
19,green,1788789471,249087939,281,346,640,480,4,0,82,183,114
19,green,1788789471,249087939,281,346,640,480,5,0,82,185,113
19,green,1788789471,249087939,281,346,640,480,-5,1,80,157,114
19,green,1788789471,249087939,281,346,640,480,-4,1,80,162,113
19,green,1788789471,249087939,281,346,640,480,-3,1,81,161,117
19,green,1788789471,249087939,281,346,640,480,-2,1,81,158,121
19,green,1788789471,249087939,281,346,640,480,-1,1,82,165,116
19,green,1788789471,249087939,281,346,640,480,0,1,82,174,114
19,green,1788789471,249087939,281,346,640,480,1,1,82,181,111
19,green,1788789471,249087939,281,346,640,480,2,1,82,188,111
19,green,1788789471,249087939,281,346,640,480,3,1,82,187,112
19,green,1788789471,249087939,281,346,640,480,4,1,82,185,113
19,green,1788789471,249087939,281,346,640,480,5,1,82,187,112
19,green,1788789471,249087939,281,346,640,480,-5,2,80,158,116
19,green,1788789471,249087939,281,346,640,480,-4,2,80,164,115
19,green,1788789471,249087939,281,346,640,480,-3,2,81,161,117
19,green,1788789471,249087939,281,346,640,480,-2,2,81,161,119
19,green,1788789471,249087939,281,346,640,480,-1,2,82,178,112
19,green,1788789471,249087939,281,346,640,480,0,2,82,183,110
19,green,1788789471,249087939,281,346,640,480,1,2,82,187,108
19,green,1788789471,249087939,281,346,640,480,2,2,82,190,110
19,green,1788789471,249087939,281,346,640,480,3,2,82,187,112
19,green,1788789471,249087939,281,346,640,480,4,2,82,186,115
19,green,1788789471,249087939,281,346,640,480,5,2,82,186,115
19,green,1788789471,249087939,281,346,640,480,-5,3,80,160,118
19,green,1788789471,249087939,281,346,640,480,-4,3,80,164,118
19,green,1788789471,249087939,281,346,640,480,-3,3,81,166,115
19,green,1788789471,249087939,281,346,640,480,-2,3,81,174,114
19,green,1788789471,249087939,281,346,640,480,-1,3,82,185,109
19,green,1788789471,249087939,281,346,640,480,0,3,82,192,109
19,green,1788789471,249087939,281,346,640,480,1,3,82,194,108
19,green,1788789471,249087939,281,346,640,480,2,3,81,195,110
19,green,1788789471,249087939,281,346,640,480,3,3,82,188,114
19,green,1788789471,249087939,281,346,640,480,4,3,82,187,116
19,green,1788789471,249087939,281,346,640,480,5,3,82,185,117
19,green,1788789471,249087939,281,346,640,480,-5,4,80,160,118
19,green,1788789471,249087939,281,346,640,480,-4,4,80,166,117
19,green,1788789471,249087939,281,346,640,480,-3,4,81,174,110
19,green,1788789471,249087939,281,346,640,480,-2,4,81,188,106
19,green,1788789471,249087939,281,346,640,480,-1,4,82,183,110
19,green,1788789471,249087939,281,346,640,480,0,4,82,192,109
19,green,1788789471,249087939,281,346,640,480,1,4,82,194,108
19,green,1788789471,249087939,281,346,640,480,2,4,81,195,110
19,green,1788789471,249087939,281,346,640,480,3,4,82,188,114
19,green,1788789471,249087939,281,346,640,480,4,4,82,185,117
19,green,1788789471,249087939,281,346,640,480,5,4,82,185,117
19,green,1788789471,249087939,281,346,640,480,-5,5,80,164,118
19,green,1788789471,249087939,281,346,640,480,-4,5,80,167,116
19,green,1788789471,249087939,281,346,640,480,-3,5,81,179,107
19,green,1788789471,249087939,281,346,640,480,-2,5,81,199,100
19,green,1788789471,249087939,281,346,640,480,-1,5,82,181,111
19,green,1788789471,249087939,281,346,640,480,0,5,82,190,110
19,green,1788789471,249087939,281,346,640,480,1,5,82,192,109
19,green,1788789471,249087939,281,346,640,480,2,5,81,193,111
19,green,1788789471,249087939,281,346,640,480,3,5,81,188,114
19,green,1788789471,249087939,281,346,640,480,4,5,81,185,116
19,green,1788789471,249087939,281,346,640,480,5,5,82,185,117
20,green,1788789471,749392602,279,315,640,480,-5,-5,82,168,120
20,green,1788789471,749392602,279,315,640,480,-4,-5,82,168,120
20,green,1788789471,749392602,279,315,640,480,-3,-5,82,173,121
20,green,1788789471,749392602,279,315,640,480,-2,-5,82,174,120
20,green,1788789471,749392602,279,315,640,480,-1,-5,82,182,118
20,green,1788789471,749392602,279,315,640,480,0,-5,82,186,115
20,green,1788789471,749392602,279,315,640,480,1,-5,82,185,116
20,green,1788789471,749392602,279,315,640,480,2,-5,82,182,118
20,green,1788789471,749392602,279,315,640,480,3,-5,82,190,114
20,green,1788789471,749392602,279,315,640,480,4,-5,82,199,109
20,green,1788789471,749392602,279,315,640,480,5,-5,82,199,113
20,green,1788789471,749392602,279,315,640,480,-5,-4,82,169,119
20,green,1788789471,749392602,279,315,640,480,-4,-4,82,171,118
20,green,1788789471,749392602,279,315,640,480,-3,-4,82,174,120
20,green,1788789471,749392602,279,315,640,480,-2,-4,82,176,119
20,green,1788789471,749392602,279,315,640,480,-1,-4,82,185,116
20,green,1788789471,749392602,279,315,640,480,0,-4,82,190,113
20,green,1788789471,749392602,279,315,640,480,1,-4,82,191,112
20,green,1788789471,749392602,279,315,640,480,2,-4,82,186,115
20,green,1788789471,749392602,279,315,640,480,3,-4,82,194,112
20,green,1788789471,749392602,279,315,640,480,4,-4,82,204,106
20,green,1788789471,749392602,279,315,640,480,5,-4,82,208,108
20,green,1788789471,749392602,279,315,640,480,-5,-3,82,169,119
20,green,1788789471,749392602,279,315,640,480,-4,-3,82,169,119
20,green,1788789471,749392602,279,315,640,480,-3,-3,82,171,122
20,green,1788789471,749392602,279,315,640,480,-2,-3,82,173,121
20,green,1788789471,749392602,279,315,640,480,-1,-3,82,182,118
20,green,1788789471,749392602,279,315,640,480,0,-3,82,188,114
20,green,1788789471,749392602,279,315,640,480,1,-3,82,197,109
20,green,1788789471,749392602,279,315,640,480,2,-3,82,190,113
20,green,1788789471,749392602,279,315,640,480,3,-3,82,187,116
20,green,1788789471,749392602,279,315,640,480,4,-3,82,190,114
20,green,1788789471,749392602,279,315,640,480,5,-3,82,202,111
20,green,1788789471,749392602,279,315,640,480,-5,-2,82,169,119
20,green,1788789471,749392602,279,315,640,480,-4,-2,82,169,119
20,green,1788789471,749392602,279,315,640,480,-3,-2,82,173,121
20,green,1788789471,749392602,279,315,640,480,-2,-2,82,174,120
20,green,1788789471,749392602,279,315,640,480,-1,-2,82,182,118
20,green,1788789471,749392602,279,315,640,480,0,-2,82,186,115
20,green,1788789471,749392602,279,315,640,480,1,-2,82,183,117
20,green,1788789471,749392602,279,315,640,480,2,-2,82,185,116
20,green,1788789471,749392602,279,315,640,480,3,-2,82,188,115
20,green,1788789471,749392602,279,315,640,480,4,-2,82,187,116
20,green,1788789471,749392602,279,315,640,480,5,-2,82,192,117
20,green,1788789471,749392602,279,315,640,480,-5,-1,82,169,119
20,green,1788789471,749392602,279,315,640,480,-4,-1,82,171,118
20,green,1788789471,749392602,279,315,640,480,-3,-1,82,174,120
20,green,1788789471,749392602,279,315,640,480,-2,-1,82,176,119
20,green,1788789471,749392602,279,315,640,480,-1,-1,82,182,118
20,green,1788789471,749392602,279,315,640,480,0,-1,82,186,115
20,green,1788789471,749392602,279,315,640,480,1,-1,82,174,123
20,green,1788789471,749392602,279,315,640,480,2,-1,82,180,119
20,green,1788789471,749392602,279,315,640,480,3,-1,82,188,115
20,green,1788789471,749392602,279,315,640,480,4,-1,82,185,117
20,green,1788789471,749392602,279,315,640,480,5,-1,82,182,123
20,green,1788789471,749392602,279,315,640,480,-5,0,82,169,119
20,green,1788789471,749392602,279,315,640,480,-4,0,82,171,118
20,green,1788789471,749392602,279,315,640,480,-3,0,82,177,118
20,green,1788789471,749392602,279,315,640,480,-2,0,82,179,117
20,green,1788789471,749392602,279,315,640,480,-1,0,82,183,117
20,green,1788789471,749392602,279,315,640,480,0,0,82,183,117
20,green,1788789471,749392602,279,315,640,480,1,0,82,177,121
20,green,1788789471,749392602,279,315,640,480,2,0,82,182,118
20,green,1788789471,749392602,279,315,640,480,3,0,82,185,117
20,green,1788789471,749392602,279,315,640,480,4,0,82,184,118
20,green,1788789471,749392602,279,315,640,480,5,0,82,185,121
20,green,1788789471,749392602,279,315,640,480,-5,1,82,168,120
20,green,1788789471,749392602,279,315,640,480,-4,1,82,172,117
20,green,1788789471,749392602,279,315,640,480,-3,1,82,180,116
20,green,1788789471,749392602,279,315,640,480,-2,1,82,182,115
20,green,1788789471,749392602,279,315,640,480,-1,1,82,183,117
20,green,1788789471,749392602,279,315,640,480,0,1,82,182,118
20,green,1788789471,749392602,279,315,640,480,1,1,82,188,114
20,green,1788789471,749392602,279,315,640,480,2,1,82,185,116
20,green,1788789471,749392602,279,315,640,480,3,1,82,184,118
20,green,1788789471,749392602,279,315,640,480,4,1,82,185,117
20,green,1788789471,749392602,279,315,640,480,5,1,82,195,115
20,green,1788789471,749392602,279,315,640,480,-5,2,82,168,120
20,green,1788789471,749392602,279,315,640,480,-4,2,82,172,117
20,green,1788789471,749392602,279,315,640,480,-3,2,82,183,114
20,green,1788789471,749392602,279,315,640,480,-2,2,82,183,114
20,green,1788789471,749392602,279,315,640,480,-1,2,82,183,117
20,green,1788789471,749392602,279,315,640,480,0,2,82,180,119
20,green,1788789471,749392602,279,315,640,480,1,2,82,195,110
20,green,1788789471,749392602,279,315,640,480,2,2,82,186,115
20,green,1788789471,749392602,279,315,640,480,3,2,82,184,118
20,green,1788789471,749392602,279,315,640,480,4,2,82,187,116
20,green,1788789471,749392602,279,315,640,480,5,2,82,200,112
20,green,1788789471,749392602,279,315,640,480,-5,3,82,168,120
20,green,1788789471,749392602,279,315,640,480,-4,3,82,174,116
20,green,1788789471,749392602,279,315,640,480,-3,3,82,185,113
20,green,1788789471,749392602,279,315,640,480,-2,3,82,187,112
20,green,1788789471,749392602,279,315,640,480,-1,3,82,185,116
20,green,1788789471,749392602,279,315,640,480,0,3,82,179,120
20,green,1788789471,749392602,279,315,640,480,1,3,82,188,114
20,green,1788789471,749392602,279,315,640,480,2,3,82,186,115
20,green,1788789471,749392602,279,315,640,480,3,3,82,187,116
20,green,1788789471,749392602,279,315,640,480,4,3,82,188,115
20,green,1788789471,749392602,279,315,640,480,5,3,82,195,115
20,green,1788789471,749392602,279,315,640,480,-5,4,82,165,119
20,green,1788789471,749392602,279,315,640,480,-4,4,82,174,116
20,green,1788789471,749392602,279,315,640,480,-3,4,82,180,112
20,green,1788789471,749392602,279,315,640,480,-2,4,82,187,112
20,green,1788789471,749392602,279,315,640,480,-1,4,82,182,115
20,green,1788789471,749392602,279,315,640,480,0,4,82,176,119
20,green,1788789471,749392602,279,315,640,480,1,4,82,176,119
20,green,1788789471,749392602,279,315,640,480,2,4,82,185,116
20,green,1788789471,749392602,279,315,640,480,3,4,82,188,114
20,green,1788789471,749392602,279,315,640,480,4,4,82,188,115
20,green,1788789471,749392602,279,315,640,480,5,4,82,182,119
20,green,1788789471,749392602,279,315,640,480,-5,5,82,168,114
20,green,1788789471,749392602,279,315,640,480,-4,5,81,174,114
20,green,1788789471,749392602,279,315,640,480,-3,5,82,174,114
20,green,1788789471,749392602,279,315,640,480,-2,5,82,177,114
20,green,1788789471,749392602,279,315,640,480,-1,5,82,175,115
20,green,1788789471,749392602,279,315,640,480,0,5,82,175,115
20,green,1788789471,749392602,279,315,640,480,1,5,82,174,116
20,green,1788789471,749392602,279,315,640,480,2,5,82,176,119
20,green,1788789471,749392602,279,315,640,480,3,5,83,178,116
20,green,1788789471,749392602,279,315,640,480,4,5,83,189,112
20,green,1788789471,749392602,279,315,640,480,5,5,83,189,112
21,green,1788789472,499218786,284,292,640,480,-5,-5,82,177,121
21,green,1788789472,499218786,284,292,640,480,-4,-5,82,185,116
21,green,1788789472,499218786,284,292,640,480,-3,-5,82,187,116
21,green,1788789472,499218786,284,292,640,480,-2,-5,82,188,115
21,green,1788789472,499218786,284,292,640,480,-1,-5,82,195,115
21,green,1788789472,499218786,284,292,640,480,0,-5,82,197,114
21,green,1788789472,499218786,284,292,640,480,1,-5,82,197,114
21,green,1788789472,499218786,284,292,640,480,2,-5,82,193,116
21,green,1788789472,499218786,284,292,640,480,3,-5,82,192,117
21,green,1788789472,499218786,284,292,640,480,4,-5,83,193,115
21,green,1788789472,499218786,284,292,640,480,5,-5,83,199,114
21,green,1788789472,499218786,284,292,640,480,-5,-4,83,182,119
21,green,1788789472,499218786,284,292,640,480,-4,-4,83,184,118
21,green,1788789472,499218786,284,292,640,480,-3,-4,82,180,125
21,green,1788789472,499218786,284,292,640,480,-2,-4,82,180,125
21,green,1788789472,499218786,284,292,640,480,-1,-4,82,190,118
21,green,1788789472,499218786,284,292,640,480,0,-4,82,190,118
21,green,1788789472,499218786,284,292,640,480,1,-4,83,188,121
21,green,1788789472,499218786,284,292,640,480,2,-4,83,196,116
21,green,1788789472,499218786,284,292,640,480,3,-4,83,218,104
21,green,1788789472,499218786,284,292,640,480,4,-4,83,212,107
21,green,1788789472,499218786,284,292,640,480,5,-4,83,211,111
21,green,1788789472,499218786,284,292,640,480,-5,-3,83,187,116
21,green,1788789472,499218786,284,292,640,480,-4,-3,82,189,119
21,green,1788789472,499218786,284,292,640,480,-3,-3,82,181,124
21,green,1788789472,499218786,284,292,640,480,-2,-3,82,184,122
21,green,1788789472,499218786,284,292,640,480,-1,-3,82,195,115
21,green,1788789472,499218786,284,292,640,480,0,-3,83,196,116
21,green,1788789472,499218786,284,292,640,480,1,-3,83,188,121
21,green,1788789472,499218786,284,292,640,480,2,-3,83,194,117
21,green,1788789472,499218786,284,292,640,480,3,-3,83,212,107
21,green,1788789472,499218786,284,292,640,480,4,-3,83,221,106
21,green,1788789472,499218786,284,292,640,480,5,-3,83,215,109
21,green,1788789472,499218786,284,292,640,480,-5,-2,83,190,114
21,green,1788789472,499218786,284,292,640,480,-4,-2,82,190,118
21,green,1788789472,499218786,284,292,640,480,-3,-2,82,184,122
21,green,1788789472,499218786,284,292,640,480,-2,-2,82,189,119
21,green,1788789472,499218786,284,292,640,480,-1,-2,82,200,112
21,green,1788789472,499218786,284,292,640,480,0,-2,83,201,113
21,green,1788789472,499218786,284,292,640,480,1,-2,83,189,120
21,green,1788789472,499218786,284,292,640,480,2,-2,83,192,118
21,green,1788789472,499218786,284,292,640,480,3,-2,83,206,110
21,green,1788789472,499218786,284,292,640,480,4,-2,83,226,104
21,green,1788789472,499218786,284,292,640,480,5,-2,83,219,107
21,green,1788789472,499218786,284,292,640,480,-5,-1,83,190,114
21,green,1788789472,499218786,284,292,640,480,-4,-1,82,192,117
21,green,1788789472,499218786,284,292,640,480,-3,-1,82,185,121
21,green,1788789472,499218786,284,292,640,480,-2,-1,82,192,117
21,green,1788789472,499218786,284,292,640,480,-1,-1,82,206,109
21,green,1788789472,499218786,284,292,640,480,0,-1,83,206,110
21,green,1788789472,499218786,284,292,640,480,1,-1,83,191,119
21,green,1788789472,499218786,284,292,640,480,2,-1,83,189,120
21,green,1788789472,499218786,284,292,640,480,3,-1,83,203,112
21,green,1788789472,499218786,284,292,640,480,4,-1,83,221,106
21,green,1788789472,499218786,284,292,640,480,5,-1,83,217,108
21,green,1788789472,499218786,284,292,640,480,-5,0,83,187,116
21,green,1788789472,499218786,284,292,640,480,-4,0,82,192,117
21,green,1788789472,499218786,284,292,640,480,-3,0,82,185,121
21,green,1788789472,499218786,284,292,640,480,-2,0,82,193,116
21,green,1788789472,499218786,284,292,640,480,-1,0,82,208,108
21,green,1788789472,499218786,284,292,640,480,0,0,83,206,110
21,green,1788789472,499218786,284,292,640,480,1,0,83,191,119
21,green,1788789472,499218786,284,292,640,480,2,0,83,188,121
21,green,1788789472,499218786,284,292,640,480,3,0,83,199,114
21,green,1788789472,499218786,284,292,640,480,4,0,83,215,109
21,green,1788789472,499218786,284,292,640,480,5,0,83,211,111
21,green,1788789472,499218786,284,292,640,480,-5,1,83,184,118
21,green,1788789472,499218786,284,292,640,480,-4,1,82,190,118
21,green,1788789472,499218786,284,292,640,480,-3,1,82,185,121
21,green,1788789472,499218786,284,292,640,480,-2,1,82,192,117
21,green,1788789472,499218786,284,292,640,480,-1,1,82,206,109
21,green,1788789472,499218786,284,292,640,480,0,1,83,204,111
21,green,1788789472,499218786,284,292,640,480,1,1,83,189,120
21,green,1788789472,499218786,284,292,640,480,2,1,83,188,121
21,green,1788789472,499218786,284,292,640,480,3,1,83,199,114
21,green,1788789472,499218786,284,292,640,480,4,1,83,211,111
21,green,1788789472,499218786,284,292,640,480,5,1,83,212,112
21,green,1788789472,499218786,284,292,640,480,-5,2,83,184,118
21,green,1788789472,499218786,284,292,640,480,-4,2,82,189,119
21,green,1788789472,499218786,284,292,640,480,-3,2,82,182,123
21,green,1788789472,499218786,284,292,640,480,-2,2,82,187,120
21,green,1788789472,499218786,284,292,640,480,-1,2,82,200,112
21,green,1788789472,499218786,284,292,640,480,0,2,83,201,113
21,green,1788789472,499218786,284,292,640,480,1,2,83,188,121
21,green,1788789472,499218786,284,292,640,480,2,2,83,188,121
21,green,1788789472,499218786,284,292,640,480,3,2,83,203,112
21,green,1788789472,499218786,284,292,640,480,4,2,83,215,109
21,green,1788789472,499218786,284,292,640,480,5,2,83,214,111
21,green,1788789472,499218786,284,292,640,480,-5,3,83,184,118
21,green,1788789472,499218786,284,292,640,480,-4,3,82,189,119
21,green,1788789472,499218786,284,292,640,480,-3,3,82,181,124
21,green,1788789472,499218786,284,292,640,480,-2,3,82,185,121
21,green,1788789472,499218786,284,292,640,480,-1,3,82,197,114
21,green,1788789472,499218786,284,292,640,480,0,3,83,197,115
21,green,1788789472,499218786,284,292,640,480,1,3,83,186,122
21,green,1788789472,499218786,284,292,640,480,2,3,83,189,120
21,green,1788789472,499218786,284,292,640,480,3,3,83,209,112
21,green,1788789472,499218786,284,292,640,480,4,3,83,222,107
21,green,1788789472,499218786,284,292,640,480,5,3,83,218,109
21,green,1788789472,499218786,284,292,640,480,-5,4,83,178,122
21,green,1788789472,499218786,284,292,640,480,-4,4,82,184,122
21,green,1788789472,499218786,284,292,640,480,-3,4,82,192,117
21,green,1788789472,499218786,284,292,640,480,-2,4,82,197,114
21,green,1788789472,499218786,284,292,640,480,-1,4,82,195,115
21,green,1788789472,499218786,284,292,640,480,0,4,83,188,121
21,green,1788789472,499218786,284,292,640,480,1,4,83,182,125
21,green,1788789472,499218786,284,292,640,480,2,4,83,185,123
21,green,1788789472,499218786,284,292,640,480,3,4,83,194,121
21,green,1788789472,499218786,284,292,640,480,4,4,83,210,113
21,green,1788789472,499218786,284,292,640,480,5,4,83,218,111
21,green,1788789472,499218786,284,292,640,480,-5,5,83,178,122
21,green,1788789472,499218786,284,292,640,480,-4,5,82,184,122
21,green,1788789472,499218786,284,292,640,480,-3,5,82,190,118
21,green,1788789472,499218786,284,292,640,480,-2,5,82,197,114
21,green,1788789472,499218786,284,292,640,480,-1,5,82,199,113
21,green,1788789472,499218786,284,292,640,480,0,5,83,196,116
21,green,1788789472,499218786,284,292,640,480,1,5,83,189,120
21,green,1788789472,499218786,284,292,640,480,2,5,83,185,123
21,green,1788789472,499218786,284,292,640,480,3,5,83,188,125
21,green,1788789472,499218786,284,292,640,480,4,5,83,210,113
21,green,1788789472,499218786,284,292,640,480,5,5,83,218,111
22,green,1788789473,127637736,286,257,640,480,-5,-5,83,180,123
22,green,1788789473,127637736,286,257,640,480,-4,-5,83,184,118
22,green,1788789473,127637736,286,257,640,480,-3,-5,83,190,117
22,green,1788789473,127637736,286,257,640,480,-2,-5,83,181,120
22,green,1788789473,127637736,286,257,640,480,-1,-5,83,175,124
22,green,1788789473,127637736,286,257,640,480,0,-5,83,176,123
22,green,1788789473,127637736,286,257,640,480,1,-5,83,182,122
22,green,1788789473,127637736,286,257,640,480,2,-5,84,191,124
22,green,1788789473,127637736,286,257,640,480,3,-5,84,204,121
22,green,1788789473,127637736,286,257,640,480,4,-5,84,215,115
22,green,1788789473,127637736,286,257,640,480,5,-5,84,221,112
22,green,1788789473,127637736,286,257,640,480,-5,-4,83,180,123
22,green,1788789473,127637736,286,257,640,480,-4,-4,83,185,120
22,green,1788789473,127637736,286,257,640,480,-3,-4,83,186,119
22,green,1788789473,127637736,286,257,640,480,-2,-4,83,185,120
22,green,1788789473,127637736,286,257,640,480,-1,-4,83,182,122
22,green,1788789473,127637736,286,257,640,480,0,-4,83,178,122
22,green,1788789473,127637736,286,257,640,480,1,-4,83,185,123
22,green,1788789473,127637736,286,257,640,480,2,-4,84,202,120
22,green,1788789473,127637736,286,257,640,480,3,-4,84,213,116
22,green,1788789473,127637736,286,257,640,480,4,-4,84,221,112
22,green,1788789473,127637736,286,257,640,480,5,-4,84,227,111
22,green,1788789473,127637736,286,257,640,480,-5,-3,83,186,122
22,green,1788789473,127637736,286,257,640,480,-4,-3,83,185,123
22,green,1788789473,127637736,286,257,640,480,-3,-3,83,188,121
22,green,1788789473,127637736,286,257,640,480,-2,-3,83,191,119
22,green,1788789473,127637736,286,257,640,480,-1,-3,83,192,118
22,green,1788789473,127637736,286,257,640,480,0,-3,83,188,118
22,green,1788789473,127637736,286,257,640,480,1,-3,83,189,120
22,green,1788789473,127637736,286,257,640,480,2,-3,84,204,119
22,green,1788789473,127637736,286,257,640,480,3,-3,84,218,116
22,green,1788789473,127637736,286,257,640,480,4,-3,84,225,112
22,green,1788789473,127637736,286,257,640,480,5,-3,84,229,110
22,green,1788789473,127637736,286,257,640,480,-5,-2,83,189,120
22,green,1788789473,127637736,286,257,640,480,-4,-2,83,185,123
22,green,1788789473,127637736,286,257,640,480,-3,-2,83,191,123
22,green,1788789473,127637736,286,257,640,480,-2,-2,83,199,118
22,green,1788789473,127637736,286,257,640,480,-1,-2,83,202,116
22,green,1788789473,127637736,286,257,640,480,0,-2,83,196,116
22,green,1788789473,127637736,286,257,640,480,1,-2,83,197,119
22,green,1788789473,127637736,286,257,640,480,2,-2,84,203,122
22,green,1788789473,127637736,286,257,640,480,3,-2,84,217,120
22,green,1788789473,127637736,286,257,640,480,4,-2,84,221,114
22,green,1788789473,127637736,286,257,640,480,5,-2,84,232,112
22,green,1788789473,127637736,286,257,640,480,-5,-1,83,191,119
22,green,1788789473,127637736,286,257,640,480,-4,-1,83,194,121
22,green,1788789473,127637736,286,257,640,480,-3,-1,83,196,121
22,green,1788789473,127637736,286,257,640,480,-2,-1,83,198,120
22,green,1788789473,127637736,286,257,640,480,-1,-1,83,203,117
22,green,1788789473,127637736,286,257,640,480,0,-1,84,206,115
22,green,1788789473,127637736,286,257,640,480,1,-1,84,212,114
22,green,1788789473,127637736,286,257,640,480,2,-1,84,220,115
22,green,1788789473,127637736,286,257,640,480,3,-1,83,225,118
22,green,1788789473,127637736,286,257,640,480,4,-1,84,222,117
22,green,1788789473,127637736,286,257,640,480,5,-1,84,222,117
22,green,1788789473,127637736,286,257,640,480,-5,0,83,196,120
22,green,1788789473,127637736,286,257,640,480,-4,0,83,196,120
22,green,1788789473,127637736,286,257,640,480,-3,0,83,199,119
22,green,1788789473,127637736,286,257,640,480,-2,0,83,205,118
22,green,1788789473,127637736,286,257,640,480,-1,0,83,207,117
22,green,1788789473,127637736,286,257,640,480,0,0,84,211,115
22,green,1788789473,127637736,286,257,640,480,1,0,84,217,114
22,green,1788789473,127637736,286,257,640,480,2,0,84,219,119
22,green,1788789473,127637736,286,257,640,480,3,0,83,221,120
22,green,1788789473,127637736,286,257,640,480,4,0,83,223,119
22,green,1788789473,127637736,286,257,640,480,5,0,83,225,118
22,green,1788789473,127637736,286,257,640,480,-5,1,83,196,120
22,green,1788789473,127637736,286,257,640,480,-4,1,83,199,118
22,green,1788789473,127637736,286,257,640,480,-3,1,83,204,116
22,green,1788789473,127637736,286,257,640,480,-2,1,83,209,116
22,green,1788789473,127637736,286,257,640,480,-1,1,83,211,115
22,green,1788789473,127637736,286,257,640,480,0,1,84,212,114
22,green,1788789473,127637736,286,257,640,480,1,1,84,217,114
22,green,1788789473,127637736,286,257,640,480,2,1,84,215,121
22,green,1788789473,127637736,286,257,640,480,3,1,83,217,122
22,green,1788789473,127637736,286,257,640,480,4,1,84,217,120
22,green,1788789473,127637736,286,257,640,480,5,1,84,219,119
22,green,1788789473,127637736,286,257,640,480,-5,2,83,196,120
22,green,1788789473,127637736,286,257,640,480,-4,2,83,201,117
22,green,1788789473,127637736,286,257,640,480,-3,2,83,208,114
22,green,1788789473,127637736,286,257,640,480,-2,2,83,214,113
22,green,1788789473,127637736,286,257,640,480,-1,2,83,214,113
22,green,1788789473,127637736,286,257,640,480,0,2,84,214,113
22,green,1788789473,127637736,286,257,640,480,1,2,84,217,114
22,green,1788789473,127637736,286,257,640,480,2,2,84,222,117
22,green,1788789473,127637736,286,257,640,480,3,2,83,223,119
22,green,1788789473,127637736,286,257,640,480,4,2,84,217,120
22,green,1788789473,127637736,286,257,640,480,5,2,84,213,122
22,green,1788789473,127637736,286,257,640,480,-5,3,83,194,121
22,green,1788789473,127637736,286,257,640,480,-4,3,83,199,118
22,green,1788789473,127637736,286,257,640,480,-3,3,83,208,114
22,green,1788789473,127637736,286,257,640,480,-2,3,83,214,113
22,green,1788789473,127637736,286,257,640,480,-1,3,83,214,113
22,green,1788789473,127637736,286,257,640,480,0,3,84,214,113
22,green,1788789473,127637736,286,257,640,480,1,3,84,219,113
22,green,1788789473,127637736,286,257,640,480,2,3,84,232,109
22,green,1788789473,127637736,286,257,640,480,3,3,84,228,114
22,green,1788789473,127637736,286,257,640,480,4,3,84,217,120
22,green,1788789473,127637736,286,257,640,480,5,3,84,210,124
22,green,1788789473,127637736,286,257,640,480,-5,4,83,192,122
22,green,1788789473,127637736,286,257,640,480,-4,4,83,197,119
22,green,1788789473,127637736,286,257,640,480,-3,4,83,204,116
22,green,1788789473,127637736,286,257,640,480,-2,4,83,211,115
22,green,1788789473,127637736,286,257,640,480,-1,4,83,212,114
22,green,1788789473,127637736,286,257,640,480,0,4,84,214,113
22,green,1788789473,127637736,286,257,640,480,1,4,84,221,112
22,green,1788789473,127637736,286,257,640,480,2,4,84,238,106
22,green,1788789473,127637736,286,257,640,480,3,4,84,234,111
22,green,1788789473,127637736,286,257,640,480,4,4,84,220,118
22,green,1788789473,127637736,286,257,640,480,5,4,84,213,122
22,green,1788789473,127637736,286,257,640,480,-5,5,83,192,122
22,green,1788789473,127637736,286,257,640,480,-4,5,83,194,121
22,green,1788789473,127637736,286,257,640,480,-3,5,83,199,119
22,green,1788789473,127637736,286,257,640,480,-2,5,83,205,118
22,green,1788789473,127637736,286,257,640,480,-1,5,83,211,115
22,green,1788789473,127637736,286,257,640,480,0,5,84,214,113
22,green,1788789473,127637736,286,257,640,480,1,5,84,223,111
22,green,1788789473,127637736,286,257,640,480,2,5,84,232,109
22,green,1788789473,127637736,286,257,640,480,3,5,84,232,112
22,green,1788789473,127637736,286,257,640,480,4,5,84,220,115
22,green,1788789473,127637736,286,257,640,480,5,5,84,216,117
23,green,1788789473,749301424,286,230,640,480,-5,-5,83,186,122
23,green,1788789473,749301424,286,230,640,480,-4,-5,83,191,119
23,green,1788789473,749301424,286,230,640,480,-3,-5,83,191,119
23,green,1788789473,749301424,286,230,640,480,-2,-5,83,188,121
23,green,1788789473,749301424,286,230,640,480,-1,-5,83,185,123
23,green,1788789473,749301424,286,230,640,480,0,-5,83,183,124
23,green,1788789473,749301424,286,230,640,480,1,-5,83,188,125
23,green,1788789473,749301424,286,230,640,480,2,-5,84,200,116
23,green,1788789473,749301424,286,230,640,480,3,-5,84,206,115
23,green,1788789473,749301424,286,230,640,480,4,-5,84,207,112
23,green,1788789473,749301424,286,230,640,480,5,-5,84,210,113
23,green,1788789473,749301424,286,230,640,480,-5,-4,83,182,125
23,green,1788789473,749301424,286,230,640,480,-4,-4,83,185,123
23,green,1788789473,749301424,286,230,640,480,-3,-4,83,186,122
23,green,1788789473,749301424,286,230,640,480,-2,-4,83,185,123
23,green,1788789473,749301424,286,230,640,480,-1,-4,83,185,123
23,green,1788789473,749301424,286,230,640,480,0,-4,83,192,122
23,green,1788789473,749301424,286,230,640,480,1,-4,83,196,120
23,green,1788789473,749301424,286,230,640,480,2,-4,84,210,113
23,green,1788789473,749301424,286,230,640,480,3,-4,84,214,113
23,green,1788789473,749301424,286,230,640,480,4,-4,84,212,112
23,green,1788789473,749301424,286,230,640,480,5,-4,84,211,115
23,green,1788789473,749301424,286,230,640,480,-5,-3,83,182,125
23,green,1788789473,749301424,286,230,640,480,-4,-3,83,183,124
23,green,1788789473,749301424,286,230,640,480,-3,-3,83,185,123
23,green,1788789473,749301424,286,230,640,480,-2,-3,83,185,123
23,green,1788789473,749301424,286,230,640,480,-1,-3,83,192,122
23,green,1788789473,749301424,286,230,640,480,0,-3,83,201,117
23,green,1788789473,749301424,286,230,640,480,1,-3,82,210,114
23,green,1788789473,749301424,286,230,640,480,2,-3,84,218,111
23,green,1788789473,749301424,286,230,640,480,3,-3,84,223,111
23,green,1788789473,749301424,286,230,640,480,4,-3,84,216,112
23,green,1788789473,749301424,286,230,640,480,5,-3,84,215,115
23,green,1788789473,749301424,286,230,640,480,-5,-2,83,186,122
23,green,1788789473,749301424,286,230,640,480,-4,-2,83,192,122
23,green,1788789473,749301424,286,230,640,480,-3,-2,83,192,122
23,green,1788789473,749301424,286,230,640,480,-2,-2,83,194,121
23,green,1788789473,749301424,286,230,640,480,-1,-2,83,199,118
23,green,1788789473,749301424,286,230,640,480,0,-2,83,208,113
23,green,1788789473,749301424,286,230,640,480,1,-2,82,220,109
23,green,1788789473,749301424,286,230,640,480,2,-2,84,225,110
23,green,1788789473,749301424,286,230,640,480,3,-2,84,227,111
23,green,1788789473,749301424,286,230,640,480,4,-2,84,223,111
23,green,1788789473,749301424,286,230,640,480,5,-2,84,220,115
23,green,1788789473,749301424,286,230,640,480,-5,-1,83,192,118
23,green,1788789473,749301424,286,230,640,480,-4,-1,83,201,117
23,green,1788789473,749301424,286,230,640,480,-3,-1,83,199,118
23,green,1788789473,749301424,286,230,640,480,-2,-1,83,199,118
23,green,1788789473,749301424,286,230,640,480,-1,-1,82,207,116
23,green,1788789473,749301424,286,230,640,480,0,-1,82,214,112
23,green,1788789473,749301424,286,230,640,480,1,-1,82,224,108
23,green,1788789473,749301424,286,230,640,480,2,-1,84,225,112
23,green,1788789473,749301424,286,230,640,480,3,-1,84,232,112
23,green,1788789473,749301424,286,230,640,480,4,-1,84,227,111
23,green,1788789473,749301424,286,230,640,480,5,-1,84,228,114
23,green,1788789473,749301424,286,230,640,480,-5,0,83,197,115
23,green,1788789473,749301424,286,230,640,480,-4,0,83,206,114
23,green,1788789473,749301424,286,230,640,480,-3,0,83,206,114
23,green,1788789473,749301424,286,230,640,480,-2,0,82,207,116
23,green,1788789473,749301424,286,230,640,480,-1,0,82,207,116
23,green,1788789473,749301424,286,230,640,480,0,0,82,212,113
23,green,1788789473,749301424,286,230,640,480,1,0,82,223,112
23,green,1788789473,749301424,286,230,640,480,2,0,84,224,116
23,green,1788789473,749301424,286,230,640,480,3,0,83,231,115
23,green,1788789473,749301424,286,230,640,480,4,0,84,232,112
23,green,1788789473,749301424,286,230,640,480,5,0,83,235,113
23,green,1788789473,749301424,286,230,640,480,-5,1,83,201,113
23,green,1788789473,749301424,286,230,640,480,-4,1,83,208,113
23,green,1788789473,749301424,286,230,640,480,-3,1,82,210,114
23,green,1788789473,749301424,286,230,640,480,-2,1,82,207,116
23,green,1788789473,749301424,286,230,640,480,-1,1,82,207,117
23,green,1788789473,749301424,286,230,640,480,0,1,82,211,115
23,green,1788789473,749301424,286,230,640,480,1,1,82,217,115
23,green,1788789473,749301424,286,230,640,480,2,1,84,220,118
23,green,1788789473,749301424,286,230,640,480,3,1,83,229,116
23,green,1788789473,749301424,286,230,640,480,4,1,83,237,112
23,green,1788789473,749301424,286,230,640,480,5,1,83,241,112
23,green,1788789473,749301424,286,230,640,480,-5,2,83,206,110
23,green,1788789473,749301424,286,230,640,480,-4,2,83,209,112
23,green,1788789473,749301424,286,230,640,480,-3,2,82,207,116
23,green,1788789473,749301424,286,230,640,480,-2,2,82,201,119
23,green,1788789473,749301424,286,230,640,480,-1,2,82,204,119
23,green,1788789473,749301424,286,230,640,480,0,2,82,207,117
23,green,1788789473,749301424,286,230,640,480,1,2,82,220,116
23,green,1788789473,749301424,286,230,640,480,2,2,83,231,115
23,green,1788789473,749301424,286,230,640,480,3,2,83,246,110
23,green,1788789473,749301424,286,230,640,480,4,2,83,246,110
23,green,1788789473,749301424,286,230,640,480,5,2,83,231,117
23,green,1788789473,749301424,286,230,640,480,-5,3,83,211,111
23,green,1788789473,749301424,286,230,640,480,-4,3,82,220,109
23,green,1788789473,749301424,286,230,640,480,-3,3,82,214,113
23,green,1788789473,749301424,286,230,640,480,-2,3,82,204,119
23,green,1788789473,749301424,286,230,640,480,-1,3,82,205,122
23,green,1788789473,749301424,286,230,640,480,0,3,82,214,117
23,green,1788789473,749301424,286,230,640,480,1,3,82,230,111
23,green,1788789473,749301424,286,230,640,480,2,3,83,225,118
23,green,1788789473,749301424,286,230,640,480,3,3,83,237,114
23,green,1788789473,749301424,286,230,640,480,4,3,83,235,115
23,green,1788789473,749301424,286,230,640,480,5,3,83,225,120
23,green,1788789473,749301424,286,230,640,480,-5,4,83,211,111
23,green,1788789473,749301424,286,230,640,480,-4,4,82,224,107
23,green,1788789473,749301424,286,230,640,480,-3,4,82,218,111
23,green,1788789473,749301424,286,230,640,480,-2,4,82,205,118
23,green,1788789473,749301424,286,230,640,480,-1,4,82,207,121
23,green,1788789473,749301424,286,230,640,480,0,4,82,219,114
23,green,1788789473,749301424,286,230,640,480,1,4,82,238,107
23,green,1788789473,749301424,286,230,640,480,2,4,83,219,121
23,green,1788789473,749301424,286,230,640,480,3,4,83,223,119
23,green,1788789473,749301424,286,230,640,480,4,4,83,219,121
23,green,1788789473,749301424,286,230,640,480,5,4,83,218,124
23,green,1788789473,749301424,286,230,640,480,-5,5,82,208,115
23,green,1788789473,749301424,286,230,640,480,-4,5,82,216,111
23,green,1788789473,749301424,286,230,640,480,-3,5,82,216,112
23,green,1788789473,749301424,286,230,640,480,-2,5,82,215,116
23,green,1788789473,749301424,286,230,640,480,-1,5,82,218,117
23,green,1788789473,749301424,286,230,640,480,0,5,82,226,113
23,green,1788789473,749301424,286,230,640,480,1,5,82,239,110
23,green,1788789473,749301424,286,230,640,480,2,5,84,215,121
23,green,1788789473,749301424,286,230,640,480,3,5,83,217,122
23,green,1788789473,749301424,286,230,640,480,4,5,83,212,125
23,green,1788789473,749301424,286,230,640,480,5,5,83,210,126
24,green,1788789474,376458546,287,173,640,480,-5,-5,83,202,116
24,green,1788789474,376458546,287,173,640,480,-4,-5,83,201,117
24,green,1788789474,376458546,287,173,640,480,-3,-5,83,199,118
24,green,1788789474,376458546,287,173,640,480,-2,-5,83,199,118
24,green,1788789474,376458546,287,173,640,480,-1,-5,83,204,115
24,green,1788789474,376458546,287,173,640,480,0,-5,83,212,112
24,green,1788789474,376458546,287,173,640,480,1,-5,84,220,115
24,green,1788789474,376458546,287,173,640,480,2,-5,85,232,111
24,green,1788789474,376458546,287,173,640,480,3,-5,84,230,114
24,green,1788789474,376458546,287,173,640,480,4,-5,84,221,119
24,green,1788789474,376458546,287,173,640,480,5,-5,84,221,119
24,green,1788789474,376458546,287,173,640,480,-5,-4,83,201,117
24,green,1788789474,376458546,287,173,640,480,-4,-4,83,197,119
24,green,1788789474,376458546,287,173,640,480,-3,-4,83,196,120
24,green,1788789474,376458546,287,173,640,480,-2,-4,83,194,121
24,green,1788789474,376458546,287,173,640,480,-1,-4,83,199,118
24,green,1788789474,376458546,287,173,640,480,0,-4,83,204,116
24,green,1788789474,376458546,287,173,640,480,1,-4,84,210,120
24,green,1788789474,376458546,287,173,640,480,2,-4,85,222,116
24,green,1788789474,376458546,287,173,640,480,3,-4,84,223,118
24,green,1788789474,376458546,287,173,640,480,4,-4,84,215,122
24,green,1788789474,376458546,287,173,640,480,5,-4,84,219,120
24,green,1788789474,376458546,287,173,640,480,-5,-3,83,199,118
24,green,1788789474,376458546,287,173,640,480,-4,-3,83,196,120
24,green,1788789474,376458546,287,173,640,480,-3,-3,83,192,122
24,green,1788789474,376458546,287,173,640,480,-2,-3,83,191,123
24,green,1788789474,376458546,287,173,640,480,-1,-3,83,194,121
24,green,1788789474,376458546,287,173,640,480,0,-3,83,201,118
24,green,1788789474,376458546,287,173,640,480,1,-3,84,204,124
24,green,1788789474,376458546,287,173,640,480,2,-3,85,211,122
24,green,1788789474,376458546,287,173,640,480,3,-3,84,214,123
24,green,1788789474,376458546,287,173,640,480,4,-3,84,214,123
24,green,1788789474,376458546,287,173,640,480,5,-3,84,219,120
24,green,1788789474,376458546,287,173,640,480,-5,-2,83,199,118
24,green,1788789474,376458546,287,173,640,480,-4,-2,83,197,119
24,green,1788789474,376458546,287,173,640,480,-3,-2,83,194,121
24,green,1788789474,376458546,287,173,640,480,-2,-2,83,194,121
24,green,1788789474,376458546,287,173,640,480,-1,-2,83,197,119
24,green,1788789474,376458546,287,173,640,480,0,-2,83,204,116
24,green,1788789474,376458546,287,173,640,480,1,-2,84,205,123
24,green,1788789474,376458546,287,173,640,480,2,-2,85,209,123
24,green,1788789474,376458546,287,173,640,480,3,-2,84,214,123
24,green,1788789474,376458546,287,173,640,480,4,-2,84,215,122
24,green,1788789474,376458546,287,173,640,480,5,-2,84,221,119
24,green,1788789474,376458546,287,173,640,480,-5,-1,83,201,117
24,green,1788789474,376458546,287,173,640,480,-4,-1,83,201,117
24,green,1788789474,376458546,287,173,640,480,-3,-1,83,199,118
24,green,1788789474,376458546,287,173,640,480,-2,-1,83,201,117
24,green,1788789474,376458546,287,173,640,480,-1,-1,83,206,114
24,green,1788789474,376458546,287,173,640,480,0,-1,83,214,111
24,green,1788789474,376458546,287,173,640,480,1,-1,84,216,117
24,green,1788789474,376458546,287,173,640,480,2,-1,85,216,119
24,green,1788789474,376458546,287,173,640,480,3,-1,84,217,121
24,green,1788789474,376458546,287,173,640,480,4,-1,84,223,118
24,green,1788789474,376458546,287,173,640,480,5,-1,84,226,116
24,green,1788789474,376458546,287,173,640,480,-5,0,83,206,114
24,green,1788789474,376458546,287,173,640,480,-4,0,83,204,115
24,green,1788789474,376458546,287,173,640,480,-3,0,83,202,116
24,green,1788789474,376458546,287,173,640,480,-2,0,83,204,115
24,green,1788789474,376458546,287,173,640,480,-1,0,83,208,113
24,green,1788789474,376458546,287,173,640,480,0,0,83,216,110
24,green,1788789474,376458546,287,173,640,480,1,0,84,225,112
24,green,1788789474,376458546,287,173,640,480,2,0,85,220,117
24,green,1788789474,376458546,287,173,640,480,3,0,84,221,119
24,green,1788789474,376458546,287,173,640,480,4,0,84,228,115
24,green,1788789474,376458546,287,173,640,480,5,0,84,230,114
24,green,1788789474,376458546,287,173,640,480,-5,1,83,209,112
24,green,1788789474,376458546,287,173,640,480,-4,1,83,206,114
24,green,1788789474,376458546,287,173,640,480,-3,1,83,202,116
24,green,1788789474,376458546,287,173,640,480,-2,1,83,201,117
24,green,1788789474,376458546,287,173,640,480,-1,1,83,204,115
24,green,1788789474,376458546,287,173,640,480,0,1,83,210,113
24,green,1788789474,376458546,287,173,640,480,1,1,84,225,112
24,green,1788789474,376458546,287,173,640,480,2,1,85,218,118
24,green,1788789474,376458546,287,173,640,480,3,1,84,219,120
24,green,1788789474,376458546,287,173,640,480,4,1,84,230,114
24,green,1788789474,376458546,287,173,640,480,5,1,84,232,113
24,green,1788789474,376458546,287,173,640,480,-5,2,83,216,110
24,green,1788789474,376458546,287,173,640,480,-4,2,83,212,114
24,green,1788789474,376458546,287,173,640,480,-3,2,83,205,118
24,green,1788789474,376458546,287,173,640,480,-2,2,83,207,121
24,green,1788789474,376458546,287,173,640,480,-1,2,83,207,121
24,green,1788789474,376458546,287,173,640,480,0,2,84,212,119
24,green,1788789474,376458546,287,173,640,480,1,2,84,230,114
24,green,1788789474,376458546,287,173,640,480,2,2,84,222,122
24,green,1788789474,376458546,287,173,640,480,3,2,84,222,122
24,green,1788789474,376458546,287,173,640,480,4,2,84,235,115
24,green,1788789474,376458546,287,173,640,480,5,2,84,239,113
24,green,1788789474,376458546,287,173,640,480,-5,3,84,211,123
24,green,1788789474,376458546,287,173,640,480,-4,3,83,219,121
24,green,1788789474,376458546,287,173,640,480,-3,3,84,229,118
24,green,1788789474,376458546,287,173,640,480,-2,3,84,233,118
24,green,1788789474,376458546,287,173,640,480,-1,3,84,228,121
24,green,1788789474,376458546,287,173,640,480,0,3,84,224,124
24,green,1788789474,376458546,287,173,640,480,1,3,84,244,117
24,green,1788789474,376458546,287,173,640,480,2,3,84,236,121
24,green,1788789474,376458546,287,173,640,480,3,3,84,228,125
24,green,1788789474,376458546,287,173,640,480,4,3,84,230,124
24,green,1788789474,376458546,287,173,640,480,5,3,84,238,120
24,green,1788789474,376458546,287,173,640,480,-5,4,84,214,123
24,green,1788789474,376458546,287,173,640,480,-4,4,84,224,123
24,green,1788789474,376458546,287,173,640,480,-3,4,84,232,120
24,green,1788789474,376458546,287,173,640,480,-2,4,84,238,120
24,green,1788789474,376458546,287,173,640,480,-1,4,84,236,123
24,green,1788789474,376458546,287,173,640,480,0,4,84,233,125
24,green,1788789474,376458546,287,173,640,480,1,4,84,247,120
24,green,1788789474,376458546,287,173,640,480,2,4,84,247,120
24,green,1788789474,376458546,287,173,640,480,3,4,84,244,121
24,green,1788789474,376458546,287,173,640,480,4,4,84,242,122
24,green,1788789474,376458546,287,173,640,480,5,4,84,234,124
24,green,1788789474,376458546,287,173,640,480,-5,5,84,217,121
24,green,1788789474,376458546,287,173,640,480,-4,5,84,224,123
24,green,1788789474,376458546,287,173,640,480,-3,5,84,230,121
24,green,1788789474,376458546,287,173,640,480,-2,5,84,238,120
24,green,1788789474,376458546,287,173,640,480,-1,5,84,240,121
24,green,1788789474,376458546,287,173,640,480,0,5,84,238,122
24,green,1788789474,376458546,287,173,640,480,1,5,84,247,120
24,green,1788789474,376458546,287,173,640,480,2,5,84,253,117
24,green,1788789474,376458546,287,173,640,480,3,5,84,251,116
24,green,1788789474,376458546,287,173,640,480,4,5,84,242,120
24,green,1788789474,376458546,287,173,640,480,5,5,84,228,125
25,green,1788789475,749428912,287,173,640,480,-5,-5,83,204,119
25,green,1788789475,749428912,287,173,640,480,-4,-5,83,199,122
25,green,1788789475,749428912,287,173,640,480,-3,-5,83,200,125
25,green,1788789475,749428912,287,173,640,480,-2,-5,83,205,122
25,green,1788789475,749428912,287,173,640,480,-1,-5,83,220,116
25,green,1788789475,749428912,287,173,640,480,0,-5,83,232,110
25,green,1788789475,749428912,287,173,640,480,1,-5,84,217,120
25,green,1788789475,749428912,287,173,640,480,2,-5,83,225,118
25,green,1788789475,749428912,287,173,640,480,3,-5,83,229,116
25,green,1788789475,749428912,287,173,640,480,4,-5,83,227,117
25,green,1788789475,749428912,287,173,640,480,5,-5,83,221,120
25,green,1788789475,749428912,287,173,640,480,-5,-4,83,207,117
25,green,1788789475,749428912,287,173,640,480,-4,-4,83,208,120
25,green,1788789475,749428912,287,173,640,480,-3,-4,83,205,122
25,green,1788789475,749428912,287,173,640,480,-2,-4,83,211,121
25,green,1788789475,749428912,287,173,640,480,-1,-4,83,220,116
25,green,1788789475,749428912,287,173,640,480,0,-4,83,232,112
25,green,1788789475,749428912,287,173,640,480,1,-4,83,212,125
25,green,1788789475,749428912,287,173,640,480,2,-4,83,217,122
25,green,1788789475,749428912,287,173,640,480,3,-4,83,223,119
25,green,1788789475,749428912,287,173,640,480,4,-4,83,225,118
25,green,1788789475,749428912,287,173,640,480,5,-4,83,223,119
25,green,1788789475,749428912,287,173,640,480,-5,-3,83,211,115
25,green,1788789475,749428912,287,173,640,480,-4,-3,83,214,117
25,green,1788789475,749428912,287,173,640,480,-3,-3,83,212,118
25,green,1788789475,749428912,287,173,640,480,-2,-3,83,214,119
25,green,1788789475,749428912,287,173,640,480,-1,-3,83,218,117
25,green,1788789475,749428912,287,173,640,480,0,-3,83,228,114
25,green,1788789475,749428912,287,173,640,480,1,-3,83,216,123
25,green,1788789475,749428912,287,173,640,480,2,-3,83,219,121
25,green,1788789475,749428912,287,173,640,480,3,-3,83,223,119
25,green,1788789475,749428912,287,173,640,480,4,-3,83,225,118
25,green,1788789475,749428912,287,173,640,480,5,-3,83,223,119
25,green,1788789475,749428912,287,173,640,480,-5,-2,83,219,114
25,green,1788789475,749428912,287,173,640,480,-4,-2,83,222,115
25,green,1788789475,749428912,287,173,640,480,-3,-2,83,220,116
25,green,1788789475,749428912,287,173,640,480,-2,-2,83,220,116
25,green,1788789475,749428912,287,173,640,480,-1,-2,83,224,116
25,green,1788789475,749428912,287,173,640,480,0,-2,83,224,116
25,green,1788789475,749428912,287,173,640,480,1,-2,83,227,117
25,green,1788789475,749428912,287,173,640,480,2,-2,83,227,117
25,green,1788789475,749428912,287,173,640,480,3,-2,83,227,117
25,green,1788789475,749428912,287,173,640,480,4,-2,83,225,118
25,green,1788789475,749428912,287,173,640,480,5,-2,83,221,120
25,green,1788789475,749428912,287,173,640,480,-5,-1,83,217,115
25,green,1788789475,749428912,287,173,640,480,-4,-1,83,222,115
25,green,1788789475,749428912,287,173,640,480,-3,-1,83,224,114
25,green,1788789475,749428912,287,173,640,480,-2,-1,83,228,114
25,green,1788789475,749428912,287,173,640,480,-1,-1,83,226,115
25,green,1788789475,749428912,287,173,640,480,0,-1,83,222,117
25,green,1788789475,749428912,287,173,640,480,1,-1,83,229,116
25,green,1788789475,749428912,287,173,640,480,2,-1,83,227,117
25,green,1788789475,749428912,287,173,640,480,3,-1,83,223,119
25,green,1788789475,749428912,287,173,640,480,4,-1,83,223,119
25,green,1788789475,749428912,287,173,640,480,5,-1,83,221,120
25,green,1788789475,749428912,287,173,640,480,-5,0,83,212,118
25,green,1788789475,749428912,287,173,640,480,-4,0,83,220,116
25,green,1788789475,749428912,287,173,640,480,-3,0,83,228,114
25,green,1788789475,749428912,287,173,640,480,-2,0,83,230,113
25,green,1788789475,749428912,287,173,640,480,-1,0,83,228,114
25,green,1788789475,749428912,287,173,640,480,0,0,83,224,116
25,green,1788789475,749428912,287,173,640,480,1,0,83,217,122
25,green,1788789475,749428912,287,173,640,480,2,0,83,216,123
25,green,1788789475,749428912,287,173,640,480,3,0,83,216,123
25,green,1788789475,749428912,287,173,640,480,4,0,83,217,122
25,green,1788789475,749428912,287,173,640,480,5,0,83,223,119
25,green,1788789475,749428912,287,173,640,480,-5,1,83,207,121
25,green,1788789475,749428912,287,173,640,480,-4,1,83,214,119
25,green,1788789475,749428912,287,173,640,480,-3,1,83,226,115
25,green,1788789475,749428912,287,173,640,480,-2,1,83,232,112
25,green,1788789475,749428912,287,173,640,480,-1,1,83,232,112
25,green,1788789475,749428912,287,173,640,480,0,1,83,228,114
25,green,1788789475,749428912,287,173,640,480,1,1,83,216,123
25,green,1788789475,749428912,287,173,640,480,2,1,83,212,125
25,green,1788789475,749428912,287,173,640,480,3,1,83,212,125
25,green,1788789475,749428912,287,173,640,480,4,1,83,216,123
25,green,1788789475,749428912,287,173,640,480,5,1,83,225,118
25,green,1788789475,749428912,287,173,640,480,-5,2,84,203,122
25,green,1788789475,749428912,287,173,640,480,-4,2,84,210,120
25,green,1788789475,749428912,287,173,640,480,-3,2,84,220,115
25,green,1788789475,749428912,287,173,640,480,-2,2,84,227,111
25,green,1788789475,749428912,287,173,640,480,-1,2,84,229,110
25,green,1788789475,749428912,287,173,640,480,0,2,84,227,111
25,green,1788789475,749428912,287,173,640,480,1,2,84,220,118
25,green,1788789475,749428912,287,173,640,480,2,2,83,217,122
25,green,1788789475,749428912,287,173,640,480,3,2,83,214,124
25,green,1788789475,749428912,287,173,640,480,4,2,83,217,122
25,green,1788789475,749428912,287,173,640,480,5,2,83,223,119
25,green,1788789475,749428912,287,173,640,480,-5,3,84,207,116
25,green,1788789475,749428912,287,173,640,480,-4,3,84,220,109
25,green,1788789475,749428912,287,173,640,480,-3,3,84,228,105
25,green,1788789475,749428912,287,173,640,480,-2,3,84,218,110
25,green,1788789475,749428912,287,173,640,480,-1,3,84,204,116
25,green,1788789475,749428912,287,173,640,480,0,3,84,203,118
25,green,1788789475,749428912,287,173,640,480,1,3,84,211,123
25,green,1788789475,749428912,287,173,640,480,2,3,83,217,122
25,green,1788789475,749428912,287,173,640,480,3,3,83,225,118
25,green,1788789475,749428912,287,173,640,480,4,3,83,229,116
25,green,1788789475,749428912,287,173,640,480,5,3,83,233,116
25,green,1788789475,749428912,287,173,640,480,-5,4,84,205,117
25,green,1788789475,749428912,287,173,640,480,-4,4,84,216,111
25,green,1788789475,749428912,287,173,640,480,-3,4,85,215,109
25,green,1788789475,749428912,287,173,640,480,-2,4,85,208,113
25,green,1788789475,749428912,287,173,640,480,-1,4,85,201,117
25,green,1788789475,749428912,287,173,640,480,0,4,84,205,117
25,green,1788789475,749428912,287,173,640,480,1,4,84,213,122
25,green,1788789475,749428912,287,173,640,480,2,4,83,219,121
25,green,1788789475,749428912,287,173,640,480,3,4,83,225,118
25,green,1788789475,749428912,287,173,640,480,4,4,83,229,116
25,green,1788789475,749428912,287,173,640,480,5,4,83,231,117
25,green,1788789475,749428912,287,173,640,480,-5,5,84,210,118
25,green,1788789475,749428912,287,173,640,480,-4,5,84,217,114
25,green,1788789475,749428912,287,173,640,480,-3,5,85,208,115
25,green,1788789475,749428912,287,173,640,480,-2,5,85,201,119
25,green,1788789475,749428912,287,173,640,480,-1,5,85,201,119
25,green,1788789475,749428912,287,173,640,480,0,5,84,213,116
25,green,1788789475,749428912,287,173,640,480,1,5,84,217,120
25,green,1788789475,749428912,287,173,640,480,2,5,83,223,119
25,green,1788789475,749428912,287,173,640,480,3,5,83,227,117
25,green,1788789475,749428912,287,173,640,480,4,5,83,229,116
25,green,1788789475,749428912,287,173,640,480,5,5,83,231,117
26,green,1788789475,878041613,316,170,640,480,-5,-5,84,225,112
26,green,1788789475,878041613,316,170,640,480,-4,-5,84,228,114
26,green,1788789475,878041613,316,170,640,480,-3,-5,84,220,118
26,green,1788789475,878041613,316,170,640,480,-2,-5,83,216,123
26,green,1788789475,878041613,316,170,640,480,-1,-5,83,217,122
26,green,1788789475,878041613,316,170,640,480,0,-5,83,223,119
26,green,1788789475,878041613,316,170,640,480,1,-5,83,227,117
26,green,1788789475,878041613,316,170,640,480,2,-5,83,223,119
26,green,1788789475,878041613,316,170,640,480,3,-5,83,219,121
26,green,1788789475,878041613,316,170,640,480,4,-5,85,213,121
26,green,1788789475,878041613,316,170,640,480,5,-5,85,208,124
26,green,1788789475,878041613,316,170,640,480,-5,-4,84,220,118
26,green,1788789475,878041613,316,170,640,480,-4,-4,84,226,115
26,green,1788789475,878041613,316,170,640,480,-3,-4,84,219,119
26,green,1788789475,878041613,316,170,640,480,-2,-4,84,211,123
26,green,1788789475,878041613,316,170,640,480,-1,-4,84,213,122
26,green,1788789475,878041613,316,170,640,480,0,-4,84,222,117
26,green,1788789475,878041613,316,170,640,480,1,-4,84,226,115
26,green,1788789475,878041613,316,170,640,480,2,-4,84,222,117
26,green,1788789475,878041613,316,170,640,480,3,-4,84,215,121
26,green,1788789475,878041613,316,170,640,480,4,-4,85,209,123
26,green,1788789475,878041613,316,170,640,480,5,-4,85,209,123
26,green,1788789475,878041613,316,170,640,480,-5,-3,84,210,124
26,green,1788789475,878041613,316,170,640,480,-4,-3,84,226,115
26,green,1788789475,878041613,316,170,640,480,-3,-3,84,217,120
26,green,1788789475,878041613,316,170,640,480,-2,-3,84,208,125
26,green,1788789475,878041613,316,170,640,480,-1,-3,84,211,123
26,green,1788789475,878041613,316,170,640,480,0,-3,84,220,118
26,green,1788789475,878041613,316,170,640,480,1,-3,84,226,115
26,green,1788789475,878041613,316,170,640,480,2,-3,84,220,118
26,green,1788789475,878041613,316,170,640,480,3,-3,84,213,122
26,green,1788789475,878041613,316,170,640,480,4,-3,85,206,125
26,green,1788789475,878041613,316,170,640,480,5,-3,85,213,121
26,green,1788789475,878041613,316,170,640,480,-5,-2,84,208,125
26,green,1788789475,878041613,316,170,640,480,-4,-2,84,215,121
26,green,1788789475,878041613,316,170,640,480,-3,-2,84,205,127
26,green,1788789475,878041613,316,170,640,480,-2,-2,84,193,131
26,green,1788789475,878041613,316,170,640,480,-1,-2,84,199,127
26,green,1788789475,878041613,316,170,640,480,0,-2,84,212,119
26,green,1788789475,878041613,316,170,640,480,1,-2,84,223,113
26,green,1788789475,878041613,316,170,640,480,2,-2,84,220,115
26,green,1788789475,878041613,316,170,640,480,3,-2,84,212,119
26,green,1788789475,878041613,316,170,640,480,4,-2,85,218,118
26,green,1788789475,878041613,316,170,640,480,5,-2,85,220,117
26,green,1788789475,878041613,316,170,640,480,-5,-1,84,211,123
26,green,1788789475,878041613,316,170,640,480,-4,-1,84,220,118
26,green,1788789475,878041613,316,170,640,480,-3,-1,84,211,123
26,green,1788789475,878041613,316,170,640,480,-2,-1,84,200,126
26,green,1788789475,878041613,316,170,640,480,-1,-1,84,202,125
26,green,1788789475,878041613,316,170,640,480,0,-1,84,210,120
26,green,1788789475,878041613,316,170,640,480,1,-1,84,218,116
26,green,1788789475,878041613,316,170,640,480,2,-1,84,218,116
26,green,1788789475,878041613,316,170,640,480,3,-1,84,214,118
26,green,1788789475,878041613,316,170,640,480,4,-1,85,218,118
26,green,1788789475,878041613,316,170,640,480,5,-1,85,218,118
26,green,1788789475,878041613,316,170,640,480,-5,0,84,215,121
26,green,1788789475,878041613,316,170,640,480,-4,0,84,221,114
26,green,1788789475,878041613,316,170,640,480,-3,0,84,218,116
26,green,1788789475,878041613,316,170,640,480,-2,0,84,210,120
26,green,1788789475,878041613,316,170,640,480,-1,0,84,207,122
26,green,1788789475,878041613,316,170,640,480,0,0,84,204,121
26,green,1788789475,878041613,316,170,640,480,1,0,84,208,119
26,green,1788789475,878041613,316,170,640,480,2,0,84,213,116
26,green,1788789475,878041613,316,170,640,480,3,0,84,220,115
26,green,1788789475,878041613,316,170,640,480,4,0,85,222,116
26,green,1788789475,878041613,316,170,640,480,5,0,85,220,117
26,green,1788789475,878041613,316,170,640,480,-5,1,84,219,119
26,green,1788789475,878041613,316,170,640,480,-4,1,84,225,112
26,green,1788789475,878041613,316,170,640,480,-3,1,84,225,112
26,green,1788789475,878041613,316,170,640,480,-2,1,84,221,114
26,green,1788789475,878041613,316,170,640,480,-1,1,84,212,119
26,green,1788789475,878041613,316,170,640,480,0,1,84,201,123
26,green,1788789475,878041613,316,170,640,480,1,1,84,201,123
26,green,1788789475,878041613,316,170,640,480,2,1,84,210,118
26,green,1788789475,878041613,316,170,640,480,3,1,84,219,113
26,green,1788789475,878041613,316,170,640,480,4,1,85,223,113
26,green,1788789475,878041613,316,170,640,480,5,1,85,224,115
26,green,1788789475,878041613,316,170,640,480,-5,2,84,220,118
26,green,1788789475,878041613,316,170,640,480,-4,2,84,223,113
26,green,1788789475,878041613,316,170,640,480,-3,2,84,225,112
26,green,1788789475,878041613,316,170,640,480,-2,2,84,221,112
26,green,1788789475,878041613,316,170,640,480,-1,2,84,211,117
26,green,1788789475,878041613,316,170,640,480,0,2,84,201,123
26,green,1788789475,878041613,316,170,640,480,1,2,84,199,124
26,green,1788789475,878041613,316,170,640,480,2,2,84,204,119
26,green,1788789475,878041613,316,170,640,480,3,2,84,217,114
26,green,1788789475,878041613,316,170,640,480,4,2,85,232,109
26,green,1788789475,878041613,316,170,640,480,5,2,85,230,112
26,green,1788789475,878041613,316,170,640,480,-5,3,84,219,119
26,green,1788789475,878041613,316,170,640,480,-4,3,84,214,118
26,green,1788789475,878041613,316,170,640,480,-3,3,84,218,116
26,green,1788789475,878041613,316,170,640,480,-2,3,84,215,115
26,green,1788789475,878041613,316,170,640,480,-1,3,84,210,118
26,green,1788789475,878041613,316,170,640,480,0,3,84,201,123
26,green,1788789475,878041613,316,170,640,480,1,3,84,199,124
26,green,1788789475,878041613,316,170,640,480,2,3,84,202,120
26,green,1788789475,878041613,316,170,640,480,3,3,84,211,117
26,green,1788789475,878041613,316,170,640,480,4,3,85,229,110
26,green,1788789475,878041613,316,170,640,480,5,3,85,230,112
26,green,1788789475,878041613,316,170,640,480,-5,4,84,219,119
26,green,1788789475,878041613,316,170,640,480,-4,4,84,205,123
26,green,1788789475,878041613,316,170,640,480,-3,4,84,207,122
26,green,1788789475,878041613,316,170,640,480,-2,4,84,206,120
26,green,1788789475,878041613,316,170,640,480,-1,4,84,206,120
26,green,1788789475,878041613,316,170,640,480,0,4,84,200,121
26,green,1788789475,878041613,316,170,640,480,1,4,84,199,122
26,green,1788789475,878041613,316,170,640,480,2,4,84,200,121
26,green,1788789475,878041613,316,170,640,480,3,4,84,204,121
26,green,1788789475,878041613,316,170,640,480,4,4,85,221,114
26,green,1788789475,878041613,316,170,640,480,5,4,85,224,115
26,green,1788789475,878041613,316,170,640,480,-5,5,84,217,120
26,green,1788789475,878041613,316,170,640,480,-4,5,84,199,127
26,green,1788789475,878041613,316,170,640,480,-3,5,84,200,126
26,green,1788789475,878041613,316,170,640,480,-2,5,84,199,124
26,green,1788789475,878041613,316,170,640,480,-1,5,84,204,121
26,green,1788789475,878041613,316,170,640,480,0,5,84,202,120
26,green,1788789475,878041613,316,170,640,480,1,5,84,202,120
26,green,1788789475,878041613,316,170,640,480,2,5,84,199,122
26,green,1788789475,878041613,316,170,640,480,3,5,84,197,123
26,green,1788789475,878041613,316,170,640,480,4,5,84,214,118
26,green,1788789475,878041613,316,170,640,480,5,5,84,217,120
27,green,1788789476,877832900,319,210,640,480,-5,-5,84,219,120
27,green,1788789476,877832900,319,210,640,480,-4,-5,85,226,114
27,green,1788789476,877832900,319,210,640,480,-3,-5,85,234,110
27,green,1788789476,877832900,319,210,640,480,-2,-5,85,229,110
27,green,1788789476,877832900,319,210,640,480,-1,-5,85,221,114
27,green,1788789476,877832900,319,210,640,480,0,-5,84,214,118
27,green,1788789476,877832900,319,210,640,480,1,-5,84,209,121
27,green,1788789476,877832900,319,210,640,480,2,-5,84,212,119
27,green,1788789476,877832900,319,210,640,480,3,-5,84,216,117
27,green,1788789476,877832900,319,210,640,480,4,-5,84,216,117
27,green,1788789476,877832900,319,210,640,480,5,-5,84,216,117
27,green,1788789476,877832900,319,210,640,480,-5,-4,84,217,121
27,green,1788789476,877832900,319,210,640,480,-4,-4,85,224,115
27,green,1788789476,877832900,319,210,640,480,-3,-4,85,227,111
27,green,1788789476,877832900,319,210,640,480,-2,-4,85,227,109
27,green,1788789476,877832900,319,210,640,480,-1,-4,85,221,112
27,green,1788789476,877832900,319,210,640,480,0,-4,84,213,116
27,green,1788789476,877832900,319,210,640,480,1,-4,84,203,122
27,green,1788789476,877832900,319,210,640,480,2,-4,84,206,120
27,green,1788789476,877832900,319,210,640,480,3,-4,84,210,118
27,green,1788789476,877832900,319,210,640,480,4,-4,84,210,118
27,green,1788789476,877832900,319,210,640,480,5,-4,84,210,118
27,green,1788789476,877832900,319,210,640,480,-5,-3,85,215,120
27,green,1788789476,877832900,319,210,640,480,-4,-3,85,218,116
27,green,1788789476,877832900,319,210,640,480,-3,-3,85,225,110
27,green,1788789476,877832900,319,210,640,480,-2,-3,85,220,109
27,green,1788789476,877832900,319,210,640,480,-1,-3,85,214,112
27,green,1788789476,877832900,319,210,640,480,0,-3,84,207,116
27,green,1788789476,877832900,319,210,640,480,1,-3,84,198,121
27,green,1788789476,877832900,319,210,640,480,2,-3,84,202,120
27,green,1788789476,877832900,319,210,640,480,3,-3,84,204,119
27,green,1788789476,877832900,319,210,640,480,4,-3,84,205,118
27,green,1788789476,877832900,319,210,640,480,5,-3,84,204,119
27,green,1788789476,877832900,319,210,640,480,-5,-2,85,209,121
27,green,1788789476,877832900,319,210,640,480,-4,-2,85,210,118
27,green,1788789476,877832900,319,210,640,480,-3,-2,85,212,113
27,green,1788789476,877832900,319,210,640,480,-2,-2,85,211,111
27,green,1788789476,877832900,319,210,640,480,-1,-2,85,208,113
27,green,1788789476,877832900,319,210,640,480,0,-2,84,204,116
27,green,1788789476,877832900,319,210,640,480,1,-2,84,199,119
27,green,1788789476,877832900,319,210,640,480,2,-2,84,198,120
27,green,1788789476,877832900,319,210,640,480,3,-2,84,198,120
27,green,1788789476,877832900,319,210,640,480,4,-2,84,199,119
27,green,1788789476,877832900,319,210,640,480,5,-2,84,203,117
27,green,1788789476,877832900,319,210,640,480,-5,-1,85,205,123
27,green,1788789476,877832900,319,210,640,480,-4,-1,85,208,119
27,green,1788789476,877832900,319,210,640,480,-3,-1,85,210,114
27,green,1788789476,877832900,319,210,640,480,-2,-1,85,213,110
27,green,1788789476,877832900,319,210,640,480,-1,-1,85,211,111
27,green,1788789476,877832900,319,210,640,480,0,-1,84,208,114
27,green,1788789476,877832900,319,210,640,480,1,-1,84,198,117
27,green,1788789476,877832900,319,210,640,480,2,-1,84,197,118
27,green,1788789476,877832900,319,210,640,480,3,-1,84,195,119
27,green,1788789476,877832900,319,210,640,480,4,-1,84,197,118
27,green,1788789476,877832900,319,210,640,480,5,-1,84,198,117
27,green,1788789476,877832900,319,210,640,480,-5,0,85,205,123
27,green,1788789476,877832900,319,210,640,480,-4,0,85,210,118
27,green,1788789476,877832900,319,210,640,480,-3,0,85,219,113
27,green,1788789476,877832900,319,210,640,480,-2,0,85,220,109
27,green,1788789476,877832900,319,210,640,480,-1,0,85,220,109
27,green,1788789476,877832900,319,210,640,480,0,0,84,218,110
27,green,1788789476,877832900,319,210,640,480,1,0,84,204,116
27,green,1788789476,877832900,319,210,640,480,2,0,84,203,117
27,green,1788789476,877832900,319,210,640,480,3,0,84,199,119
27,green,1788789476,877832900,319,210,640,480,4,0,84,198,120
27,green,1788789476,877832900,319,210,640,480,5,0,84,199,119
27,green,1788789476,877832900,319,210,640,480,-5,1,85,216,119
27,green,1788789476,877832900,319,210,640,480,-4,1,85,220,115
27,green,1788789476,877832900,319,210,640,480,-3,1,85,225,112
27,green,1788789476,877832900,319,210,640,480,-2,1,85,229,110
27,green,1788789476,877832900,319,210,640,480,-1,1,85,229,110
27,green,1788789476,877832900,319,210,640,480,0,1,84,227,109
27,green,1788789476,877832900,319,210,640,480,1,1,84,208,115
27,green,1788789476,877832900,319,210,640,480,2,1,84,207,117
27,green,1788789476,877832900,319,210,640,480,3,1,84,203,117
27,green,1788789476,877832900,319,210,640,480,4,1,84,202,120
27,green,1788789476,877832900,319,210,640,480,5,1,84,199,119
27,green,1788789476,877832900,319,210,640,480,-5,2,84,221,119
27,green,1788789476,877832900,319,210,640,480,-4,2,85,224,115
27,green,1788789476,877832900,319,210,640,480,-3,2,85,226,114
27,green,1788789476,877832900,319,210,640,480,-2,2,85,226,114
27,green,1788789476,877832900,319,210,640,480,-1,2,85,224,115
27,green,1788789476,877832900,319,210,640,480,0,2,84,224,116
27,green,1788789476,877832900,319,210,640,480,1,2,84,213,116
27,green,1788789476,877832900,319,210,640,480,2,2,84,213,116
27,green,1788789476,877832900,319,210,640,480,3,2,84,209,116
27,green,1788789476,877832900,319,210,640,480,4,2,84,210,118
27,green,1788789476,877832900,319,210,640,480,5,2,84,204,119
27,green,1788789476,877832900,319,210,640,480,-5,3,84,221,119
27,green,1788789476,877832900,319,210,640,480,-4,3,84,223,118
27,green,1788789476,877832900,319,210,640,480,-3,3,84,221,119
27,green,1788789476,877832900,319,210,640,480,-2,3,84,217,121
27,green,1788789476,877832900,319,210,640,480,-1,3,84,215,122
27,green,1788789476,877832900,319,210,640,480,0,3,84,215,122
27,green,1788789476,877832900,319,210,640,480,1,3,84,212,119
27,green,1788789476,877832900,319,210,640,480,2,3,84,218,116
27,green,1788789476,877832900,319,210,640,480,3,3,84,217,114
27,green,1788789476,877832900,319,210,640,480,4,3,84,218,116
27,green,1788789476,877832900,319,210,640,480,5,3,84,211,117
27,green,1788789476,877832900,319,210,640,480,-5,4,84,229,118
27,green,1788789476,877832900,319,210,640,480,-4,4,84,231,117
27,green,1788789476,877832900,319,210,640,480,-3,4,84,227,119
27,green,1788789476,877832900,319,210,640,480,-2,4,84,223,121
27,green,1788789476,877832900,319,210,640,480,-1,4,84,222,122
27,green,1788789476,877832900,319,210,640,480,0,4,84,222,122
27,green,1788789476,877832900,319,210,640,480,1,4,84,213,122
27,green,1788789476,877832900,319,210,640,480,2,4,84,222,117
27,green,1788789476,877832900,319,210,640,480,3,4,84,225,112
27,green,1788789476,877832900,319,210,640,480,4,4,84,228,114
27,green,1788789476,877832900,319,210,640,480,5,4,84,220,115
27,green,1788789476,877832900,319,210,640,480,-5,5,84,237,114
27,green,1788789476,877832900,319,210,640,480,-4,5,84,241,112
27,green,1788789476,877832900,319,210,640,480,-3,5,84,237,114
27,green,1788789476,877832900,319,210,640,480,-2,5,84,231,117
27,green,1788789476,877832900,319,210,640,480,-1,5,84,233,117
27,green,1788789476,877832900,319,210,640,480,0,5,84,233,116
27,green,1788789476,877832900,319,210,640,480,1,5,84,214,123
27,green,1788789476,877832900,319,210,640,480,2,5,84,222,117
27,green,1788789476,877832900,319,210,640,480,3,5,84,232,112
27,green,1788789476,877832900,319,210,640,480,4,5,84,232,112
27,green,1788789476,877832900,319,210,640,480,5,5,84,226,115
28,green,1788789476,877832900,319,268,640,480,-5,-5,84,220,115
28,green,1788789476,877832900,319,268,640,480,-4,-5,84,220,115
28,green,1788789476,877832900,319,268,640,480,-3,-5,84,223,111
28,green,1788789476,877832900,319,268,640,480,-2,-5,84,224,108
28,green,1788789476,877832900,319,268,640,480,-1,-5,84,224,106
28,green,1788789476,877832900,319,268,640,480,0,-5,84,224,106
28,green,1788789476,877832900,319,268,640,480,1,-5,83,220,103
28,green,1788789476,877832900,319,268,640,480,2,-5,83,214,106
28,green,1788789476,877832900,319,268,640,480,3,-5,83,208,109
28,green,1788789476,877832900,319,268,640,480,4,-5,83,206,110
28,green,1788789476,877832900,319,268,640,480,5,-5,83,210,108
28,green,1788789476,877832900,319,268,640,480,-5,-4,84,220,115
28,green,1788789476,877832900,319,268,640,480,-4,-4,84,223,113
28,green,1788789476,877832900,319,268,640,480,-3,-4,84,221,112
28,green,1788789476,877832900,319,268,640,480,-2,-4,84,212,114
28,green,1788789476,877832900,319,268,640,480,-1,-4,84,206,115
28,green,1788789476,877832900,319,268,640,480,0,-4,84,203,117
28,green,1788789476,877832900,319,268,640,480,1,-4,83,204,111
28,green,1788789476,877832900,319,268,640,480,2,-4,83,206,110
28,green,1788789476,877832900,319,268,640,480,3,-4,83,208,109
28,green,1788789476,877832900,319,268,640,480,4,-4,83,208,109
28,green,1788789476,877832900,319,268,640,480,5,-4,83,208,109
28,green,1788789476,877832900,319,268,640,480,-5,-3,84,216,117
28,green,1788789476,877832900,319,268,640,480,-4,-3,84,220,115
28,green,1788789476,877832900,319,268,640,480,-3,-3,84,217,114
28,green,1788789476,877832900,319,268,640,480,-2,-3,84,217,114
28,green,1788789476,877832900,319,268,640,480,-1,-3,84,209,116
28,green,1788789476,877832900,319,268,640,480,0,-3,84,204,116
28,green,1788789476,877832900,319,268,640,480,1,-3,83,213,110
28,green,1788789476,877832900,319,268,640,480,2,-3,83,208,109
28,green,1788789476,877832900,319,268,640,480,3,-3,83,206,110
28,green,1788789476,877832900,319,268,640,480,4,-3,83,204,111
28,green,1788789476,877832900,319,268,640,480,5,-3,83,204,111
28,green,1788789476,877832900,319,268,640,480,-5,-2,84,212,119
28,green,1788789476,877832900,319,268,640,480,-4,-2,84,218,116
28,green,1788789476,877832900,319,268,640,480,-3,-2,84,217,114
28,green,1788789476,877832900,319,268,640,480,-2,-2,84,217,114
28,green,1788789476,877832900,319,268,640,480,-1,-2,84,211,115
28,green,1788789476,877832900,319,268,640,480,0,-2,84,208,114
28,green,1788789476,877832900,319,268,640,480,1,-2,83,222,107
28,green,1788789476,877832900,319,268,640,480,2,-2,83,213,110
28,green,1788789476,877832900,319,268,640,480,3,-2,83,208,113
28,green,1788789476,877832900,319,268,640,480,4,-2,83,204,115
28,green,1788789476,877832900,319,268,640,480,5,-2,83,206,114
28,green,1788789476,877832900,319,268,640,480,-5,-1,84,212,119
28,green,1788789476,877832900,319,268,640,480,-4,-1,84,218,116
28,green,1788789476,877832900,319,268,640,480,-3,-1,84,219,113
28,green,1788789476,877832900,319,268,640,480,-2,-1,84,221,112
28,green,1788789476,877832900,319,268,640,480,-1,-1,84,216,112
28,green,1788789476,877832900,319,268,640,480,0,-1,84,216,112
28,green,1788789476,877832900,319,268,640,480,1,-1,83,229,106
28,green,1788789476,877832900,319,268,640,480,2,-1,83,218,109
28,green,1788789476,877832900,319,268,640,480,3,-1,83,208,114
28,green,1788789476,877832900,319,268,640,480,4,-1,83,203,117
28,green,1788789476,877832900,319,268,640,480,5,-1,83,204,115
28,green,1788789476,877832900,319,268,640,480,-5,0,84,216,117
28,green,1788789476,877832900,319,268,640,480,-4,0,84,221,114
28,green,1788789476,877832900,319,268,640,480,-3,0,84,223,111
28,green,1788789476,877832900,319,268,640,480,-2,0,84,227,109
28,green,1788789476,877832900,319,268,640,480,-1,0,84,224,108
28,green,1788789476,877832900,319,268,640,480,0,0,84,224,108
28,green,1788789476,877832900,319,268,640,480,1,0,83,231,105
28,green,1788789476,877832900,319,268,640,480,2,0,83,220,110
28,green,1788789476,877832900,319,268,640,480,3,0,83,209,116
28,green,1788789476,877832900,319,268,640,480,4,0,83,205,118
28,green,1788789476,877832900,319,268,640,480,5,0,83,208,114
28,green,1788789476,877832900,319,268,640,480,-5,1,84,220,115
28,green,1788789476,877832900,319,268,640,480,-4,1,84,223,113
28,green,1788789476,877832900,319,268,640,480,-3,1,84,225,110
28,green,1788789476,877832900,319,268,640,480,-2,1,84,229,108
28,green,1788789476,877832900,319,268,640,480,-1,1,84,226,107
28,green,1788789476,877832900,319,268,640,480,0,1,84,229,106
28,green,1788789476,877832900,319,268,640,480,1,1,83,234,107
28,green,1788789476,877832900,319,268,640,480,2,1,83,223,112
28,green,1788789476,877832900,319,268,640,480,3,1,83,214,117
28,green,1788789476,877832900,319,268,640,480,4,1,83,209,116
28,green,1788789476,877832900,319,268,640,480,5,1,83,216,112
28,green,1788789476,877832900,319,268,640,480,-5,2,84,220,115
28,green,1788789476,877832900,319,268,640,480,-4,2,84,221,114
28,green,1788789476,877832900,319,268,640,480,-3,2,84,223,111
28,green,1788789476,877832900,319,268,640,480,-2,2,84,227,109
28,green,1788789476,877832900,319,268,640,480,-1,2,84,224,108
28,green,1788789476,877832900,319,268,640,480,0,2,84,226,107
28,green,1788789476,877832900,319,268,640,480,1,2,83,229,109
28,green,1788789476,877832900,319,268,640,480,2,2,83,222,115
28,green,1788789476,877832900,319,268,640,480,3,2,83,216,118
28,green,1788789476,877832900,319,268,640,480,4,2,83,217,115
28,green,1788789476,877832900,319,268,640,480,5,2,83,229,109
28,green,1788789476,877832900,319,268,640,480,-5,3,84,215,115
28,green,1788789476,877832900,319,268,640,480,-4,3,84,217,114
28,green,1788789476,877832900,319,268,640,480,-3,3,84,219,113
28,green,1788789476,877832900,319,268,640,480,-2,3,84,218,111
28,green,1788789476,877832900,319,268,640,480,-1,3,84,222,109
28,green,1788789476,877832900,319,268,640,480,0,3,84,224,108
28,green,1788789476,877832900,319,268,640,480,1,3,83,227,110
28,green,1788789476,877832900,319,268,640,480,2,3,83,219,114
28,green,1788789476,877832900,319,268,640,480,3,3,83,214,117
28,green,1788789476,877832900,319,268,640,480,4,3,83,221,113
28,green,1788789476,877832900,319,268,640,480,5,3,83,236,106
28,green,1788789476,877832900,319,268,640,480,-5,4,83,201,117
28,green,1788789476,877832900,319,268,640,480,-4,4,83,204,116
28,green,1788789476,877832900,319,268,640,480,-3,4,83,206,115
28,green,1788789476,877832900,319,268,640,480,-2,4,83,212,114
28,green,1788789476,877832900,319,268,640,480,-1,4,83,220,110
28,green,1788789476,877832900,319,268,640,480,0,4,83,226,107
28,green,1788789476,877832900,319,268,640,480,1,4,84,218,111
28,green,1788789476,877832900,319,268,640,480,2,4,84,211,115
28,green,1788789476,877832900,319,268,640,480,3,4,84,204,119
28,green,1788789476,877832900,319,268,640,480,4,4,84,206,120
28,green,1788789476,877832900,319,268,640,480,5,4,84,213,116
28,green,1788789476,877832900,319,268,640,480,-5,5,83,191,116
28,green,1788789476,877832900,319,268,640,480,-4,5,83,199,114
28,green,1788789476,877832900,319,268,640,480,-3,5,83,209,112
28,green,1788789476,877832900,319,268,640,480,-2,5,83,218,109
28,green,1788789476,877832900,319,268,640,480,-1,5,83,220,108
28,green,1788789476,877832900,319,268,640,480,0,5,83,224,108
28,green,1788789476,877832900,319,268,640,480,1,5,84,212,112
28,green,1788789476,877832900,319,268,640,480,2,5,84,208,114
28,green,1788789476,877832900,319,268,640,480,3,5,84,207,117
28,green,1788789476,877832900,319,268,640,480,4,5,84,209,116
28,green,1788789476,877832900,319,268,640,480,5,5,84,221,112
29,green,1788789477,999583168,303,357,640,480,-5,-5,82,192,117
29,green,1788789477,999583168,303,357,640,480,-4,-5,82,187,120
29,green,1788789477,999583168,303,357,640,480,-3,-5,82,185,117
29,green,1788789477,999583168,303,357,640,480,-2,-5,82,190,114
29,green,1788789477,999583168,303,357,640,480,-1,-5,82,190,114
29,green,1788789477,999583168,303,357,640,480,0,-5,82,193,116
29,green,1788789477,999583168,303,357,640,480,1,-5,82,196,117
29,green,1788789477,999583168,303,357,640,480,2,-5,82,201,117
29,green,1788789477,999583168,303,357,640,480,3,-5,82,199,118
29,green,1788789477,999583168,303,357,640,480,4,-5,82,201,117
29,green,1788789477,999583168,303,357,640,480,5,-5,82,211,111
29,green,1788789477,999583168,303,357,640,480,-5,-4,82,190,114
29,green,1788789477,999583168,303,357,640,480,-4,-4,82,188,115
29,green,1788789477,999583168,303,357,640,480,-3,-4,82,188,114
29,green,1788789477,999583168,303,357,640,480,-2,-4,82,186,115
29,green,1788789477,999583168,303,357,640,480,-1,-4,82,185,116
29,green,1788789477,999583168,303,357,640,480,0,-4,82,184,118
29,green,1788789477,999583168,303,357,640,480,1,-4,82,208,113
29,green,1788789477,999583168,303,357,640,480,2,-4,82,210,114
29,green,1788789477,999583168,303,357,640,480,3,-4,82,207,116
29,green,1788789477,999583168,303,357,640,480,4,-4,82,205,117
29,green,1788789477,999583168,303,357,640,480,5,-4,82,214,112
29,green,1788789477,999583168,303,357,640,480,-5,-3,82,197,110
29,green,1788789477,999583168,303,357,640,480,-4,-3,82,201,108
29,green,1788789477,999583168,303,357,640,480,-3,-3,82,197,110
29,green,1788789477,999583168,303,357,640,480,-2,-3,82,194,112
29,green,1788789477,999583168,303,357,640,480,-1,-3,82,188,115
29,green,1788789477,999583168,303,357,640,480,0,-3,82,192,117
29,green,1788789477,999583168,303,357,640,480,1,-3,82,213,110
29,green,1788789477,999583168,303,357,640,480,2,-3,82,218,110
29,green,1788789477,999583168,303,357,640,480,3,-3,82,214,112
29,green,1788789477,999583168,303,357,640,480,4,-3,82,208,115
29,green,1788789477,999583168,303,357,640,480,5,-3,82,212,113
29,green,1788789477,999583168,303,357,640,480,-5,-2,82,203,107
29,green,1788789477,999583168,303,357,640,480,-4,-2,82,204,106
29,green,1788789477,999583168,303,357,640,480,-3,-2,82,201,108
29,green,1788789477,999583168,303,357,640,480,-2,-2,82,195,111
29,green,1788789477,999583168,303,357,640,480,-1,-2,82,195,111
29,green,1788789477,999583168,303,357,640,480,0,-2,82,202,111
29,green,1788789477,999583168,303,357,640,480,1,-2,82,213,110
29,green,1788789477,999583168,303,357,640,480,2,-2,82,220,109
29,green,1788789477,999583168,303,357,640,480,3,-2,82,216,111
29,green,1788789477,999583168,303,357,640,480,4,-2,82,210,114
29,green,1788789477,999583168,303,357,640,480,5,-2,82,212,113
29,green,1788789477,999583168,303,357,640,480,-5,-1,82,194,112
29,green,1788789477,999583168,303,357,640,480,-4,-1,82,194,112
29,green,1788789477,999583168,303,357,640,480,-3,-1,82,190,114
29,green,1788789477,999583168,303,357,640,480,-2,-1,82,190,114
29,green,1788789477,999583168,303,357,640,480,-1,-1,82,195,111
29,green,1788789477,999583168,303,357,640,480,0,-1,82,208,108
29,green,1788789477,999583168,303,357,640,480,1,-1,82,206,114
29,green,1788789477,999583168,303,357,640,480,2,-1,82,214,112
29,green,1788789477,999583168,303,357,640,480,3,-1,82,214,112
29,green,1788789477,999583168,303,357,640,480,4,-1,82,210,114
29,green,1788789477,999583168,303,357,640,480,5,-1,82,210,114
29,green,1788789477,999583168,303,357,640,480,-5,0,82,181,120
29,green,1788789477,999583168,303,357,640,480,-4,0,82,181,120
29,green,1788789477,999583168,303,357,640,480,-3,0,82,181,120
29,green,1788789477,999583168,303,357,640,480,-2,0,82,184,118
29,green,1788789477,999583168,303,357,640,480,-1,0,82,190,114
29,green,1788789477,999583168,303,357,640,480,0,0,82,200,112
29,green,1788789477,999583168,303,357,640,480,1,0,82,199,118
29,green,1788789477,999583168,303,357,640,480,2,0,82,208,115
29,green,1788789477,999583168,303,357,640,480,3,0,82,212,113
29,green,1788789477,999583168,303,357,640,480,4,0,82,208,115
29,green,1788789477,999583168,303,357,640,480,5,0,82,208,115
29,green,1788789477,999583168,303,357,640,480,-5,1,82,181,124
29,green,1788789477,999583168,303,357,640,480,-4,1,82,182,123
29,green,1788789477,999583168,303,357,640,480,-3,1,82,187,120
29,green,1788789477,999583168,303,357,640,480,-2,1,82,192,117
29,green,1788789477,999583168,303,357,640,480,-1,1,82,193,116
29,green,1788789477,999583168,303,357,640,480,0,1,82,196,117
29,green,1788789477,999583168,303,357,640,480,1,1,82,196,120
29,green,1788789477,999583168,303,357,640,480,2,1,82,207,116
29,green,1788789477,999583168,303,357,640,480,3,1,82,210,114
29,green,1788789477,999583168,303,357,640,480,4,1,82,207,116
29,green,1788789477,999583168,303,357,640,480,5,1,82,205,117
29,green,1788789477,999583168,303,357,640,480,-5,2,82,184,122
29,green,1788789477,999583168,303,357,640,480,-4,2,82,189,119
29,green,1788789477,999583168,303,357,640,480,-3,2,82,197,114
29,green,1788789477,999583168,303,357,640,480,-2,2,82,203,113
29,green,1788789477,999583168,303,357,640,480,-1,2,82,200,115
29,green,1788789477,999583168,303,357,640,480,0,2,82,199,118
29,green,1788789477,999583168,303,357,640,480,1,2,82,198,121
29,green,1788789477,999583168,303,357,640,480,2,2,82,208,115
29,green,1788789477,999583168,303,357,640,480,3,2,82,212,113
29,green,1788789477,999583168,303,357,640,480,4,2,82,205,117
29,green,1788789477,999583168,303,357,640,480,5,2,82,203,118
29,green,1788789477,999583168,303,357,640,480,-5,3,82,195,118
29,green,1788789477,999583168,303,357,640,480,-4,3,82,198,116
29,green,1788789477,999583168,303,357,640,480,-3,3,82,201,114
29,green,1788789477,999583168,303,357,640,480,-2,3,82,203,113
29,green,1788789477,999583168,303,357,640,480,-1,3,82,201,114
29,green,1788789477,999583168,303,357,640,480,0,3,82,202,116
29,green,1788789477,999583168,303,357,640,480,1,3,82,216,111
29,green,1788789477,999583168,303,357,640,480,2,3,82,212,113
29,green,1788789477,999583168,303,357,640,480,3,3,82,207,116
29,green,1788789477,999583168,303,357,640,480,4,3,82,205,117
29,green,1788789477,999583168,303,357,640,480,5,3,82,205,117
29,green,1788789477,999583168,303,357,640,480,-5,4,82,195,118
29,green,1788789477,999583168,303,357,640,480,-4,4,82,195,118
29,green,1788789477,999583168,303,357,640,480,-3,4,82,198,116
29,green,1788789477,999583168,303,357,640,480,-2,4,82,206,114
29,green,1788789477,999583168,303,357,640,480,-1,4,82,208,113
29,green,1788789477,999583168,303,357,640,480,0,4,82,208,113
29,green,1788789477,999583168,303,357,640,480,1,4,82,205,117
29,green,1788789477,999583168,303,357,640,480,2,4,82,203,118
29,green,1788789477,999583168,303,357,640,480,3,4,82,200,120
29,green,1788789477,999583168,303,357,640,480,4,4,82,200,120
29,green,1788789477,999583168,303,357,640,480,5,4,82,203,118
29,green,1788789477,999583168,303,357,640,480,-5,5,82,196,117
29,green,1788789477,999583168,303,357,640,480,-4,5,82,193,119
29,green,1788789477,999583168,303,357,640,480,-3,5,82,201,117
29,green,1788789477,999583168,303,357,640,480,-2,5,82,206,114
29,green,1788789477,999583168,303,357,640,480,-1,5,82,209,112
29,green,1788789477,999583168,303,357,640,480,0,5,82,212,113
29,green,1788789477,999583168,303,357,640,480,1,5,82,201,119
29,green,1788789477,999583168,303,357,640,480,2,5,82,201,119
29,green,1788789477,999583168,303,357,640,480,3,5,82,200,120
29,green,1788789477,999583168,303,357,640,480,4,5,82,198,121
29,green,1788789477,999583168,303,357,640,480,5,5,82,200,120
30,green,1788789478,877679388,324,372,640,480,-5,-5,82,235,102
30,green,1788789478,877679388,324,372,640,480,-4,-5,82,218,103
30,green,1788789478,877679388,324,372,640,480,-3,-5,83,203,107
30,green,1788789478,877679388,324,372,640,480,-2,-5,82,208,108
30,green,1788789478,877679388,324,372,640,480,-1,-5,82,220,102
30,green,1788789478,877679388,324,372,640,480,0,-5,82,224,100
30,green,1788789478,877679388,324,372,640,480,1,-5,82,208,104
30,green,1788789478,877679388,324,372,640,480,2,-5,82,199,109
30,green,1788789478,877679388,324,372,640,480,3,-5,81,195,110
30,green,1788789478,877679388,324,372,640,480,4,-5,82,216,97
30,green,1788789478,877679388,324,372,640,480,5,-5,81,209,95
30,green,1788789478,877679388,324,372,640,480,-5,-4,82,221,106
30,green,1788789478,877679388,324,372,640,480,-4,-4,82,228,103
30,green,1788789478,877679388,324,372,640,480,-3,-4,82,219,107
30,green,1788789478,877679388,324,372,640,480,-2,-4,82,209,110
30,green,1788789478,877679388,324,372,640,480,-1,-4,82,211,109
30,green,1788789478,877679388,324,372,640,480,0,-4,82,217,106
30,green,1788789478,877679388,324,372,640,480,1,-4,81,220,102
30,green,1788789478,877679388,324,372,640,480,2,-4,81,217,101
30,green,1788789478,877679388,324,372,640,480,3,-4,81,210,102
30,green,1788789478,877679388,324,372,640,480,4,-4,82,218,96
30,green,1788789478,877679388,324,372,640,480,5,-4,81,212,94
30,green,1788789478,877679388,324,372,640,480,-5,-3,82,217,108
30,green,1788789478,877679388,324,372,640,480,-4,-3,82,211,111
30,green,1788789478,877679388,324,372,640,480,-3,-3,82,210,114
30,green,1788789478,877679388,324,372,640,480,-2,-3,82,208,113
30,green,1788789478,877679388,324,372,640,480,-1,-3,82,213,110
30,green,1788789478,877679388,324,372,640,480,0,-3,81,221,104
30,green,1788789478,877679388,324,372,640,480,1,-3,81,227,99
30,green,1788789478,877679388,324,372,640,480,2,-3,81,224,98
30,green,1788789478,877679388,324,372,640,480,3,-3,81,221,97
30,green,1788789478,877679388,324,372,640,480,4,-3,81,216,98
30,green,1788789478,877679388,324,372,640,480,5,-3,81,213,96
30,green,1788789478,877679388,324,372,640,480,-5,-2,82,211,111
30,green,1788789478,877679388,324,372,640,480,-4,-2,82,204,115
30,green,1788789478,877679388,324,372,640,480,-3,-2,82,207,116
30,green,1788789478,877679388,324,372,640,480,-2,-2,82,208,113
30,green,1788789478,877679388,324,372,640,480,-1,-2,82,217,108
30,green,1788789478,877679388,324,372,640,480,0,-2,81,223,103
30,green,1788789478,877679388,324,372,640,480,1,-2,81,227,99
30,green,1788789478,877679388,324,372,640,480,2,-2,81,224,98
30,green,1788789478,877679388,324,372,640,480,3,-2,81,219,98
30,green,1788789478,877679388,324,372,640,480,4,-2,81,214,99
30,green,1788789478,877679388,324,372,640,480,5,-2,81,213,96
30,green,1788789478,877679388,324,372,640,480,-5,-1,82,205,112
30,green,1788789478,877679388,324,372,640,480,-4,-1,82,206,114
30,green,1788789478,877679388,324,372,640,480,-3,-1,82,210,114
30,green,1788789478,877679388,324,372,640,480,-2,-1,82,213,110
30,green,1788789478,877679388,324,372,640,480,-1,-1,82,217,106
30,green,1788789478,877679388,324,372,640,480,0,-1,81,218,103
30,green,1788789478,877679388,324,372,640,480,1,-1,81,222,101
30,green,1788789478,877679388,324,372,640,480,2,-1,81,212,101
30,green,1788789478,877679388,324,372,640,480,3,-1,82,207,101
30,green,1788789478,877679388,324,372,640,480,4,-1,81,206,99
30,green,1788789478,877679388,324,372,640,480,5,-1,81,207,96
30,green,1788789478,877679388,324,372,640,480,-5,0,82,203,113
30,green,1788789478,877679388,324,372,640,480,-4,0,82,204,115
30,green,1788789478,877679388,324,372,640,480,-3,0,82,209,112
30,green,1788789478,877679388,324,372,640,480,-2,0,82,212,108
30,green,1788789478,877679388,324,372,640,480,-1,0,82,219,105
30,green,1788789478,877679388,324,372,640,480,0,0,81,218,103
30,green,1788789478,877679388,324,372,640,480,1,0,81,220,102
30,green,1788789478,877679388,324,372,640,480,2,0,81,212,101
30,green,1788789478,877679388,324,372,640,480,3,0,82,209,100
30,green,1788789478,877679388,324,372,640,480,4,0,81,206,99
30,green,1788789478,877679388,324,372,640,480,5,0,81,207,96
30,green,1788789478,877679388,324,372,640,480,-5,1,82,205,112
30,green,1788789478,877679388,324,372,640,480,-4,1,82,201,117
30,green,1788789478,877679388,324,372,640,480,-3,1,82,208,113
30,green,1788789478,877679388,324,372,640,480,-2,1,82,211,109
30,green,1788789478,877679388,324,372,640,480,-1,1,82,219,105
30,green,1788789478,877679388,324,372,640,480,0,1,81,218,103
30,green,1788789478,877679388,324,372,640,480,1,1,81,219,100
30,green,1788789478,877679388,324,372,640,480,2,1,81,223,96
30,green,1788789478,877679388,324,372,640,480,3,1,82,225,93
30,green,1788789478,877679388,324,372,640,480,4,1,81,210,97
30,green,1788789478,877679388,324,372,640,480,5,1,81,207,96
30,green,1788789478,877679388,324,372,640,480,-5,2,82,209,110
30,green,1788789478,877679388,324,372,640,480,-4,2,82,208,113
30,green,1788789478,877679388,324,372,640,480,-3,2,82,213,110
30,green,1788789478,877679388,324,372,640,480,-2,2,82,217,106
30,green,1788789478,877679388,324,372,640,480,-1,2,82,219,105
30,green,1788789478,877679388,324,372,640,480,0,2,81,216,104
30,green,1788789478,877679388,324,372,640,480,1,2,81,217,101
30,green,1788789478,877679388,324,372,640,480,2,2,81,223,96
30,green,1788789478,877679388,324,372,640,480,3,2,82,230,91
30,green,1788789478,877679388,324,372,640,480,4,2,81,215,95
30,green,1788789478,877679388,324,372,640,480,5,2,81,209,95
30,green,1788789478,877679388,324,372,640,480,-5,3,82,210,107
30,green,1788789478,877679388,324,372,640,480,-4,3,82,219,105
30,green,1788789478,877679388,324,372,640,480,-3,3,82,228,103
30,green,1788789478,877679388,324,372,640,480,-2,3,82,225,102
30,green,1788789478,877679388,324,372,640,480,-1,3,82,218,103
30,green,1788789478,877679388,324,372,640,480,0,3,81,209,105
30,green,1788789478,877679388,324,372,640,480,1,3,81,208,103
30,green,1788789478,877679388,324,372,640,480,2,3,82,213,98
30,green,1788789478,877679388,324,372,640,480,3,3,82,217,93
30,green,1788789478,877679388,324,372,640,480,4,3,81,214,93
30,green,1788789478,877679388,324,372,640,480,5,3,81,206,93
30,green,1788789478,877679388,324,372,640,480,-5,4,82,208,108
30,green,1788789478,877679388,324,372,640,480,-4,4,82,203,113
30,green,1788789478,877679388,324,372,640,480,-3,4,82,217,106
30,green,1788789478,877679388,324,372,640,480,-2,4,82,222,101
30,green,1788789478,877679388,324,372,640,480,-1,4,82,214,105
30,green,1788789478,877679388,324,372,640,480,0,4,81,192,114
30,green,1788789478,877679388,324,372,640,480,1,4,81,190,113
30,green,1788789478,877679388,324,372,640,480,2,4,82,207,101
30,green,1788789478,877679388,324,372,640,480,3,4,82,226,89
30,green,1788789478,877679388,324,372,640,480,4,4,81,216,92
30,green,1788789478,877679388,324,372,640,480,5,4,81,201,95
30,green,1788789478,877679388,324,372,640,480,-5,5,82,201,108
30,green,1788789478,877679388,324,372,640,480,-4,5,82,204,110
30,green,1788789478,877679388,324,372,640,480,-3,5,82,219,105
30,green,1788789478,877679388,324,372,640,480,-2,5,82,222,101
30,green,1788789478,877679388,324,372,640,480,-1,5,82,208,104
30,green,1788789478,877679388,324,372,640,480,0,5,81,193,111
30,green,1788789478,877679388,324,372,640,480,1,5,81,193,111
30,green,1788789478,877679388,324,372,640,480,2,5,82,199,101
30,green,1788789478,877679388,324,372,640,480,3,5,82,216,92
30,green,1788789478,877679388,324,372,640,480,4,5,81,206,93
30,green,1788789478,877679388,324,372,640,480,5,5,81,197,96
31,green,1788789479,627765278,329,339,640,480,-5,-5,83,229,109
31,green,1788789479,627765278,329,339,640,480,-4,-5,83,227,110
31,green,1788789479,627765278,329,339,640,480,-3,-5,82,231,108
31,green,1788789479,627765278,329,339,640,480,-2,-5,82,233,104
31,green,1788789479,627765278,329,339,640,480,-1,-5,82,242,99
31,green,1788789479,627765278,329,339,640,480,0,-5,82,237,97
31,green,1788789479,627765278,329,339,640,480,1,-5,82,234,96
31,green,1788789479,627765278,329,339,640,480,2,-5,82,228,94
31,green,1788789479,627765278,329,339,640,480,3,-5,82,217,93
31,green,1788789479,627765278,329,339,640,480,4,-5,82,207,96
31,green,1788789479,627765278,329,339,640,480,5,-5,82,190,98
31,green,1788789479,627765278,329,339,640,480,-5,-4,83,227,110
31,green,1788789479,627765278,329,339,640,480,-4,-4,83,229,109
31,green,1788789479,627765278,329,339,640,480,-3,-4,82,236,106
31,green,1788789479,627765278,329,339,640,480,-2,-4,82,240,101
31,green,1788789479,627765278,329,339,640,480,-1,-4,82,252,95
31,green,1788789479,627765278,329,339,640,480,0,-4,82,244,94
31,green,1788789479,627765278,329,339,640,480,1,-4,82,239,94
31,green,1788789479,627765278,329,339,640,480,2,-4,82,230,93
31,green,1788789479,627765278,329,339,640,480,3,-4,82,217,93
31,green,1788789479,627765278,329,339,640,480,4,-4,82,205,97
31,green,1788789479,627765278,329,339,640,480,5,-4,82,188,102
31,green,1788789479,627765278,329,339,640,480,-5,-3,83,224,114
31,green,1788789479,627765278,329,339,640,480,-4,-3,83,243,105
31,green,1788789479,627765278,329,339,640,480,-3,-3,82,255,97
31,green,1788789479,627765278,329,339,640,480,-2,-3,82,255,95
31,green,1788789479,627765278,329,339,640,480,-1,-3,82,240,100
31,green,1788789479,627765278,329,339,640,480,0,-3,82,250,94
31,green,1788789479,627765278,329,339,640,480,1,-3,82,247,91
31,green,1788789479,627765278,329,339,640,480,2,-3,82,228,94
31,green,1788789479,627765278,329,339,640,480,3,-3,82,207,101
31,green,1788789479,627765278,329,339,640,480,4,-3,82,189,105
31,green,1788789479,627765278,329,339,640,480,5,-3,82,188,102
31,green,1788789479,627765278,329,339,640,480,-5,-2,83,214,117
31,green,1788789479,627765278,329,339,640,480,-4,-2,83,229,109
31,green,1788789479,627765278,329,339,640,480,-3,-2,82,243,103
31,green,1788789479,627765278,329,339,640,480,-2,-2,82,238,102
31,green,1788789479,627765278,329,339,640,480,-1,-2,82,242,99
31,green,1788789479,627765278,329,339,640,480,0,-2,82,247,95
31,green,1788789479,627765278,329,339,640,480,1,-2,82,241,93
31,green,1788789479,627765278,329,339,640,480,2,-2,82,225,95
31,green,1788789479,627765278,329,339,640,480,3,-2,82,206,98
31,green,1788789479,627765278,329,339,640,480,4,-2,82,199,100
31,green,1788789479,627765278,329,339,640,480,5,-2,82,195,98
31,green,1788789479,627765278,329,339,640,480,-5,-1,83,211,115
31,green,1788789479,627765278,329,339,640,480,-4,-1,83,220,110
31,green,1788789479,627765278,329,339,640,480,-3,-1,82,231,105
31,green,1788789479,627765278,329,339,640,480,-2,-1,82,233,104
31,green,1788789479,627765278,329,339,640,480,-1,-1,82,239,98
31,green,1788789479,627765278,329,339,640,480,0,-1,82,234,98
31,green,1788789479,627765278,329,339,640,480,1,-1,82,228,95
31,green,1788789479,627765278,329,339,640,480,2,-1,82,220,95
31,green,1788789479,627765278,329,339,640,480,3,-1,82,209,95
31,green,1788789479,627765278,329,339,640,480,4,-1,82,203,94
31,green,1788789479,627765278,329,339,640,480,5,-1,82,200,93
31,green,1788789479,627765278,329,339,640,480,-5,0,83,222,109
31,green,1788789479,627765278,329,339,640,480,-4,0,83,231,105
31,green,1788789479,627765278,329,339,640,480,-3,0,82,238,102
31,green,1788789479,627765278,329,339,640,480,-2,0,82,240,100
31,green,1788789479,627765278,329,339,640,480,-1,0,82,232,99
31,green,1788789479,627765278,329,339,640,480,0,0,82,224,100
31,green,1788789479,627765278,329,339,640,480,1,0,82,214,100
31,green,1788789479,627765278,329,339,640,480,2,0,82,213,98
31,green,1788789479,627765278,329,339,640,480,3,0,82,212,94
31,green,1788789479,627765278,329,339,640,480,4,0,82,205,91
31,green,1788789479,627765278,329,339,640,480,5,0,82,200,92
31,green,1788789479,627765278,329,339,640,480,-5,1,83,228,104
31,green,1788789479,627765278,329,339,640,480,-4,1,83,235,101
31,green,1788789479,627765278,329,339,640,480,-3,1,82,240,100
31,green,1788789479,627765278,329,339,640,480,-2,1,83,244,96
31,green,1788789479,627765278,329,339,640,480,-1,1,82,222,101
31,green,1788789479,627765278,329,339,640,480,0,1,82,215,101
31,green,1788789479,627765278,329,339,640,480,1,1,82,207,101
31,green,1788789479,627765278,329,339,640,480,2,1,82,203,99
31,green,1788789479,627765278,329,339,640,480,3,1,82,201,95
31,green,1788789479,627765278,329,339,640,480,4,1,82,200,93
31,green,1788789479,627765278,329,339,640,480,5,1,82,189,93
31,green,1788789479,627765278,329,339,640,480,-5,2,83,226,104
31,green,1788789479,627765278,329,339,640,480,-4,2,83,228,103
31,green,1788789479,627765278,329,339,640,480,-3,2,83,230,102
31,green,1788789479,627765278,329,339,640,480,-2,2,83,229,99
31,green,1788789479,627765278,329,339,640,480,-1,2,82,217,100
31,green,1788789479,627765278,329,339,640,480,0,2,82,214,100
31,green,1788789479,627765278,329,339,640,480,1,2,82,206,98
31,green,1788789479,627765278,329,339,640,480,2,2,82,202,97
31,green,1788789479,627765278,329,339,640,480,3,2,82,192,97
31,green,1788789479,627765278,329,339,640,480,4,2,82,187,98
31,green,1788789479,627765278,329,339,640,480,5,2,82,180,95
31,green,1788789479,627765278,329,339,640,480,-5,3,83,220,103
31,green,1788789479,627765278,329,339,640,480,-4,3,83,216,105
31,green,1788789479,627765278,329,339,640,480,-3,3,83,212,107
31,green,1788789479,627765278,329,339,640,480,-2,3,82,214,105
31,green,1788789479,627765278,329,339,640,480,-1,3,82,221,98
31,green,1788789479,627765278,329,339,640,480,0,3,82,223,96
31,green,1788789479,627765278,329,339,640,480,1,3,82,217,93
31,green,1788789479,627765278,329,339,640,480,2,3,82,203,94
31,green,1788789479,627765278,329,339,640,480,3,3,82,187,98
31,green,1788789479,627765278,329,339,640,480,4,3,82,176,100
31,green,1788789479,627765278,329,339,640,480,5,3,82,174,98
31,green,1788789479,627765278,329,339,640,480,-5,4,83,223,102
31,green,1788789479,627765278,329,339,640,480,-4,4,83,214,106
31,green,1788789479,627765278,329,339,640,480,-3,4,82,206,109
31,green,1788789479,627765278,329,339,640,480,-2,4,82,210,107
31,green,1788789479,627765278,329,339,640,480,-1,4,82,221,97
31,green,1788789479,627765278,329,339,640,480,0,4,82,230,91
31,green,1788789479,627765278,329,339,640,480,1,4,82,229,88
31,green,1788789479,627765278,329,339,640,480,2,4,82,208,92
31,green,1788789479,627765278,329,339,640,480,3,4,82,185,99
31,green,1788789479,627765278,329,339,640,480,4,4,82,173,102
31,green,1788789479,627765278,329,339,640,480,5,4,82,167,98
31,green,1788789479,627765278,329,339,640,480,-5,5,83,220,103
31,green,1788789479,627765278,329,339,640,480,-4,5,83,223,102
31,green,1788789479,627765278,329,339,640,480,-3,5,82,220,102
31,green,1788789479,627765278,329,339,640,480,-2,5,82,220,102
31,green,1788789479,627765278,329,339,640,480,-1,5,82,202,106
31,green,1788789479,627765278,329,339,640,480,0,5,82,220,95
31,green,1788789479,627765278,329,339,640,480,1,5,82,229,88
31,green,1788789479,627765278,329,339,640,480,2,5,82,210,91
31,green,1788789479,627765278,329,339,640,480,3,5,82,191,96
31,green,1788789479,627765278,329,339,640,480,4,5,82,181,97
31,green,1788789479,627765278,329,339,640,480,5,5,82,168,97
32,green,1788789480,249361508,329,328,640,480,-5,-5,83,218,109
32,green,1788789480,249361508,329,328,640,480,-4,-5,83,216,110
32,green,1788789480,249361508,329,328,640,480,-3,-5,83,213,110
32,green,1788789480,249361508,329,328,640,480,-2,-5,83,210,108
32,green,1788789480,249361508,329,328,640,480,-1,-5,82,214,105
32,green,1788789480,249361508,329,328,640,480,0,-5,82,215,101
32,green,1788789480,249361508,329,328,640,480,1,-5,82,216,97
32,green,1788789480,249361508,329,328,640,480,2,-5,82,210,96
32,green,1788789480,249361508,329,328,640,480,3,-5,82,195,98
32,green,1788789480,249361508,329,328,640,480,4,-5,82,185,99
32,green,1788789480,249361508,329,328,640,480,5,-5,82,176,100
32,green,1788789480,249361508,329,328,640,480,-5,-4,83,220,110
32,green,1788789480,249361508,329,328,640,480,-4,-4,83,220,110
32,green,1788789480,249361508,329,328,640,480,-3,-4,82,220,109
32,green,1788789480,249361508,329,328,640,480,-2,-4,82,218,110
32,green,1788789480,249361508,329,328,640,480,-1,-4,82,230,102
32,green,1788789480,249361508,329,328,640,480,0,-4,82,229,98
32,green,1788789480,249361508,329,328,640,480,1,-4,82,228,94
32,green,1788789480,249361508,329,328,640,480,2,-4,82,222,94
32,green,1788789480,249361508,329,328,640,480,3,-4,82,205,97
32,green,1788789480,249361508,329,328,640,480,4,-4,82,189,101
32,green,1788789480,249361508,329,328,640,480,5,-4,82,178,103
32,green,1788789480,249361508,329,328,640,480,-5,-3,83,225,111
32,green,1788789480,249361508,329,328,640,480,-4,-3,83,231,108
32,green,1788789480,249361508,329,328,640,480,-3,-3,82,234,107
32,green,1788789480,249361508,329,328,640,480,-2,-3,82,224,108
32,green,1788789480,249361508,329,328,640,480,-1,-3,82,240,100
32,green,1788789480,249361508,329,328,640,480,0,-3,82,244,96
32,green,1788789480,249361508,329,328,640,480,1,-3,82,236,92
32,green,1788789480,249361508,329,328,640,480,2,-3,82,230,93
32,green,1788789480,249361508,329,328,640,480,3,-3,82,212,95
32,green,1788789480,249361508,329,328,640,480,4,-3,82,197,101
32,green,1788789480,249361508,329,328,640,480,5,-3,82,181,103
32,green,1788789480,249361508,329,328,640,480,-5,-2,83,228,112
32,green,1788789480,249361508,329,328,640,480,-4,-2,83,238,107
32,green,1788789480,249361508,329,328,640,480,-3,-2,82,243,105
32,green,1788789480,249361508,329,328,640,480,-2,-2,82,234,107
32,green,1788789480,249361508,329,328,640,480,-1,-2,82,240,102
32,green,1788789480,249361508,329,328,640,480,0,-2,82,245,98
32,green,1788789480,249361508,329,328,640,480,1,-2,82,244,92
32,green,1788789480,249361508,329,328,640,480,2,-2,82,238,91
32,green,1788789480,249361508,329,328,640,480,3,-2,82,220,95
32,green,1788789480,249361508,329,328,640,480,4,-2,82,203,99
32,green,1788789480,249361508,329,328,640,480,5,-2,82,188,102
32,green,1788789480,249361508,329,328,640,480,-5,-1,83,234,111
32,green,1788789480,249361508,329,328,640,480,-4,-1,83,245,106
32,green,1788789480,249361508,329,328,640,480,-3,-1,82,245,104
32,green,1788789480,249361508,329,328,640,480,-2,-1,82,241,106
32,green,1788789480,249361508,329,328,640,480,-1,-1,82,240,105
32,green,1788789480,249361508,329,328,640,480,0,-1,82,242,99
32,green,1788789480,249361508,329,328,640,480,1,-1,82,244,94
32,green,1788789480,249361508,329,328,640,480,2,-1,82,238,91
32,green,1788789480,249361508,329,328,640,480,3,-1,81,228,94
32,green,1788789480,249361508,329,328,640,480,4,-1,82,208,97
32,green,1788789480,249361508,329,328,640,480,5,-1,82,199,100
32,green,1788789480,249361508,329,328,640,480,-5,0,83,255,101
32,green,1788789480,249361508,329,328,640,480,-4,0,83,255,98
32,green,1788789480,249361508,329,328,640,480,-3,0,82,250,105
32,green,1788789480,249361508,329,328,640,480,-2,0,82,230,111
32,green,1788789480,249361508,329,328,640,480,-1,0,82,250,101
32,green,1788789480,249361508,329,328,640,480,0,0,82,247,97
32,green,1788789480,249361508,329,328,640,480,1,0,82,252,93
32,green,1788789480,249361508,329,328,640,480,2,0,82,247,91
32,green,1788789480,249361508,329,328,640,480,3,0,81,235,91
32,green,1788789480,249361508,329,328,640,480,4,0,82,217,93
32,green,1788789480,249361508,329,328,640,480,5,0,82,205,97
32,green,1788789480,249361508,329,328,640,480,-5,1,83,245,106
32,green,1788789480,249361508,329,328,640,480,-4,1,83,255,101
32,green,1788789480,249361508,329,328,640,480,-3,1,82,255,103
32,green,1788789480,249361508,329,328,640,480,-2,1,82,238,107
32,green,1788789480,249361508,329,328,640,480,-1,1,82,250,101
32,green,1788789480,249361508,329,328,640,480,0,1,82,245,98
32,green,1788789480,249361508,329,328,640,480,1,1,82,244,96
32,green,1788789480,249361508,329,328,640,480,2,1,82,236,95
32,green,1788789480,249361508,329,328,640,480,3,1,81,225,95
32,green,1788789480,249361508,329,328,640,480,4,1,82,216,97
32,green,1788789480,249361508,329,328,640,480,5,1,82,199,100
32,green,1788789480,249361508,329,328,640,480,-5,2,83,232,112
32,green,1788789480,249361508,329,328,640,480,-4,2,83,253,103
32,green,1788789480,249361508,329,328,640,480,-3,2,82,252,101
32,green,1788789480,249361508,329,328,640,480,-2,2,82,250,102
32,green,1788789480,249361508,329,328,640,480,-1,2,82,252,100
32,green,1788789480,249361508,329,328,640,480,0,2,82,245,98
32,green,1788789480,249361508,329,328,640,480,1,2,82,234,98
32,green,1788789480,249361508,329,328,640,480,2,2,82,221,98
32,green,1788789480,249361508,329,328,640,480,3,2,81,214,100
32,green,1788789480,249361508,329,328,640,480,4,2,82,207,101
32,green,1788789480,249361508,329,328,640,480,5,2,82,193,103
32,green,1788789480,249361508,329,328,640,480,-5,3,83,226,113
32,green,1788789480,249361508,329,328,640,480,-4,3,83,243,105
32,green,1788789480,249361508,329,328,640,480,-3,3,82,250,102
32,green,1788789480,249361508,329,328,640,480,-2,3,82,250,100
32,green,1788789480,249361508,329,328,640,480,-1,3,82,250,98
32,green,1788789480,249361508,329,328,640,480,0,3,82,245,98
32,green,1788789480,249361508,329,328,640,480,1,3,82,232,99
32,green,1788789480,249361508,329,328,640,480,2,3,82,219,99
32,green,1788789480,249361508,329,328,640,480,3,3,82,207,101
32,green,1788789480,249361508,329,328,640,480,4,3,82,198,102
32,green,1788789480,249361508,329,328,640,480,5,3,82,191,104
32,green,1788789480,249361508,329,328,640,480,-5,4,83,229,109
32,green,1788789480,249361508,329,328,640,480,-4,4,83,240,104
32,green,1788789480,249361508,329,328,640,480,-3,4,82,243,103
32,green,1788789480,249361508,329,328,640,480,-2,4,82,240,104
32,green,1788789480,249361508,329,328,640,480,-1,4,82,252,95
32,green,1788789480,249361508,329,328,640,480,0,4,82,244,96
32,green,1788789480,249361508,329,328,640,480,1,4,82,231,97
32,green,1788789480,249361508,329,328,640,480,2,4,82,219,98
32,green,1788789480,249361508,329,328,640,480,3,4,82,203,99
32,green,1788789480,249361508,329,328,640,480,4,4,82,197,101
32,green,1788789480,249361508,329,328,640,480,5,4,82,188,102
32,green,1788789480,249361508,329,328,640,480,-5,5,83,234,107
32,green,1788789480,249361508,329,328,640,480,-4,5,83,240,104
32,green,1788789480,249361508,329,328,640,480,-3,5,82,238,105
32,green,1788789480,249361508,329,328,640,480,-2,5,82,231,105
32,green,1788789480,249361508,329,328,640,480,-1,5,82,244,96
32,green,1788789480,249361508,329,328,640,480,0,5,82,239,96
32,green,1788789480,249361508,329,328,640,480,1,5,82,228,95
32,green,1788789480,249361508,329,328,640,480,2,5,82,223,96
32,green,1788789480,249361508,329,328,640,480,3,5,82,210,96
32,green,1788789480,249361508,329,328,640,480,4,5,82,195,98
32,green,1788789480,249361508,329,328,640,480,5,5,82,186,100
33,green,1788789481,249703708,333,294,640,480,-5,-5,83,238,105
33,green,1788789481,249703708,333,294,640,480,-4,-5,83,237,100
33,green,1788789481,249703708,333,294,640,480,-3,-5,83,236,96
33,green,1788789481,249703708,333,294,640,480,-2,-5,83,223,97
33,green,1788789481,249703708,333,294,640,480,-1,-5,84,211,98
33,green,1788789481,249703708,333,294,640,480,0,-5,84,199,100
33,green,1788789481,249703708,333,294,640,480,1,-5,84,194,101
33,green,1788789481,249703708,333,294,640,480,2,-5,83,191,99
33,green,1788789481,249703708,333,294,640,480,3,-5,83,189,100
33,green,1788789481,249703708,333,294,640,480,4,-5,82,184,104
33,green,1788789481,249703708,333,294,640,480,5,-5,82,180,106
33,green,1788789481,249703708,333,294,640,480,-5,-4,83,238,105
33,green,1788789481,249703708,333,294,640,480,-4,-4,83,237,100
33,green,1788789481,249703708,333,294,640,480,-3,-4,83,234,97
33,green,1788789481,249703708,333,294,640,480,-2,-4,83,226,96
33,green,1788789481,249703708,333,294,640,480,-1,-4,83,214,99
33,green,1788789481,249703708,333,294,640,480,0,-4,84,197,101
33,green,1788789481,249703708,333,294,640,480,1,-4,84,191,103
33,green,1788789481,249703708,333,294,640,480,2,-4,83,183,103
33,green,1788789481,249703708,333,294,640,480,3,-4,83,193,102
33,green,1788789481,249703708,333,294,640,480,4,-4,82,189,104
33,green,1788789481,249703708,333,294,640,480,5,-4,82,189,104
33,green,1788789481,249703708,333,294,640,480,-5,-3,83,243,103
33,green,1788789481,249703708,333,294,640,480,-4,-3,83,240,99
33,green,1788789481,249703708,333,294,640,480,-3,-3,83,236,96
33,green,1788789481,249703708,333,294,640,480,-2,-3,83,226,96
33,green,1788789481,249703708,333,294,640,480,-1,-3,83,218,97
33,green,1788789481,249703708,333,294,640,480,0,-3,84,199,100
33,green,1788789481,249703708,333,294,640,480,1,-3,84,189,104
33,green,1788789481,249703708,333,294,640,480,2,-3,83,185,106
33,green,1788789481,249703708,333,294,640,480,3,-3,83,191,103
33,green,1788789481,249703708,333,294,640,480,4,-3,82,194,104
33,green,1788789481,249703708,333,294,640,480,5,-3,82,193,102
33,green,1788789481,249703708,333,294,640,480,-5,-2,83,250,100
33,green,1788789481,249703708,333,294,640,480,-4,-2,83,242,98
33,green,1788789481,249703708,333,294,640,480,-3,-2,83,242,97
33,green,1788789481,249703708,333,294,640,480,-2,-2,83,234,95
33,green,1788789481,249703708,333,294,640,480,-1,-2,83,220,96
33,green,1788789481,249703708,333,294,640,480,0,-2,84,205,97
33,green,1788789481,249703708,333,294,640,480,1,-2,84,193,102
33,green,1788789481,249703708,333,294,640,480,2,-2,83,187,105
33,green,1788789481,249703708,333,294,640,480,3,-2,83,198,102
33,green,1788789481,249703708,333,294,640,480,4,-2,82,201,104
33,green,1788789481,249703708,333,294,640,480,5,-2,82,198,102
33,green,1788789481,249703708,333,294,640,480,-5,-1,83,250,97
33,green,1788789481,249703708,333,294,640,480,-4,-1,83,244,97
33,green,1788789481,249703708,333,294,640,480,-3,-1,83,237,99
33,green,1788789481,249703708,333,294,640,480,-2,-1,83,226,98
33,green,1788789481,249703708,333,294,640,480,-1,-1,83,218,97
33,green,1788789481,249703708,333,294,640,480,0,-1,84,213,97
33,green,1788789481,249703708,333,294,640,480,1,-1,84,201,99
33,green,1788789481,249703708,333,294,640,480,2,-1,83,196,103
33,green,1788789481,249703708,333,294,640,480,3,-1,83,209,99
33,green,1788789481,249703708,333,294,640,480,4,-1,82,205,102
33,green,1788789481,249703708,333,294,640,480,5,-1,82,205,102
33,green,1788789481,249703708,333,294,640,480,-5,0,83,252,96
33,green,1788789481,249703708,333,294,640,480,-4,0,83,240,99
33,green,1788789481,249703708,333,294,640,480,-3,0,83,228,103
33,green,1788789481,249703708,333,294,640,480,-2,0,83,218,102
33,green,1788789481,249703708,333,294,640,480,-1,0,83,217,100
33,green,1788789481,249703708,333,294,640,480,0,0,84,213,97
33,green,1788789481,249703708,333,294,640,480,1,0,84,203,98
33,green,1788789481,249703708,333,294,640,480,2,0,83,199,101
33,green,1788789481,249703708,333,294,640,480,3,0,83,215,96
33,green,1788789481,249703708,333,294,640,480,4,0,82,212,101
33,green,1788789481,249703708,333,294,640,480,5,0,82,208,103
33,green,1788789481,249703708,333,294,640,480,-5,1,83,255,98
33,green,1788789481,249703708,333,294,640,480,-4,1,83,238,102
33,green,1788789481,249703708,333,294,640,480,-3,1,83,221,106
33,green,1788789481,249703708,333,294,640,480,-2,1,83,214,106
33,green,1788789481,249703708,333,294,640,480,-1,1,83,210,103
33,green,1788789481,249703708,333,294,640,480,0,1,83,212,100
33,green,1788789481,249703708,333,294,640,480,1,1,84,209,99
33,green,1788789481,249703708,333,294,640,480,2,1,83,207,100
33,green,1788789481,249703708,333,294,640,480,3,1,83,223,95
33,green,1788789481,249703708,333,294,640,480,4,1,82,216,99
33,green,1788789481,249703708,333,294,640,480,5,1,82,208,103
33,green,1788789481,249703708,333,294,640,480,-5,2,83,247,101
33,green,1788789481,249703708,333,294,640,480,-4,2,83,240,101
33,green,1788789481,249703708,333,294,640,480,-3,2,83,226,104
33,green,1788789481,249703708,333,294,640,480,-2,2,83,214,106
33,green,1788789481,249703708,333,294,640,480,-1,2,83,204,106
33,green,1788789481,249703708,333,294,640,480,0,2,83,205,103
33,green,1788789481,249703708,333,294,640,480,1,2,83,216,98
33,green,1788789481,249703708,333,294,640,480,2,2,83,223,95
33,green,1788789481,249703708,333,294,640,480,3,2,83,223,95
33,green,1788789481,249703708,333,294,640,480,4,2,82,223,96
33,green,1788789481,249703708,333,294,640,480,5,2,82,223,96
33,green,1788789481,249703708,333,294,640,480,-5,3,83,245,102
33,green,1788789481,249703708,333,294,640,480,-4,3,83,247,98
33,green,1788789481,249703708,333,294,640,480,-3,3,83,247,96
33,green,1788789481,249703708,333,294,640,480,-2,3,83,232,101
33,green,1788789481,249703708,333,294,640,480,-1,3,83,209,106
33,green,1788789481,249703708,333,294,640,480,0,3,83,203,107
33,green,1788789481,249703708,333,294,640,480,1,3,83,210,101
33,green,1788789481,249703708,333,294,640,480,2,3,83,225,94
33,green,1788789481,249703708,333,294,640,480,3,3,83,220,96
33,green,1788789481,249703708,333,294,640,480,4,3,82,223,96
33,green,1788789481,249703708,333,294,640,480,5,3,82,223,96
33,green,1788789481,249703708,333,294,640,480,-5,4,83,240,104
33,green,1788789481,249703708,333,294,640,480,-4,4,83,252,96
33,green,1788789481,249703708,333,294,640,480,-3,4,83,255,90
33,green,1788789481,249703708,333,294,640,480,-2,4,83,247,95
33,green,1788789481,249703708,333,294,640,480,-1,4,83,213,104
33,green,1788789481,249703708,333,294,640,480,0,4,83,204,109
33,green,1788789481,249703708,333,294,640,480,1,4,83,208,104
33,green,1788789481,249703708,333,294,640,480,2,4,83,220,96
33,green,1788789481,249703708,333,294,640,480,3,4,83,216,98
33,green,1788789481,249703708,333,294,640,480,4,4,82,220,95
33,green,1788789481,249703708,333,294,640,480,5,4,82,222,94
33,green,1788789481,249703708,333,294,640,480,-5,5,83,236,106
33,green,1788789481,249703708,333,294,640,480,-4,5,83,250,100
33,green,1788789481,249703708,333,294,640,480,-3,5,83,255,93
33,green,1788789481,249703708,333,294,640,480,-2,5,83,247,95
33,green,1788789481,249703708,333,294,640,480,-1,5,83,225,101
33,green,1788789481,249703708,333,294,640,480,0,5,83,211,105
33,green,1788789481,249703708,333,294,640,480,1,5,83,208,104
33,green,1788789481,249703708,333,294,640,480,2,5,83,215,101
33,green,1788789481,249703708,333,294,640,480,3,5,83,211,98
33,green,1788789481,249703708,333,294,640,480,4,5,82,216,97
33,green,1788789481,249703708,333,294,640,480,5,5,82,217,93
34,green,1788789481,877554493,333,262,640,480,-5,-5,83,233,102
34,green,1788789481,877554493,333,262,640,480,-4,-5,83,235,101
34,green,1788789481,877554493,333,262,640,480,-3,-5,83,237,100
34,green,1788789481,877554493,333,262,640,480,-2,-5,83,242,98
34,green,1788789481,877554493,333,262,640,480,-1,-5,83,242,97
34,green,1788789481,877554493,333,262,640,480,0,-5,83,239,98
34,green,1788789481,877554493,333,262,640,480,1,-5,83,237,99
34,green,1788789481,877554493,333,262,640,480,2,-5,83,227,100
34,green,1788789481,877554493,333,262,640,480,3,-5,83,213,102
34,green,1788789481,877554493,333,262,640,480,4,-5,83,204,104
34,green,1788789481,877554493,333,262,640,480,5,-5,83,196,108
34,green,1788789481,877554493,333,262,640,480,-5,-4,83,233,102
34,green,1788789481,877554493,333,262,640,480,-4,-4,83,235,101
34,green,1788789481,877554493,333,262,640,480,-3,-4,83,237,99
34,green,1788789481,877554493,333,262,640,480,-2,-4,83,239,98
34,green,1788789481,877554493,333,262,640,480,-1,-4,83,237,99
34,green,1788789481,877554493,333,262,640,480,0,-4,83,232,101
34,green,1788789481,877554493,333,262,640,480,1,-4,83,225,101
34,green,1788789481,877554493,333,262,640,480,2,-4,83,220,101
34,green,1788789481,877554493,333,262,640,480,3,-4,83,215,101
34,green,1788789481,877554493,333,262,640,480,4,-4,83,205,103
34,green,1788789481,877554493,333,262,640,480,5,-4,83,198,107
34,green,1788789481,877554493,333,262,640,480,-5,-3,83,237,100
34,green,1788789481,877554493,333,262,640,480,-4,-3,83,242,98
34,green,1788789481,877554493,333,262,640,480,-3,-3,83,244,96
34,green,1788789481,877554493,333,262,640,480,-2,-3,83,242,97
34,green,1788789481,877554493,333,262,640,480,-1,-3,83,237,99
34,green,1788789481,877554493,333,262,640,480,0,-3,83,230,102
34,green,1788789481,877554493,333,262,640,480,1,-3,83,223,102
34,green,1788789481,877554493,333,262,640,480,2,-3,83,218,102
34,green,1788789481,877554493,333,262,640,480,3,-3,83,221,98
34,green,1788789481,877554493,333,262,640,480,4,-3,83,210,101
34,green,1788789481,877554493,333,262,640,480,5,-3,83,204,104
34,green,1788789481,877554493,333,262,640,480,-5,-2,83,237,99
34,green,1788789481,877554493,333,262,640,480,-4,-2,83,244,96
34,green,1788789481,877554493,333,262,640,480,-3,-2,83,252,93
34,green,1788789481,877554493,333,262,640,480,-2,-2,83,247,95
34,green,1788789481,877554493,333,262,640,480,-1,-2,83,234,97
34,green,1788789481,877554493,333,262,640,480,0,-2,83,225,101
34,green,1788789481,877554493,333,262,640,480,1,-2,83,223,102
34,green,1788789481,877554493,333,262,640,480,2,-2,83,222,100
34,green,1788789481,877554493,333,262,640,480,3,-2,83,226,96
34,green,1788789481,877554493,333,262,640,480,4,-2,83,216,98
34,green,1788789481,877554493,333,262,640,480,5,-2,83,210,101
34,green,1788789481,877554493,333,262,640,480,-5,-1,83,235,100
34,green,1788789481,877554493,333,262,640,480,-4,-1,83,244,96
34,green,1788789481,877554493,333,262,640,480,-3,-1,83,255,92
34,green,1788789481,877554493,333,262,640,480,-2,-1,83,252,93
34,green,1788789481,877554493,333,262,640,480,-1,-1,83,234,97
34,green,1788789481,877554493,333,262,640,480,0,-1,83,225,101
34,green,1788789481,877554493,333,262,640,480,1,-1,83,225,101
34,green,1788789481,877554493,333,262,640,480,2,-1,83,226,98
34,green,1788789481,877554493,333,262,640,480,3,-1,83,228,95
34,green,1788789481,877554493,333,262,640,480,4,-1,83,218,97
34,green,1788789481,877554493,333,262,640,480,5,-1,83,212,100
34,green,1788789481,877554493,333,262,640,480,-5,0,83,230,102
34,green,1788789481,877554493,333,262,640,480,-4,0,83,242,97
34,green,1788789481,877554493,333,262,640,480,-3,0,83,247,92
34,green,1788789481,877554493,333,262,640,480,-2,0,83,244,93
34,green,1788789481,877554493,333,262,640,480,-1,0,83,229,99
34,green,1788789481,877554493,333,262,640,480,0,0,83,223,102
34,green,1788789481,877554493,333,262,640,480,1,0,83,222,100
34,green,1788789481,877554493,333,262,640,480,2,0,83,229,97
34,green,1788789481,877554493,333,262,640,480,3,0,83,223,97
34,green,1788789481,877554493,333,262,640,480,4,0,83,216,98
34,green,1788789481,877554493,333,262,640,480,5,0,83,212,100
34,green,1788789481,877554493,333,262,640,480,-5,1,83,223,105
34,green,1788789481,877554493,333,262,640,480,-4,1,83,237,99
34,green,1788789481,877554493,333,262,640,480,-3,1,83,241,94
34,green,1788789481,877554493,333,262,640,480,-2,1,83,239,95
34,green,1788789481,877554493,333,262,640,480,-1,1,83,227,100
34,green,1788789481,877554493,333,262,640,480,0,1,83,218,104
34,green,1788789481,877554493,333,262,640,480,1,1,83,220,101
34,green,1788789481,877554493,333,262,640,480,2,1,83,221,98
34,green,1788789481,877554493,333,262,640,480,3,1,83,216,98
34,green,1788789481,877554493,333,262,640,480,4,1,83,212,100
34,green,1788789481,877554493,333,262,640,480,5,1,83,208,102
34,green,1788789481,877554493,333,262,640,480,-5,2,83,216,105
34,green,1788789481,877554493,333,262,640,480,-4,2,83,225,101
34,green,1788789481,877554493,333,262,640,480,-3,2,83,236,94
34,green,1788789481,877554493,333,262,640,480,-2,2,83,241,92
34,green,1788789481,877554493,333,262,640,480,-1,2,83,234,95
34,green,1788789481,877554493,333,262,640,480,0,2,83,220,101
34,green,1788789481,877554493,333,262,640,480,1,2,83,206,105
34,green,1788789481,877554493,333,262,640,480,2,2,83,203,107
34,green,1788789481,877554493,333,262,640,480,3,2,83,191,111
34,green,1788789481,877554493,333,262,640,480,4,2,83,192,110
34,green,1788789481,877554493,333,262,640,480,5,2,83,198,107
34,green,1788789481,877554493,333,262,640,480,-5,3,83,214,106
34,green,1788789481,877554493,333,262,640,480,-4,3,83,225,101
34,green,1788789481,877554493,333,262,640,480,-3,3,83,231,96
34,green,1788789481,877554493,333,262,640,480,-2,3,83,236,94
34,green,1788789481,877554493,333,262,640,480,-1,3,83,231,96
34,green,1788789481,877554493,333,262,640,480,0,3,83,222,100
34,green,1788789481,877554493,333,262,640,480,1,3,83,213,102
34,green,1788789481,877554493,333,262,640,480,2,3,83,210,103
34,green,1788789481,877554493,333,262,640,480,3,3,83,200,106
34,green,1788789481,877554493,333,262,640,480,4,3,83,194,109
34,green,1788789481,877554493,333,262,640,480,5,3,83,194,109
34,green,1788789481,877554493,333,262,640,480,-5,4,83,213,104
34,green,1788789481,877554493,333,262,640,480,-4,4,83,222,100
34,green,1788789481,877554493,333,262,640,480,-3,4,83,229,97
34,green,1788789481,877554493,333,262,640,480,-2,4,83,231,96
34,green,1788789481,877554493,333,262,640,480,-1,4,83,221,98
34,green,1788789481,877554493,333,262,640,480,0,4,83,219,99
34,green,1788789481,877554493,333,262,640,480,1,4,83,217,100
34,green,1788789481,877554493,333,262,640,480,2,4,83,219,99
34,green,1788789481,877554493,333,262,640,480,3,4,83,214,99
34,green,1788789481,877554493,333,262,640,480,4,4,83,200,106
34,green,1788789481,877554493,333,262,640,480,5,4,83,192,110
34,green,1788789481,877554493,333,262,640,480,-5,5,83,222,100
34,green,1788789481,877554493,333,262,640,480,-4,5,83,226,98
34,green,1788789481,877554493,333,262,640,480,-3,5,83,229,97
34,green,1788789481,877554493,333,262,640,480,-2,5,83,226,98
34,green,1788789481,877554493,333,262,640,480,-1,5,83,217,100
34,green,1788789481,877554493,333,262,640,480,0,5,83,215,101
34,green,1788789481,877554493,333,262,640,480,1,5,83,217,100
34,green,1788789481,877554493,333,262,640,480,2,5,83,219,99
34,green,1788789481,877554493,333,262,640,480,3,5,83,218,97
34,green,1788789481,877554493,333,262,640,480,4,5,83,208,102
34,green,1788789481,877554493,333,262,640,480,5,5,83,200,106
35,green,1788789482,249636577,331,236,640,480,-5,-5,84,255,106
35,green,1788789482,249636577,331,236,640,480,-4,-5,84,253,107
35,green,1788789482,249636577,331,236,640,480,-3,-5,84,255,100
35,green,1788789482,249636577,331,236,640,480,-2,-5,84,255,102
35,green,1788789482,249636577,331,236,640,480,-1,-5,85,253,102
35,green,1788789482,249636577,331,236,640,480,0,-5,85,250,103
35,green,1788789482,249636577,331,236,640,480,1,-5,85,250,103
35,green,1788789482,249636577,331,236,640,480,2,-5,85,248,104
35,green,1788789482,249636577,331,236,640,480,3,-5,85,236,107
35,green,1788789482,249636577,331,236,640,480,4,-5,84,227,109
35,green,1788789482,249636577,331,236,640,480,5,-5,84,226,105
35,green,1788789482,249636577,331,236,640,480,-5,-4,84,245,107
35,green,1788789482,249636577,331,236,640,480,-4,-4,84,243,108
35,green,1788789482,249636577,331,236,640,480,-3,-4,84,255,98
35,green,1788789482,249636577,331,236,640,480,-2,-4,84,255,98
35,green,1788789482,249636577,331,236,640,480,-1,-4,85,250,101
35,green,1788789482,249636577,331,236,640,480,0,-4,85,240,105
35,green,1788789482,249636577,331,236,640,480,1,-4,85,232,109
35,green,1788789482,249636577,331,236,640,480,2,-4,85,229,110
35,green,1788789482,249636577,331,236,640,480,3,-4,85,233,106
35,green,1788789482,249636577,331,236,640,480,4,-4,84,235,102
35,green,1788789482,249636577,331,236,640,480,5,-4,84,233,102
35,green,1788789482,249636577,331,236,640,480,-5,-3,85,238,108
35,green,1788789482,249636577,331,236,640,480,-4,-3,85,236,109
35,green,1788789482,249636577,331,236,640,480,-3,-3,85,255,99
35,green,1788789482,249636577,331,236,640,480,-2,-3,84,255,98
35,green,1788789482,249636577,331,236,640,480,-1,-3,84,255,98
35,green,1788789482,249636577,331,236,640,480,0,-3,85,250,101
35,green,1788789482,249636577,331,236,640,480,1,-3,85,240,103
35,green,1788789482,249636577,331,236,640,480,2,-3,85,236,105
35,green,1788789482,249636577,331,236,640,480,3,-3,85,240,103
35,green,1788789482,249636577,331,236,640,480,4,-3,84,240,100
35,green,1788789482,249636577,331,236,640,480,5,-3,84,235,101
35,green,1788789482,249636577,331,236,640,480,-5,-2,85,227,111
35,green,1788789482,249636577,331,236,640,480,-4,-2,85,225,112
35,green,1788789482,249636577,331,236,640,480,-3,-2,85,243,104
35,green,1788789482,249636577,331,236,640,480,-2,-2,85,247,100
35,green,1788789482,249636577,331,236,640,480,-1,-2,85,252,98
35,green,1788789482,249636577,331,236,640,480,0,-2,85,252,98
35,green,1788789482,249636577,331,236,640,480,1,-2,85,240,100
35,green,1788789482,249636577,331,236,640,480,2,-2,85,235,102
35,green,1788789482,249636577,331,236,640,480,3,-2,85,233,103
35,green,1788789482,249636577,331,236,640,480,4,-2,84,233,102
35,green,1788789482,249636577,331,236,640,480,5,-2,84,232,100
35,green,1788789482,249636577,331,236,640,480,-5,-1,85,223,111
35,green,1788789482,249636577,331,236,640,480,-4,-1,85,223,111
35,green,1788789482,249636577,331,236,640,480,-3,-1,85,223,111
35,green,1788789482,249636577,331,236,640,480,-2,-1,85,226,106
35,green,1788789482,249636577,331,236,640,480,-1,-1,85,237,101
35,green,1788789482,249636577,331,236,640,480,0,-1,85,239,98
35,green,1788789482,249636577,331,236,640,480,1,-1,85,237,99
35,green,1788789482,249636577,331,236,640,480,2,-1,85,228,103
35,green,1788789482,249636577,331,236,640,480,3,-1,85,223,105
35,green,1788789482,249636577,331,236,640,480,4,-1,84,219,106
35,green,1788789482,249636577,331,236,640,480,5,-1,84,228,102
35,green,1788789482,249636577,331,236,640,480,-5,0,85,218,110
35,green,1788789482,249636577,331,236,640,480,-4,0,85,220,109
35,green,1788789482,249636577,331,236,640,480,-3,0,85,212,113
35,green,1788789482,249636577,331,236,640,480,-2,0,85,219,107
35,green,1788789482,249636577,331,236,640,480,-1,0,85,235,100
35,green,1788789482,249636577,331,236,640,480,0,0,85,239,97
35,green,1788789482,249636577,331,236,640,480,1,0,85,234,99
35,green,1788789482,249636577,331,236,640,480,2,0,85,225,103
35,green,1788789482,249636577,331,236,640,480,3,0,85,219,106
35,green,1788789482,249636577,331,236,640,480,4,0,84,217,107
35,green,1788789482,249636577,331,236,640,480,5,0,84,221,105
35,green,1788789482,249636577,331,236,640,480,-5,1,85,217,108
35,green,1788789482,249636577,331,236,640,480,-4,1,85,219,107
35,green,1788789482,249636577,331,236,640,480,-3,1,85,213,110
35,green,1788789482,249636577,331,236,640,480,-2,1,85,223,104
35,green,1788789482,249636577,331,236,640,480,-1,1,85,237,98
35,green,1788789482,249636577,331,236,640,480,0,1,85,239,94
35,green,1788789482,249636577,331,236,640,480,1,1,85,234,96
35,green,1788789482,249636577,331,236,640,480,2,1,85,224,100
35,green,1788789482,249636577,331,236,640,480,3,1,85,218,103
35,green,1788789482,249636577,331,236,640,480,4,1,85,214,105
35,green,1788789482,249636577,331,236,640,480,5,1,84,217,107
35,green,1788789482,249636577,331,236,640,480,-5,2,85,213,109
35,green,1788789482,249636577,331,236,640,480,-4,2,85,217,107
35,green,1788789482,249636577,331,236,640,480,-3,2,85,213,109
35,green,1788789482,249636577,331,236,640,480,-2,2,85,218,103
35,green,1788789482,249636577,331,236,640,480,-1,2,85,229,98
35,green,1788789482,249636577,331,236,640,480,0,2,85,233,94
35,green,1788789482,249636577,331,236,640,480,1,2,85,226,97
35,green,1788789482,249636577,331,236,640,480,2,2,85,217,101
35,green,1788789482,249636577,331,236,640,480,3,2,85,211,104
35,green,1788789482,249636577,331,236,640,480,4,2,84,209,106
35,green,1788789482,249636577,331,236,640,480,5,2,84,210,108
35,green,1788789482,249636577,331,236,640,480,-5,3,84,214,111
35,green,1788789482,249636577,331,236,640,480,-4,3,84,215,108
35,green,1788789482,249636577,331,236,640,480,-3,3,84,211,110
35,green,1788789482,249636577,331,236,640,480,-2,3,85,214,105
35,green,1788789482,249636577,331,236,640,480,-1,3,85,224,100
35,green,1788789482,249636577,331,236,640,480,0,3,85,227,99
35,green,1788789482,249636577,331,236,640,480,1,3,85,220,102
35,green,1788789482,249636577,331,236,640,480,2,3,84,211,105
35,green,1788789482,249636577,331,236,640,480,3,3,84,205,108
35,green,1788789482,249636577,331,236,640,480,4,3,84,204,109
35,green,1788789482,249636577,331,236,640,480,5,3,84,212,107
35,green,1788789482,249636577,331,236,640,480,-5,4,84,222,109
35,green,1788789482,249636577,331,236,640,480,-4,4,84,220,108
35,green,1788789482,249636577,331,236,640,480,-3,4,84,222,107
35,green,1788789482,249636577,331,236,640,480,-2,4,84,225,103
35,green,1788789482,249636577,331,236,640,480,-1,4,84,230,101
35,green,1788789482,249636577,331,236,640,480,0,4,84,230,101
35,green,1788789482,249636577,331,236,640,480,1,4,84,223,104
35,green,1788789482,249636577,331,236,640,480,2,4,84,212,107
35,green,1788789482,249636577,331,236,640,480,3,4,84,212,107
35,green,1788789482,249636577,331,236,640,480,4,4,84,212,107
35,green,1788789482,249636577,331,236,640,480,5,4,83,211,105
35,green,1788789482,249636577,331,236,640,480,-5,5,83,220,110
35,green,1788789482,249636577,331,236,640,480,-4,5,83,220,110
35,green,1788789482,249636577,331,236,640,480,-3,5,83,224,106
35,green,1788789482,249636577,331,236,640,480,-2,5,83,228,104
35,green,1788789482,249636577,331,236,640,480,-1,5,83,233,102
35,green,1788789482,249636577,331,236,640,480,0,5,83,230,103
35,green,1788789482,249636577,331,236,640,480,1,5,83,221,106
35,green,1788789482,249636577,331,236,640,480,2,5,83,215,109
35,green,1788789482,249636577,331,236,640,480,3,5,83,213,110
35,green,1788789482,249636577,331,236,640,480,4,5,83,210,108
35,green,1788789482,249636577,331,236,640,480,5,5,83,219,99
36,green,1788789483,127581213,333,198,640,480,-5,-5,84,202,110
36,green,1788789483,127581213,333,198,640,480,-4,-5,84,214,106
36,green,1788789483,127581213,333,198,640,480,-3,-5,84,220,101
36,green,1788789483,127581213,333,198,640,480,-2,-5,84,223,102
36,green,1788789483,127581213,333,198,640,480,-1,-5,84,209,106
36,green,1788789483,127581213,333,198,640,480,0,-5,84,204,111
36,green,1788789483,127581213,333,198,640,480,1,-5,84,202,110
36,green,1788789483,127581213,333,198,640,480,2,-5,84,208,109
36,green,1788789483,127581213,333,198,640,480,3,-5,83,229,99
36,green,1788789483,127581213,333,198,640,480,4,-5,83,236,96
36,green,1788789483,127581213,333,198,640,480,5,-5,83,234,97
36,green,1788789483,127581213,333,198,640,480,-5,-4,84,206,110
36,green,1788789483,127581213,333,198,640,480,-4,-4,84,219,106
36,green,1788789483,127581213,333,198,640,480,-3,-4,84,225,101
36,green,1788789483,127581213,333,198,640,480,-2,-4,84,228,102
36,green,1788789483,127581213,333,198,640,480,-1,-4,84,214,106
36,green,1788789483,127581213,333,198,640,480,0,-4,84,213,109
36,green,1788789483,127581213,333,198,640,480,1,-4,84,210,108
36,green,1788789483,127581213,333,198,640,480,2,-4,84,221,105
36,green,1788789483,127581213,333,198,640,480,3,-4,83,239,98
36,green,1788789483,127581213,333,198,640,480,4,-4,83,242,97
36,green,1788789483,127581213,333,198,640,480,5,-4,83,235,100
36,green,1788789483,127581213,333,198,640,480,-5,-3,84,211,110
36,green,1788789483,127581213,333,198,640,480,-4,-3,84,224,106
36,green,1788789483,127581213,333,198,640,480,-3,-3,84,230,101
36,green,1788789483,127581213,333,198,640,480,-2,-3,84,233,102
36,green,1788789483,127581213,333,198,640,480,-1,-3,84,221,105
36,green,1788789483,127581213,333,198,640,480,0,-3,84,220,108
36,green,1788789483,127581213,333,198,640,480,1,-3,84,221,105
36,green,1788789483,127581213,333,198,640,480,2,-3,84,230,103
36,green,1788789483,127581213,333,198,640,480,3,-3,83,235,101
36,green,1788789483,127581213,333,198,640,480,4,-3,83,235,101
36,green,1788789483,127581213,333,198,640,480,5,-3,83,228,104
36,green,1788789483,127581213,333,198,640,480,-5,-2,84,218,109
36,green,1788789483,127581213,333,198,640,480,-4,-2,84,229,106
36,green,1788789483,127581213,333,198,640,480,-3,-2,84,233,102
36,green,1788789483,127581213,333,198,640,480,-2,-2,84,233,104
36,green,1788789483,127581213,333,198,640,480,-1,-2,84,224,106
36,green,1788789483,127581213,333,198,640,480,0,-2,84,222,109
36,green,1788789483,127581213,333,198,640,480,1,-2,84,224,106
36,green,1788789483,127581213,333,198,640,480,2,-2,84,235,103
36,green,1788789483,127581213,333,198,640,480,3,-2,83,224,108
36,green,1788789483,127581213,333,198,640,480,4,-2,83,226,107
36,green,1788789483,127581213,333,198,640,480,5,-2,83,220,110
36,green,1788789483,127581213,333,198,640,480,-5,-1,84,222,109
36,green,1788789483,127581213,333,198,640,480,-4,-1,84,236,105
36,green,1788789483,127581213,333,198,640,480,-3,-1,84,235,103
36,green,1788789483,127581213,333,198,640,480,-2,-1,84,236,105
36,green,1788789483,127581213,333,198,640,480,-1,-1,84,222,109
36,green,1788789483,127581213,333,198,640,480,0,-1,84,225,110
36,green,1788789483,127581213,333,198,640,480,1,-1,84,224,108
36,green,1788789483,127581213,333,198,640,480,2,-1,84,238,104
36,green,1788789483,127581213,333,198,640,480,3,-1,83,225,111
36,green,1788789483,127581213,333,198,640,480,4,-1,83,227,110
36,green,1788789483,127581213,333,198,640,480,5,-1,83,225,111
36,green,1788789483,127581213,333,198,640,480,-5,0,84,229,108
36,green,1788789483,127581213,333,198,640,480,-4,0,84,238,106
36,green,1788789483,127581213,333,198,640,480,-3,0,84,240,103
36,green,1788789483,127581213,333,198,640,480,-2,0,84,238,106
36,green,1788789483,127581213,333,198,640,480,-1,0,84,225,110
36,green,1788789483,127581213,333,198,640,480,0,0,84,223,113
36,green,1788789483,127581213,333,198,640,480,1,0,84,227,109
36,green,1788789483,127581213,333,198,640,480,2,0,84,236,107
36,green,1788789483,127581213,333,198,640,480,3,0,83,232,110
36,green,1788789483,127581213,333,198,640,480,4,0,83,236,108
36,green,1788789483,127581213,333,198,640,480,5,0,83,236,108
36,green,1788789483,127581213,333,198,640,480,-5,1,84,234,108
36,green,1788789483,127581213,333,198,640,480,-4,1,84,240,105
36,green,1788789483,127581213,333,198,640,480,-3,1,84,243,104
36,green,1788789483,127581213,333,198,640,480,-2,1,84,236,107
36,green,1788789483,127581213,333,198,640,480,-1,1,84,225,112
36,green,1788789483,127581213,333,198,640,480,0,1,84,221,114
36,green,1788789483,127581213,333,198,640,480,1,1,84,225,112
36,green,1788789483,127581213,333,198,640,480,2,1,84,234,108
36,green,1788789483,127581213,333,198,640,480,3,1,83,241,106
36,green,1788789483,127581213,333,198,640,480,4,1,83,248,103
36,green,1788789483,127581213,333,198,640,480,5,1,83,245,104
36,green,1788789483,127581213,333,198,640,480,-5,2,84,250,104
36,green,1788789483,127581213,333,198,640,480,-4,2,84,255,102
36,green,1788789483,127581213,333,198,640,480,-3,2,84,248,105
36,green,1788789483,127581213,333,198,640,480,-2,2,84,234,111
36,green,1788789483,127581213,333,198,640,480,-1,2,84,230,113
36,green,1788789483,127581213,333,198,640,480,0,2,84,236,110
36,green,1788789483,127581213,333,198,640,480,1,2,84,236,110
36,green,1788789483,127581213,333,198,640,480,2,2,84,230,113
36,green,1788789483,127581213,333,198,640,480,3,2,83,234,109
36,green,1788789483,127581213,333,198,640,480,4,2,83,236,108
36,green,1788789483,127581213,333,198,640,480,5,2,83,241,106
36,green,1788789483,127581213,333,198,640,480,-5,3,84,248,105
36,green,1788789483,127581213,333,198,640,480,-4,3,84,255,102
36,green,1788789483,127581213,333,198,640,480,-3,3,84,253,103
36,green,1788789483,127581213,333,198,640,480,-2,3,84,243,107
36,green,1788789483,127581213,333,198,640,480,-1,3,84,241,108
36,green,1788789483,127581213,333,198,640,480,0,3,84,248,105
36,green,1788789483,127581213,333,198,640,480,1,3,84,248,105
36,green,1788789483,127581213,333,198,640,480,2,3,84,239,109
36,green,1788789483,127581213,333,198,640,480,3,3,83,234,109
36,green,1788789483,127581213,333,198,640,480,4,3,83,236,108
36,green,1788789483,127581213,333,198,640,480,5,3,83,238,107
36,green,1788789483,127581213,333,198,640,480,-5,4,84,240,105
36,green,1788789483,127581213,333,198,640,480,-4,4,84,252,100
36,green,1788789483,127581213,333,198,640,480,-3,4,84,255,99
36,green,1788789483,127581213,333,198,640,480,-2,4,84,250,101
36,green,1788789483,127581213,333,198,640,480,-1,4,84,250,101
36,green,1788789483,127581213,333,198,640,480,0,4,84,255,99
36,green,1788789483,127581213,333,198,640,480,1,4,84,252,100
36,green,1788789483,127581213,333,198,640,480,2,4,84,240,105
36,green,1788789483,127581213,333,198,640,480,3,4,83,231,108
36,green,1788789483,127581213,333,198,640,480,4,4,83,231,108
36,green,1788789483,127581213,333,198,640,480,5,4,83,234,107
36,green,1788789483,127581213,333,198,640,480,-5,5,84,240,105
36,green,1788789483,127581213,333,198,640,480,-4,5,84,255,99
36,green,1788789483,127581213,333,198,640,480,-3,5,83,255,96
36,green,1788789483,127581213,333,198,640,480,-2,5,84,255,98
36,green,1788789483,127581213,333,198,640,480,-1,5,84,255,99
36,green,1788789483,127581213,333,198,640,480,0,5,84,255,98
36,green,1788789483,127581213,333,198,640,480,1,5,84,250,101
36,green,1788789483,127581213,333,198,640,480,2,5,84,233,106
36,green,1788789483,127581213,333,198,640,480,3,5,83,225,111
36,green,1788789483,127581213,333,198,640,480,4,5,83,222,109
36,green,1788789483,127581213,333,198,640,480,5,5,83,222,109
37,green,1788789483,627975333,337,152,640,480,-5,-5,84,229,106
37,green,1788789483,627975333,337,152,640,480,-4,-5,84,216,112
37,green,1788789483,627975333,337,152,640,480,-3,-5,84,214,113
37,green,1788789483,627975333,337,152,640,480,-2,-5,84,223,111
37,green,1788789483,627975333,337,152,640,480,-1,-5,83,239,111
37,green,1788789483,627975333,337,152,640,480,0,-5,83,246,110
37,green,1788789483,627975333,337,152,640,480,1,-5,83,246,108
37,green,1788789483,627975333,337,152,640,480,2,-5,83,253,105
37,green,1788789483,627975333,337,152,640,480,3,-5,83,255,102
37,green,1788789483,627975333,337,152,640,480,4,-5,83,255,103
37,green,1788789483,627975333,337,152,640,480,5,-5,84,245,106
37,green,1788789483,627975333,337,152,640,480,-5,-4,84,233,104
37,green,1788789483,627975333,337,152,640,480,-4,-4,84,220,110
37,green,1788789483,627975333,337,152,640,480,-3,-4,84,216,112
37,green,1788789483,627975333,337,152,640,480,-2,-4,84,225,110
37,green,1788789483,627975333,337,152,640,480,-1,-4,83,239,111
37,green,1788789483,627975333,337,152,640,480,0,-4,83,246,110
37,green,1788789483,627975333,337,152,640,480,1,-4,83,246,108
37,green,1788789483,627975333,337,152,640,480,2,-4,83,253,105
37,green,1788789483,627975333,337,152,640,480,3,-4,83,255,104
37,green,1788789483,627975333,337,152,640,480,4,-4,83,248,107
37,green,1788789483,627975333,337,152,640,480,5,-4,84,234,111
37,green,1788789483,627975333,337,152,640,480,-5,-3,84,233,104
37,green,1788789483,627975333,337,152,640,480,-4,-3,84,218,111
37,green,1788789483,627975333,337,152,640,480,-3,-3,84,216,112
37,green,1788789483,627975333,337,152,640,480,-2,-3,84,225,110
37,green,1788789483,627975333,337,152,640,480,-1,-3,83,241,110
37,green,1788789483,627975333,337,152,640,480,0,-3,83,246,110
37,green,1788789483,627975333,337,152,640,480,1,-3,83,243,109
37,green,1788789483,627975333,337,152,640,480,2,-3,83,248,107
37,green,1788789483,627975333,337,152,640,480,3,-3,83,248,107
37,green,1788789483,627975333,337,152,640,480,4,-3,83,241,110
37,green,1788789483,627975333,337,152,640,480,5,-3,84,228,114
37,green,1788789483,627975333,337,152,640,480,-5,-2,84,226,107
37,green,1788789483,627975333,337,152,640,480,-4,-2,84,216,112
37,green,1788789483,627975333,337,152,640,480,-3,-2,84,216,112
37,green,1788789483,627975333,337,152,640,480,-2,-2,84,225,110
37,green,1788789483,627975333,337,152,640,480,-1,-2,83,239,111
37,green,1788789483,627975333,337,152,640,480,0,-2,83,244,111
37,green,1788789483,627975333,337,152,640,480,1,-2,83,239,111
37,green,1788789483,627975333,337,152,640,480,2,-2,83,243,109
37,green,1788789483,627975333,337,152,640,480,3,-2,83,246,108
37,green,1788789483,627975333,337,152,640,480,4,-2,83,241,110
37,green,1788789483,627975333,337,152,640,480,5,-2,84,230,113
37,green,1788789483,627975333,337,152,640,480,-5,-1,84,220,110
37,green,1788789483,627975333,337,152,640,480,-4,-1,84,211,115
37,green,1788789483,627975333,337,152,640,480,-3,-1,84,212,114
37,green,1788789483,627975333,337,152,640,480,-2,-1,84,223,111
37,green,1788789483,627975333,337,152,640,480,-1,-1,83,239,111
37,green,1788789483,627975333,337,152,640,480,0,-1,83,241,112
37,green,1788789483,627975333,337,152,640,480,1,-1,83,237,112
37,green,1788789483,627975333,337,152,640,480,2,-1,83,241,110
37,green,1788789483,627975333,337,152,640,480,3,-1,83,246,108
37,green,1788789483,627975333,337,152,640,480,4,-1,83,246,108
37,green,1788789483,627975333,337,152,640,480,5,-1,84,236,110
37,green,1788789483,627975333,337,152,640,480,-5,0,84,224,108
37,green,1788789483,627975333,337,152,640,480,-4,0,84,216,112
37,green,1788789483,627975333,337,152,640,480,-3,0,84,216,112
37,green,1788789483,627975333,337,152,640,480,-2,0,84,223,111
37,green,1788789483,627975333,337,152,640,480,-1,0,83,250,106
37,green,1788789483,627975333,337,152,640,480,0,0,83,246,110
37,green,1788789483,627975333,337,152,640,480,1,0,83,237,112
37,green,1788789483,627975333,337,152,640,480,2,0,83,241,110
37,green,1788789483,627975333,337,152,640,480,3,0,83,253,105
37,green,1788789483,627975333,337,152,640,480,4,0,83,255,103
37,green,1788789483,627975333,337,152,640,480,5,0,84,243,107
37,green,1788789483,627975333,337,152,640,480,-5,1,84,220,110
37,green,1788789483,627975333,337,152,640,480,-4,1,84,214,113
37,green,1788789483,627975333,337,152,640,480,-3,1,84,218,111
37,green,1788789483,627975333,337,152,640,480,-2,1,84,231,107
37,green,1788789483,627975333,337,152,640,480,-1,1,83,248,107
37,green,1788789483,627975333,337,152,640,480,0,1,83,246,110
37,green,1788789483,627975333,337,152,640,480,1,1,83,235,113
37,green,1788789483,627975333,337,152,640,480,2,1,83,241,110
37,green,1788789483,627975333,337,152,640,480,3,1,83,253,105
37,green,1788789483,627975333,337,152,640,480,4,1,83,255,104
37,green,1788789483,627975333,337,152,640,480,5,1,84,245,106
37,green,1788789483,627975333,337,152,640,480,-5,2,84,218,111
37,green,1788789483,627975333,337,152,640,480,-4,2,84,214,113
37,green,1788789483,627975333,337,152,640,480,-3,2,84,220,110
37,green,1788789483,627975333,337,152,640,480,-2,2,84,233,106
37,green,1788789483,627975333,337,152,640,480,-1,2,83,246,108
37,green,1788789483,627975333,337,152,640,480,0,2,83,244,111
37,green,1788789483,627975333,337,152,640,480,1,2,83,237,112
37,green,1788789483,627975333,337,152,640,480,2,2,83,241,110
37,green,1788789483,627975333,337,152,640,480,3,2,83,250,106
37,green,1788789483,627975333,337,152,640,480,4,2,83,255,104
37,green,1788789483,627975333,337,152,640,480,5,2,84,245,106
37,green,1788789483,627975333,337,152,640,480,-5,3,84,220,110
37,green,1788789483,627975333,337,152,640,480,-4,3,84,212,114
37,green,1788789483,627975333,337,152,640,480,-3,3,84,216,112
37,green,1788789483,627975333,337,152,640,480,-2,3,84,225,110
37,green,1788789483,627975333,337,152,640,480,-1,3,83,241,110
37,green,1788789483,627975333,337,152,640,480,0,3,83,244,111
37,green,1788789483,627975333,337,152,640,480,1,3,83,237,112
37,green,1788789483,627975333,337,152,640,480,2,3,83,241,110
37,green,1788789483,627975333,337,152,640,480,3,3,83,248,107
37,green,1788789483,627975333,337,152,640,480,4,3,83,250,106
37,green,1788789483,627975333,337,152,640,480,5,3,84,243,107
37,green,1788789483,627975333,337,152,640,480,-5,4,84,226,107
37,green,1788789483,627975333,337,152,640,480,-4,4,84,214,113
37,green,1788789483,627975333,337,152,640,480,-3,4,84,209,116
37,green,1788789483,627975333,337,152,640,480,-2,4,84,213,116
37,green,1788789483,627975333,337,152,640,480,-1,4,83,241,110
37,green,1788789483,627975333,337,152,640,480,0,4,83,246,110
37,green,1788789483,627975333,337,152,640,480,1,4,83,239,111
37,green,1788789483,627975333,337,152,640,480,2,4,83,243,109
37,green,1788789483,627975333,337,152,640,480,3,4,83,246,108
37,green,1788789483,627975333,337,152,640,480,4,4,83,246,108
37,green,1788789483,627975333,337,152,640,480,5,4,84,239,109
37,green,1788789483,627975333,337,152,640,480,-5,5,84,231,105
37,green,1788789483,627975333,337,152,640,480,-4,5,84,216,112
37,green,1788789483,627975333,337,152,640,480,-3,5,84,207,117
37,green,1788789483,627975333,337,152,640,480,-2,5,84,210,118
37,green,1788789483,627975333,337,152,640,480,-1,5,83,243,109
37,green,1788789483,627975333,337,152,640,480,0,5,83,248,109
37,green,1788789483,627975333,337,152,640,480,1,5,83,243,109
37,green,1788789483,627975333,337,152,640,480,2,5,83,243,109
37,green,1788789483,627975333,337,152,640,480,3,5,83,241,110
37,green,1788789483,627975333,337,152,640,480,4,5,83,239,111
37,green,1788789483,627975333,337,152,640,480,5,5,84,232,112
38,green,1788789484,249398313,337,114,640,480,-5,-5,82,168,105
38,green,1788789484,249398313,337,114,640,480,-4,-5,82,166,103
38,green,1788789484,249398313,337,114,640,480,-3,-5,82,171,94
38,green,1788789484,249398313,337,114,640,480,-2,-5,82,192,89
38,green,1788789484,249398313,337,114,640,480,-1,-5,82,208,92
38,green,1788789484,249398313,337,114,640,480,0,-5,82,205,96
38,green,1788789484,249398313,337,114,640,480,1,-5,82,202,97
38,green,1788789484,249398313,337,114,640,480,2,-5,82,209,94
38,green,1788789484,249398313,337,114,640,480,3,-5,82,213,92
38,green,1788789484,249398313,337,114,640,480,4,-5,82,206,93
38,green,1788789484,249398313,337,114,640,480,5,-5,82,210,91
38,green,1788789484,249398313,337,114,640,480,-5,-4,82,168,105
38,green,1788789484,249398313,337,114,640,480,-4,-4,82,166,103
38,green,1788789484,249398313,337,114,640,480,-3,-4,82,169,95
38,green,1788789484,249398313,337,114,640,480,-2,-4,82,192,89
38,green,1788789484,249398313,337,114,640,480,-1,-4,82,210,91
38,green,1788789484,249398313,337,114,640,480,0,-4,82,210,96
38,green,1788789484,249398313,337,114,640,480,1,-4,82,210,96
38,green,1788789484,249398313,337,114,640,480,2,-4,82,224,90
38,green,1788789484,249398313,337,114,640,480,3,-4,82,229,88
38,green,1788789484,249398313,337,114,640,480,4,-4,82,218,90
38,green,1788789484,249398313,337,114,640,480,5,-4,82,221,89
38,green,1788789484,249398313,337,114,640,480,-5,-3,82,163,108
38,green,1788789484,249398313,337,114,640,480,-4,-3,82,160,107
38,green,1788789484,249398313,337,114,640,480,-3,-3,82,165,99
38,green,1788789484,249398313,337,114,640,480,-2,-3,82,187,94
38,green,1788789484,249398313,337,114,640,480,-1,-3,82,218,90
38,green,1788789484,249398313,337,114,640,480,0,-3,82,216,97
38,green,1788789484,249398313,337,114,640,480,1,-3,82,220,95
38,green,1788789484,249398313,337,114,640,480,2,-3,82,238,88
38,green,1788789484,249398313,337,114,640,480,3,-3,82,243,86
38,green,1788789484,249398313,337,114,640,480,4,-3,82,226,89
38,green,1788789484,249398313,337,114,640,480,5,-3,82,226,89
38,green,1788789484,249398313,337,114,640,480,-5,-2,82,156,113
38,green,1788789484,249398313,337,114,640,480,-4,-2,82,160,107
38,green,1788789484,249398313,337,114,640,480,-3,-2,82,182,94
38,green,1788789484,249398313,337,114,640,480,-2,-2,82,209,84
38,green,1788789484,249398313,337,114,640,480,-1,-2,82,218,90
38,green,1788789484,249398313,337,114,640,480,0,-2,83,221,91
38,green,1788789484,249398313,337,114,640,480,1,-2,83,229,90
38,green,1788789484,249398313,337,114,640,480,2,-2,83,237,87
38,green,1788789484,249398313,337,114,640,480,3,-2,83,246,84
38,green,1788789484,249398313,337,114,640,480,4,-2,83,249,85
38,green,1788789484,249398313,337,114,640,480,5,-2,83,241,88
38,green,1788789484,249398313,337,114,640,480,-5,-1,82,156,113
38,green,1788789484,249398313,337,114,640,480,-4,-1,82,163,108
38,green,1788789484,249398313,337,114,640,480,-3,-1,82,180,95
38,green,1788789484,249398313,337,114,640,480,-2,-1,82,205,86
38,green,1788789484,249398313,337,114,640,480,-1,-1,83,207,91
38,green,1788789484,249398313,337,114,640,480,0,-1,83,217,93
38,green,1788789484,249398313,337,114,640,480,1,-1,83,217,93
38,green,1788789484,249398313,337,114,640,480,2,-1,83,229,90
38,green,1788789484,249398313,337,114,640,480,3,-1,83,243,87
38,green,1788789484,249398313,337,114,640,480,4,-1,83,249,85
38,green,1788789484,249398313,337,114,640,480,5,-1,83,249,87
38,green,1788789484,249398313,337,114,640,480,-5,0,82,156,113
38,green,1788789484,249398313,337,114,640,480,-4,0,82,163,108
38,green,1788789484,249398313,337,114,640,480,-3,0,82,176,97
38,green,1788789484,249398313,337,114,640,480,-2,0,82,198,89
38,green,1788789484,249398313,337,114,640,480,-1,0,83,205,92
38,green,1788789484,249398313,337,114,640,480,0,0,83,210,96
38,green,1788789484,249398313,337,114,640,480,1,0,83,210,96
38,green,1788789484,249398313,337,114,640,480,2,0,83,220,94
38,green,1788789484,249398313,337,114,640,480,3,0,83,235,90
38,green,1788789484,249398313,337,114,640,480,4,0,83,243,87
38,green,1788789484,249398313,337,114,640,480,5,0,83,249,87
38,green,1788789484,249398313,337,114,640,480,-5,1,82,157,112
38,green,1788789484,249398313,337,114,640,480,-4,1,82,163,108
38,green,1788789484,249398313,337,114,640,480,-3,1,82,174,98
38,green,1788789484,249398313,337,114,640,480,-2,1,82,191,92
38,green,1788789484,249398313,337,114,640,480,-1,1,83,205,91
38,green,1788789484,249398313,337,114,640,480,0,1,83,209,94
38,green,1788789484,249398313,337,114,640,480,1,1,83,205,96
38,green,1788789484,249398313,337,114,640,480,2,1,83,210,96
38,green,1788789484,249398313,337,114,640,480,3,1,83,222,93
38,green,1788789484,249398313,337,114,640,480,4,1,83,235,90
38,green,1788789484,249398313,337,114,640,480,5,1,83,241,90
38,green,1788789484,249398313,337,114,640,480,-5,2,82,157,112
38,green,1788789484,249398313,337,114,640,480,-4,2,82,163,108
38,green,1788789484,249398313,337,114,640,480,-3,2,82,173,99
38,green,1788789484,249398313,337,114,640,480,-2,2,82,189,93
38,green,1788789484,249398313,337,114,640,480,-1,2,83,212,88
38,green,1788789484,249398313,337,114,640,480,0,2,83,207,91
38,green,1788789484,249398313,337,114,640,480,1,2,83,207,95
38,green,1788789484,249398313,337,114,640,480,2,2,83,208,97
38,green,1788789484,249398313,337,114,640,480,3,2,83,220,94
38,green,1788789484,249398313,337,114,640,480,4,2,83,228,93
38,green,1788789484,249398313,337,114,640,480,5,2,83,233,93
38,green,1788789484,249398313,337,114,640,480,-5,3,82,159,111
38,green,1788789484,249398313,337,114,640,480,-4,3,82,166,106
38,green,1788789484,249398313,337,114,640,480,-3,3,82,174,98
38,green,1788789484,249398313,337,114,640,480,-2,3,82,187,94
38,green,1788789484,249398313,337,114,640,480,-1,3,83,208,87
38,green,1788789484,249398313,337,114,640,480,0,3,83,207,91
38,green,1788789484,249398313,337,114,640,480,1,3,83,203,93
38,green,1788789484,249398313,337,114,640,480,2,3,83,212,95
38,green,1788789484,249398313,337,114,640,480,3,3,83,214,94
38,green,1788789484,249398313,337,114,640,480,4,3,83,225,94
38,green,1788789484,249398313,337,114,640,480,5,3,83,225,94
38,green,1788789484,249398313,337,114,640,480,-5,4,82,159,111
38,green,1788789484,249398313,337,114,640,480,-4,4,82,168,105
38,green,1788789484,249398313,337,114,640,480,-3,4,82,176,97
38,green,1788789484,249398313,337,114,640,480,-2,4,82,187,94
38,green,1788789484,249398313,337,114,640,480,-1,4,83,201,90
38,green,1788789484,249398313,337,114,640,480,0,4,83,205,92
38,green,1788789484,249398313,337,114,640,480,1,4,83,203,93
38,green,1788789484,249398313,337,114,640,480,2,4,83,217,93
38,green,1788789484,249398313,337,114,640,480,3,4,83,221,91
38,green,1788789484,249398313,337,114,640,480,4,4,83,230,92
38,green,1788789484,249398313,337,114,640,480,5,4,83,225,94
38,green,1788789484,249398313,337,114,640,480,-5,5,82,160,110
38,green,1788789484,249398313,337,114,640,480,-4,5,82,169,104
38,green,1788789484,249398313,337,114,640,480,-3,5,82,176,97
38,green,1788789484,249398313,337,114,640,480,-2,5,82,187,94
38,green,1788789484,249398313,337,114,640,480,-1,5,83,198,94
38,green,1788789484,249398313,337,114,640,480,0,5,83,201,94
38,green,1788789484,249398313,337,114,640,480,1,5,83,209,94
38,green,1788789484,249398313,337,114,640,480,2,5,83,219,92
38,green,1788789484,249398313,337,114,640,480,3,5,83,232,89
38,green,1788789484,249398313,337,114,640,480,4,5,83,238,89
38,green,1788789484,249398313,337,114,640,480,5,5,83,233,93
39,green,1788789484,999068496,333,93,640,480,-5,-5,83,248,110
39,green,1788789484,999068496,333,93,640,480,-4,-5,83,237,112
39,green,1788789484,999068496,333,93,640,480,-3,-5,82,232,113
39,green,1788789484,999068496,333,93,640,480,-2,-5,82,229,109
39,green,1788789484,999068496,333,93,640,480,-1,-5,82,233,105
39,green,1788789484,999068496,333,93,640,480,0,-5,82,237,101
39,green,1788789484,999068496,333,93,640,480,1,-5,82,227,101
39,green,1788789484,999068496,333,93,640,480,2,-5,82,213,102
39,green,1788789484,999068496,333,93,640,480,3,-5,82,202,97
39,green,1788789484,999068496,333,93,640,480,4,-5,82,188,99
39,green,1788789484,999068496,333,93,640,480,5,-5,82,186,100
39,green,1788789484,999068496,333,93,640,480,-5,-4,83,248,111
39,green,1788789484,999068496,333,93,640,480,-4,-4,83,244,112
39,green,1788789484,999068496,333,93,640,480,-3,-4,82,237,111
39,green,1788789484,999068496,333,93,640,480,-2,-4,82,238,107
39,green,1788789484,999068496,333,93,640,480,-1,-4,82,242,101
39,green,1788789484,999068496,333,93,640,480,0,-4,82,245,98
39,green,1788789484,999068496,333,93,640,480,1,-4,82,239,98
39,green,1788789484,999068496,333,93,640,480,2,-4,82,221,98
39,green,1788789484,999068496,333,93,640,480,3,-4,82,196,100
39,green,1788789484,999068496,333,93,640,480,4,-4,82,183,102
39,green,1788789484,999068496,333,93,640,480,5,-4,82,184,101
39,green,1788789484,999068496,333,93,640,480,-5,-3,83,250,109
39,green,1788789484,999068496,333,93,640,480,-4,-3,83,246,108
39,green,1788789484,999068496,333,93,640,480,-3,-3,82,241,106
39,green,1788789484,999068496,333,93,640,480,-2,-3,82,245,102
39,green,1788789484,999068496,333,93,640,480,-1,-3,82,242,99
39,green,1788789484,999068496,333,93,640,480,0,-3,82,239,98
39,green,1788789484,999068496,333,93,640,480,1,-3,82,230,100
39,green,1788789484,999068496,333,93,640,480,2,-3,82,214,100
39,green,1788789484,999068496,333,93,640,480,3,-3,82,189,101
39,green,1788789484,999068496,333,93,640,480,4,-3,82,179,101
39,green,1788789484,999068496,333,93,640,480,5,-3,82,183,99
39,green,1788789484,999068496,333,93,640,480,-5,-2,83,252,101
39,green,1788789484,999068496,333,93,640,480,-4,-2,83,250,100
39,green,1788789484,999068496,333,93,640,480,-3,-2,82,247,97
39,green,1788789484,999068496,333,93,640,480,-2,-2,83,247,95
39,green,1788789484,999068496,333,93,640,480,-1,-2,82,239,94
39,green,1788789484,999068496,333,93,640,480,0,-2,82,228,95
39,green,1788789484,999068496,333,93,640,480,1,-2,82,219,98
39,green,1788789484,999068496,333,93,640,480,2,-2,82,206,98
39,green,1788789484,999068496,333,93,640,480,3,-2,82,189,96
39,green,1788789484,999068496,333,93,640,480,4,-2,82,180,98
39,green,1788789484,999068496,333,93,640,480,5,-2,82,183,96
39,green,1788789484,999068496,333,93,640,480,-5,-1,83,223,105
39,green,1788789484,999068496,333,93,640,480,-4,-1,83,223,102
39,green,1788789484,999068496,333,93,640,480,-3,-1,83,221,98
39,green,1788789484,999068496,333,93,640,480,-2,-1,83,223,95
39,green,1788789484,999068496,333,93,640,480,-1,-1,82,214,94
39,green,1788789484,999068496,333,93,640,480,0,-1,82,211,93
39,green,1788789484,999068496,333,93,640,480,1,-1,82,206,93
39,green,1788789484,999068496,333,93,640,480,2,-1,82,202,92
39,green,1788789484,999068496,333,93,640,480,3,-1,82,189,93
39,green,1788789484,999068496,333,93,640,480,4,-1,82,183,96
39,green,1788789484,999068496,333,93,640,480,5,-1,82,185,95
39,green,1788789484,999068496,333,93,640,480,-5,0,84,167,124
39,green,1788789484,999068496,333,93,640,480,-4,0,84,166,120
39,green,1788789484,999068496,333,93,640,480,-3,0,83,169,116
39,green,1788789484,999068496,333,93,640,480,-2,0,83,166,112
39,green,1788789484,999068496,333,93,640,480,-1,0,82,168,108
39,green,1788789484,999068496,333,93,640,480,0,0,82,168,105
39,green,1788789484,999068496,333,93,640,480,1,0,83,165,99
39,green,1788789484,999068496,333,93,640,480,2,0,83,172,95
39,green,1788789484,999068496,333,93,640,480,3,0,82,182,94
39,green,1788789484,999068496,333,93,640,480,4,0,82,174,98
39,green,1788789484,999068496,333,93,640,480,5,0,82,174,101
39,green,1788789484,999068496,333,93,640,480,-5,1,84,139,132
39,green,1788789484,999068496,333,93,640,480,-4,1,84,140,129
39,green,1788789484,999068496,333,93,640,480,-3,1,83,139,125
39,green,1788789484,999068496,333,93,640,480,-2,1,83,133,123
39,green,1788789484,999068496,333,93,640,480,-1,1,83,132,120
39,green,1788789484,999068496,333,93,640,480,0,1,83,135,115
39,green,1788789484,999068496,333,93,640,480,1,1,83,135,106
39,green,1788789484,999068496,333,93,640,480,2,1,83,145,102
39,green,1788789484,999068496,333,93,640,480,3,1,83,163,100
39,green,1788789484,999068496,333,93,640,480,4,1,82,158,108
39,green,1788789484,999068496,333,93,640,480,5,1,82,153,112
39,green,1788789484,999068496,333,93,640,480,-5,2,84,150,121
39,green,1788789484,999068496,333,93,640,480,-4,2,83,146,119
39,green,1788789484,999068496,333,93,640,480,-3,2,83,139,117
39,green,1788789484,999068496,333,93,640,480,-2,2,83,134,118
39,green,1788789484,999068496,333,93,640,480,-1,2,83,126,117
39,green,1788789484,999068496,333,93,640,480,0,2,83,126,113
39,green,1788789484,999068496,333,93,640,480,1,2,83,130,106
39,green,1788789484,999068496,333,93,640,480,2,2,83,143,100
39,green,1788789484,999068496,333,93,640,480,3,2,83,147,106
39,green,1788789484,999068496,333,93,640,480,4,2,82,140,115
39,green,1788789484,999068496,333,93,640,480,5,2,83,132,120
39,green,1788789484,999068496,333,93,640,480,-5,3,83,179,104
39,green,1788789484,999068496,333,93,640,480,-4,3,82,188,99
39,green,1788789484,999068496,333,93,640,480,-3,3,82,187,94
39,green,1788789484,999068496,333,93,640,480,-2,3,82,176,97
39,green,1788789484,999068496,333,93,640,480,-1,3,83,155,102
39,green,1788789484,999068496,333,93,640,480,0,3,82,145,107
39,green,1788789484,999068496,333,93,640,480,1,3,82,142,104
39,green,1788789484,999068496,333,93,640,480,2,3,82,145,100
39,green,1788789484,999068496,333,93,640,480,3,3,82,138,100
39,green,1788789484,999068496,333,93,640,480,4,3,81,133,102
39,green,1788789484,999068496,333,93,640,480,5,3,82,132,104
39,green,1788789484,999068496,333,93,640,480,-5,4,82,186,103
39,green,1788789484,999068496,333,93,640,480,-4,4,82,192,97
39,green,1788789484,999068496,333,93,640,480,-3,4,82,197,92
39,green,1788789484,999068496,333,93,640,480,-2,4,82,180,95
39,green,1788789484,999068496,333,93,640,480,-1,4,82,160,102
39,green,1788789484,999068496,333,93,640,480,0,4,82,150,107
39,green,1788789484,999068496,333,93,640,480,1,4,82,150,104
39,green,1788789484,999068496,333,93,640,480,2,4,82,147,99
39,green,1788789484,999068496,333,93,640,480,3,4,81,137,95
39,green,1788789484,999068496,333,93,640,480,4,4,81,134,97
39,green,1788789484,999068496,333,93,640,480,5,4,81,130,100
39,green,1788789484,999068496,333,93,640,480,-5,5,82,191,100
39,green,1788789484,999068496,333,93,640,480,-4,5,82,200,93
39,green,1788789484,999068496,333,93,640,480,-3,5,82,203,89
39,green,1788789484,999068496,333,93,640,480,-2,5,82,186,92
39,green,1788789484,999068496,333,93,640,480,-1,5,82,163,100
39,green,1788789484,999068496,333,93,640,480,0,5,82,153,105
39,green,1788789484,999068496,333,93,640,480,1,5,82,151,103
39,green,1788789484,999068496,333,93,640,480,2,5,82,151,98
39,green,1788789484,999068496,333,93,640,480,3,5,81,147,92
39,green,1788789484,999068496,333,93,640,480,4,5,81,140,93
39,green,1788789484,999068496,333,93,640,480,5,5,81,137,95
40,green,1788789485,999380654,556,96,640,480,-5,-5,82,255,114
40,green,1788789485,999380654,556,96,640,480,-4,-5,82,255,115
40,green,1788789485,999380654,556,96,640,480,-3,-5,82,253,116
40,green,1788789485,999380654,556,96,640,480,-2,-5,82,255,118
40,green,1788789485,999380654,556,96,640,480,-1,-5,82,253,119
40,green,1788789485,999380654,556,96,640,480,0,-5,82,253,120
40,green,1788789485,999380654,556,96,640,480,1,-5,82,255,119
40,green,1788789485,999380654,556,96,640,480,2,-5,82,255,118
40,green,1788789485,999380654,556,96,640,480,3,-5,82,255,118
40,green,1788789485,999380654,556,96,640,480,4,-5,82,255,119
40,green,1788789485,999380654,556,96,640,480,5,-5,82,255,119
40,green,1788789485,999380654,556,96,640,480,-5,-4,82,255,114
40,green,1788789485,999380654,556,96,640,480,-4,-4,82,255,115
40,green,1788789485,999380654,556,96,640,480,-3,-4,82,253,116
40,green,1788789485,999380654,556,96,640,480,-2,-4,82,255,118
40,green,1788789485,999380654,556,96,640,480,-1,-4,82,253,119
40,green,1788789485,999380654,556,96,640,480,0,-4,82,255,119
40,green,1788789485,999380654,556,96,640,480,1,-4,82,255,119
40,green,1788789485,999380654,556,96,640,480,2,-4,82,255,119
40,green,1788789485,999380654,556,96,640,480,3,-4,82,255,119
40,green,1788789485,999380654,556,96,640,480,4,-4,82,255,119
40,green,1788789485,999380654,556,96,640,480,5,-4,82,255,119
40,green,1788789485,999380654,556,96,640,480,-5,-3,82,253,116
40,green,1788789485,999380654,556,96,640,480,-4,-3,82,255,115
40,green,1788789485,999380654,556,96,640,480,-3,-3,82,255,115
40,green,1788789485,999380654,556,96,640,480,-2,-3,82,255,117
40,green,1788789485,999380654,556,96,640,480,-1,-3,82,255,118
40,green,1788789485,999380654,556,96,640,480,0,-3,82,255,119
40,green,1788789485,999380654,556,96,640,480,1,-3,82,255,119
40,green,1788789485,999380654,556,96,640,480,2,-3,82,253,120
40,green,1788789485,999380654,556,96,640,480,3,-3,82,253,120
40,green,1788789485,999380654,556,96,640,480,4,-3,82,255,119
40,green,1788789485,999380654,556,96,640,480,5,-3,82,255,119
40,green,1788789485,999380654,556,96,640,480,-5,-2,82,249,118
40,green,1788789485,999380654,556,96,640,480,-4,-2,82,255,115
40,green,1788789485,999380654,556,96,640,480,-3,-2,82,255,115
40,green,1788789485,999380654,556,96,640,480,-2,-2,82,255,117
40,green,1788789485,999380654,556,96,640,480,-1,-2,82,255,117
40,green,1788789485,999380654,556,96,640,480,0,-2,82,255,118
40,green,1788789485,999380654,556,96,640,480,1,-2,82,253,120
40,green,1788789485,999380654,556,96,640,480,2,-2,82,251,121
40,green,1788789485,999380654,556,96,640,480,3,-2,82,251,121
40,green,1788789485,999380654,556,96,640,480,4,-2,82,255,119
40,green,1788789485,999380654,556,96,640,480,5,-2,82,255,119
40,green,1788789485,999380654,556,96,640,480,-5,-1,82,246,119
40,green,1788789485,999380654,556,96,640,480,-4,-1,82,255,115
40,green,1788789485,999380654,556,96,640,480,-3,-1,82,255,115
40,green,1788789485,999380654,556,96,640,480,-2,-1,82,255,116
40,green,1788789485,999380654,556,96,640,480,-1,-1,82,255,117
40,green,1788789485,999380654,556,96,640,480,0,-1,82,255,118
40,green,1788789485,999380654,556,96,640,480,1,-1,82,253,120
40,green,1788789485,999380654,556,96,640,480,2,-1,82,251,121
40,green,1788789485,999380654,556,96,640,480,3,-1,82,249,122
40,green,1788789485,999380654,556,96,640,480,4,-1,82,255,119
40,green,1788789485,999380654,556,96,640,480,5,-1,82,255,119
40,green,1788789485,999380654,556,96,640,480,-5,0,82,255,114
40,green,1788789485,999380654,556,96,640,480,-4,0,82,253,116
40,green,1788789485,999380654,556,96,640,480,-3,0,82,246,119
40,green,1788789485,999380654,556,96,640,480,-2,0,82,247,122
40,green,1788789485,999380654,556,96,640,480,-1,0,82,247,122
40,green,1788789485,999380654,556,96,640,480,0,0,82,255,119
40,green,1788789485,999380654,556,96,640,480,1,0,82,255,119
40,green,1788789485,999380654,556,96,640,480,2,0,82,249,122
40,green,1788789485,999380654,556,96,640,480,3,0,82,243,125
40,green,1788789485,999380654,556,96,640,480,4,0,82,251,123
40,green,1788789485,999380654,556,96,640,480,5,0,82,251,123
40,green,1788789485,999380654,556,96,640,480,-5,1,82,255,115
40,green,1788789485,999380654,556,96,640,480,-4,1,82,255,115
40,green,1788789485,999380654,556,96,640,480,-3,1,82,249,118
40,green,1788789485,999380654,556,96,640,480,-2,1,82,249,121
40,green,1788789485,999380654,556,96,640,480,-1,1,82,251,120
40,green,1788789485,999380654,556,96,640,480,0,1,82,255,118
40,green,1788789485,999380654,556,96,640,480,1,1,82,255,117
40,green,1788789485,999380654,556,96,640,480,2,1,82,255,119
40,green,1788789485,999380654,556,96,640,480,3,1,82,249,122
40,green,1788789485,999380654,556,96,640,480,4,1,82,251,123
40,green,1788789485,999380654,556,96,640,480,5,1,82,251,123
40,green,1788789485,999380654,556,96,640,480,-5,2,82,255,115
40,green,1788789485,999380654,556,96,640,480,-4,2,82,253,116
40,green,1788789485,999380654,556,96,640,480,-3,2,82,251,117
40,green,1788789485,999380654,556,96,640,480,-2,2,82,253,119
40,green,1788789485,999380654,556,96,640,480,-1,2,82,253,119
40,green,1788789485,999380654,556,96,640,480,0,2,82,255,117
40,green,1788789485,999380654,556,96,640,480,1,2,82,255,116
40,green,1788789485,999380654,556,96,640,480,2,2,82,255,117
40,green,1788789485,999380654,556,96,640,480,3,2,82,255,118
40,green,1788789485,999380654,556,96,640,480,4,2,82,253,122
40,green,1788789485,999380654,556,96,640,480,5,2,82,253,122
40,green,1788789485,999380654,556,96,640,480,-5,3,82,255,115
40,green,1788789485,999380654,556,96,640,480,-4,3,82,249,118
40,green,1788789485,999380654,556,96,640,480,-3,3,82,249,118
40,green,1788789485,999380654,556,96,640,480,-2,3,82,253,119
40,green,1788789485,999380654,556,96,640,480,-1,3,82,255,118
40,green,1788789485,999380654,556,96,640,480,0,3,82,255,117
40,green,1788789485,999380654,556,96,640,480,1,3,82,255,116
40,green,1788789485,999380654,556,96,640,480,2,3,82,255,116
40,green,1788789485,999380654,556,96,640,480,3,3,82,255,116
40,green,1788789485,999380654,556,96,640,480,4,3,82,253,122
40,green,1788789485,999380654,556,96,640,480,5,3,82,253,122
40,green,1788789485,999380654,556,96,640,480,-5,4,82,255,115
40,green,1788789485,999380654,556,96,640,480,-4,4,82,244,120
40,green,1788789485,999380654,556,96,640,480,-3,4,82,246,119
40,green,1788789485,999380654,556,96,640,480,-2,4,82,253,119
40,green,1788789485,999380654,556,96,640,480,-1,4,82,253,119
40,green,1788789485,999380654,556,96,640,480,0,4,82,255,119
40,green,1788789485,999380654,556,96,640,480,1,4,82,255,118
40,green,1788789485,999380654,556,96,640,480,2,4,82,255,117
40,green,1788789485,999380654,556,96,640,480,3,4,82,255,117
40,green,1788789485,999380654,556,96,640,480,4,4,82,253,122
40,green,1788789485,999380654,556,96,640,480,5,4,82,253,122
40,green,1788789485,999380654,556,96,640,480,-5,5,82,255,113
40,green,1788789485,999380654,556,96,640,480,-4,5,82,244,120
40,green,1788789485,999380654,556,96,640,480,-3,5,82,249,118
40,green,1788789485,999380654,556,96,640,480,-2,5,82,255,118
40,green,1788789485,999380654,556,96,640,480,-1,5,82,255,118
40,green,1788789485,999380654,556,96,640,480,0,5,82,253,120
40,green,1788789485,999380654,556,96,640,480,1,5,82,253,120
40,green,1788789485,999380654,556,96,640,480,2,5,82,255,119
40,green,1788789485,999380654,556,96,640,480,3,5,82,255,117
40,green,1788789485,999380654,556,96,640,480,4,5,82,255,121
40,green,1788789485,999380654,556,96,640,480,5,5,82,255,121
41,green,1788789486,252932130,556,96,640,480,-5,-5,82,255,114
41,green,1788789486,252932130,556,96,640,480,-4,-5,82,242,121
41,green,1788789486,252932130,556,96,640,480,-3,-5,82,244,120
41,green,1788789486,252932130,556,96,640,480,-2,-5,82,251,120
41,green,1788789486,252932130,556,96,640,480,-1,-5,82,251,120
41,green,1788789486,252932130,556,96,640,480,0,-5,82,253,120
41,green,1788789486,252932130,556,96,640,480,1,-5,82,253,120
41,green,1788789486,252932130,556,96,640,480,2,-5,82,251,121
41,green,1788789486,252932130,556,96,640,480,3,-5,82,249,122
41,green,1788789486,252932130,556,96,640,480,4,-5,82,253,120
41,green,1788789486,252932130,556,96,640,480,5,-5,82,251,121
41,green,1788789486,252932130,556,96,640,480,-5,-4,82,253,116
41,green,1788789486,252932130,556,96,640,480,-4,-4,82,242,121
41,green,1788789486,252932130,556,96,640,480,-3,-4,82,244,120
41,green,1788789486,252932130,556,96,640,480,-2,-4,82,251,120
41,green,1788789486,252932130,556,96,640,480,-1,-4,82,251,120
41,green,1788789486,252932130,556,96,640,480,0,-4,82,253,120
41,green,1788789486,252932130,556,96,640,480,1,-4,82,253,120
41,green,1788789486,252932130,556,96,640,480,2,-4,82,251,121
41,green,1788789486,252932130,556,96,640,480,3,-4,82,249,122
41,green,1788789486,252932130,556,96,640,480,4,-4,82,253,120
41,green,1788789486,252932130,556,96,640,480,5,-4,82,251,121
41,green,1788789486,252932130,556,96,640,480,-5,-3,82,253,116
41,green,1788789486,252932130,556,96,640,480,-4,-3,82,244,120
41,green,1788789486,252932130,556,96,640,480,-3,-3,82,246,119
41,green,1788789486,252932130,556,96,640,480,-2,-3,82,251,120
41,green,1788789486,252932130,556,96,640,480,-1,-3,82,253,119
41,green,1788789486,252932130,556,96,640,480,0,-3,82,255,119
41,green,1788789486,252932130,556,96,640,480,1,-3,82,253,120
41,green,1788789486,252932130,556,96,640,480,2,-3,82,253,120
41,green,1788789486,252932130,556,96,640,480,3,-3,82,251,121
41,green,1788789486,252932130,556,96,640,480,4,-3,82,253,120
41,green,1788789486,252932130,556,96,640,480,5,-3,82,251,121
41,green,1788789486,252932130,556,96,640,480,-5,-2,82,255,115
41,green,1788789486,252932130,556,96,640,480,-4,-2,82,246,119
41,green,1788789486,252932130,556,96,640,480,-3,-2,82,249,118
41,green,1788789486,252932130,556,96,640,480,-2,-2,82,253,119
41,green,1788789486,252932130,556,96,640,480,-1,-2,82,255,118
41,green,1788789486,252932130,556,96,640,480,0,-2,82,255,118
41,green,1788789486,252932130,556,96,640,480,1,-2,82,255,119
41,green,1788789486,252932130,556,96,640,480,2,-2,82,255,119
41,green,1788789486,252932130,556,96,640,480,3,-2,82,253,120
41,green,1788789486,252932130,556,96,640,480,4,-2,82,253,120
41,green,1788789486,252932130,556,96,640,480,5,-2,82,253,120
41,green,1788789486,252932130,556,96,640,480,-5,-1,82,255,114
41,green,1788789486,252932130,556,96,640,480,-4,-1,82,249,118
41,green,1788789486,252932130,556,96,640,480,-3,-1,82,249,118
41,green,1788789486,252932130,556,96,640,480,-2,-1,82,255,118
41,green,1788789486,252932130,556,96,640,480,-1,-1,82,255,117
41,green,1788789486,252932130,556,96,640,480,0,-1,82,255,117
41,green,1788789486,252932130,556,96,640,480,1,-1,82,255,118
41,green,1788789486,252932130,556,96,640,480,2,-1,82,255,119
41,green,1788789486,252932130,556,96,640,480,3,-1,82,255,119
41,green,1788789486,252932130,556,96,640,480,4,-1,82,255,119
41,green,1788789486,252932130,556,96,640,480,5,-1,82,255,119
41,green,1788789486,252932130,556,96,640,480,-5,0,82,255,112
41,green,1788789486,252932130,556,96,640,480,-4,0,82,251,117
41,green,1788789486,252932130,556,96,640,480,-3,0,82,246,119
41,green,1788789486,252932130,556,96,640,480,-2,0,82,245,123
41,green,1788789486,252932130,556,96,640,480,-1,0,82,239,126
41,green,1788789486,252932130,556,96,640,480,0,0,82,241,126
41,green,1788789486,252932130,556,96,640,480,1,0,82,247,123
41,green,1788789486,252932130,556,96,640,480,2,0,82,253,120
41,green,1788789486,252932130,556,96,640,480,3,0,82,255,118
41,green,1788789486,252932130,556,96,640,480,4,0,82,255,114
41,green,1788789486,252932130,556,96,640,480,5,0,82,249,121
41,green,1788789486,252932130,556,96,640,480,-5,1,82,255,113
41,green,1788789486,252932130,556,96,640,480,-4,1,82,251,117
41,green,1788789486,252932130,556,96,640,480,-3,1,82,246,119
41,green,1788789486,252932130,556,96,640,480,-2,1,82,245,123
41,green,1788789486,252932130,556,96,640,480,-1,1,82,241,125
41,green,1788789486,252932130,556,96,640,480,0,1,82,243,125
41,green,1788789486,252932130,556,96,640,480,1,1,82,247,123
41,green,1788789486,252932130,556,96,640,480,2,1,82,253,120
41,green,1788789486,252932130,556,96,640,480,3,1,82,255,118
41,green,1788789486,252932130,556,96,640,480,4,1,82,255,114
41,green,1788789486,252932130,556,96,640,480,5,1,82,251,120
41,green,1788789486,252932130,556,96,640,480,-5,2,82,255,114
41,green,1788789486,252932130,556,96,640,480,-4,2,82,253,116
41,green,1788789486,252932130,556,96,640,480,-3,2,82,249,118
41,green,1788789486,252932130,556,96,640,480,-2,2,82,247,122
41,green,1788789486,252932130,556,96,640,480,-1,2,82,245,123
41,green,1788789486,252932130,556,96,640,480,0,2,82,247,123
41,green,1788789486,252932130,556,96,640,480,1,2,82,249,122
41,green,1788789486,252932130,556,96,640,480,2,2,82,255,119
41,green,1788789486,252932130,556,96,640,480,3,2,82,255,117
41,green,1788789486,252932130,556,96,640,480,4,2,82,255,116
41,green,1788789486,252932130,556,96,640,480,5,2,82,253,119
41,green,1788789486,252932130,556,96,640,480,-5,3,82,255,115
41,green,1788789486,252932130,556,96,640,480,-4,3,82,253,116
41,green,1788789486,252932130,556,96,640,480,-3,3,82,251,117
41,green,1788789486,252932130,556,96,640,480,-2,3,82,251,120
41,green,1788789486,252932130,556,96,640,480,-1,3,82,249,121
41,green,1788789486,252932130,556,96,640,480,0,3,82,251,121
41,green,1788789486,252932130,556,96,640,480,1,3,82,253,120
41,green,1788789486,252932130,556,96,640,480,2,3,82,255,118
41,green,1788789486,252932130,556,96,640,480,3,3,82,255,117
41,green,1788789486,252932130,556,96,640,480,4,3,82,253,119
41,green,1788789486,252932130,556,96,640,480,5,3,82,251,120
41,green,1788789486,252932130,556,96,640,480,-5,4,82,255,115
41,green,1788789486,252932130,556,96,640,480,-4,4,82,255,115
41,green,1788789486,252932130,556,96,640,480,-3,4,82,253,116
41,green,1788789486,252932130,556,96,640,480,-2,4,82,255,118
41,green,1788789486,252932130,556,96,640,480,-1,4,82,253,119
41,green,1788789486,252932130,556,96,640,480,0,4,82,255,119
41,green,1788789486,252932130,556,96,640,480,1,4,82,255,118
41,green,1788789486,252932130,556,96,640,480,2,4,82,255,117
41,green,1788789486,252932130,556,96,640,480,3,4,82,255,116
41,green,1788789486,252932130,556,96,640,480,4,4,82,247,122
41,green,1788789486,252932130,556,96,640,480,5,4,82,245,123
41,green,1788789486,252932130,556,96,640,480,-5,5,82,255,114
41,green,1788789486,252932130,556,96,640,480,-4,5,82,255,114
41,green,1788789486,252932130,556,96,640,480,-3,5,82,255,115
41,green,1788789486,252932130,556,96,640,480,-2,5,82,255,117
41,green,1788789486,252932130,556,96,640,480,-1,5,82,255,117
41,green,1788789486,252932130,556,96,640,480,0,5,82,255,117
41,green,1788789486,252932130,556,96,640,480,1,5,82,255,117
41,green,1788789486,252932130,556,96,640,480,2,5,82,255,116
41,green,1788789486,252932130,556,96,640,480,3,5,82,255,115
41,green,1788789486,252932130,556,96,640,480,4,5,82,247,122
41,green,1788789486,252932130,556,96,640,480,5,5,82,241,125
42,green,1788789486,376561266,556,96,640,480,-5,-5,82,253,116
42,green,1788789486,376561266,556,96,640,480,-4,-5,82,251,117
42,green,1788789486,376561266,556,96,640,480,-3,-5,82,251,117
42,green,1788789486,376561266,556,96,640,480,-2,-5,82,253,119
42,green,1788789486,376561266,556,96,640,480,-1,-5,82,253,119
42,green,1788789486,376561266,556,96,640,480,0,-5,82,253,120
42,green,1788789486,376561266,556,96,640,480,1,-5,82,253,120
42,green,1788789486,376561266,556,96,640,480,2,-5,82,251,121
42,green,1788789486,376561266,556,96,640,480,3,-5,82,251,121
42,green,1788789486,376561266,556,96,640,480,4,-5,82,255,119
42,green,1788789486,376561266,556,96,640,480,5,-5,82,255,119
42,green,1788789486,376561266,556,96,640,480,-5,-4,82,253,116
42,green,1788789486,376561266,556,96,640,480,-4,-4,82,251,117
42,green,1788789486,376561266,556,96,640,480,-3,-4,82,251,117
42,green,1788789486,376561266,556,96,640,480,-2,-4,82,253,119
42,green,1788789486,376561266,556,96,640,480,-1,-4,82,253,119
42,green,1788789486,376561266,556,96,640,480,0,-4,82,253,120
42,green,1788789486,376561266,556,96,640,480,1,-4,82,253,120
42,green,1788789486,376561266,556,96,640,480,2,-4,82,251,121
42,green,1788789486,376561266,556,96,640,480,3,-4,82,251,121
42,green,1788789486,376561266,556,96,640,480,4,-4,82,255,119
42,green,1788789486,376561266,556,96,640,480,5,-4,82,255,119
42,green,1788789486,376561266,556,96,640,480,-5,-3,82,253,116
42,green,1788789486,376561266,556,96,640,480,-4,-3,82,251,117
42,green,1788789486,376561266,556,96,640,480,-3,-3,82,251,117
42,green,1788789486,376561266,556,96,640,480,-2,-3,82,253,119
42,green,1788789486,376561266,556,96,640,480,-1,-3,82,253,119
42,green,1788789486,376561266,556,96,640,480,0,-3,82,253,120
42,green,1788789486,376561266,556,96,640,480,1,-3,82,253,120
42,green,1788789486,376561266,556,96,640,480,2,-3,82,251,121
42,green,1788789486,376561266,556,96,640,480,3,-3,82,251,121
42,green,1788789486,376561266,556,96,640,480,4,-3,82,255,119
42,green,1788789486,376561266,556,96,640,480,5,-3,82,255,119
42,green,1788789486,376561266,556,96,640,480,-5,-2,82,253,116
42,green,1788789486,376561266,556,96,640,480,-4,-2,82,251,117
42,green,1788789486,376561266,556,96,640,480,-3,-2,82,251,117
42,green,1788789486,376561266,556,96,640,480,-2,-2,82,253,119
42,green,1788789486,376561266,556,96,640,480,-1,-2,82,253,119
42,green,1788789486,376561266,556,96,640,480,0,-2,82,253,120
42,green,1788789486,376561266,556,96,640,480,1,-2,82,253,120
42,green,1788789486,376561266,556,96,640,480,2,-2,82,251,121
42,green,1788789486,376561266,556,96,640,480,3,-2,82,251,121
42,green,1788789486,376561266,556,96,640,480,4,-2,82,255,119
42,green,1788789486,376561266,556,96,640,480,5,-2,82,255,119
42,green,1788789486,376561266,556,96,640,480,-5,-1,82,253,116
42,green,1788789486,376561266,556,96,640,480,-4,-1,82,251,117
42,green,1788789486,376561266,556,96,640,480,-3,-1,82,251,117
42,green,1788789486,376561266,556,96,640,480,-2,-1,82,253,119
42,green,1788789486,376561266,556,96,640,480,-1,-1,82,253,119
42,green,1788789486,376561266,556,96,640,480,0,-1,82,253,120
42,green,1788789486,376561266,556,96,640,480,1,-1,82,253,120
42,green,1788789486,376561266,556,96,640,480,2,-1,82,251,121
42,green,1788789486,376561266,556,96,640,480,3,-1,82,251,121
42,green,1788789486,376561266,556,96,640,480,4,-1,82,255,119
42,green,1788789486,376561266,556,96,640,480,5,-1,82,255,119
42,green,1788789486,376561266,556,96,640,480,-5,0,82,255,115
42,green,1788789486,376561266,556,96,640,480,-4,0,82,249,118
42,green,1788789486,376561266,556,96,640,480,-3,0,82,249,118
42,green,1788789486,376561266,556,96,640,480,-2,0,82,253,119
42,green,1788789486,376561266,556,96,640,480,-1,0,82,253,119
42,green,1788789486,376561266,556,96,640,480,0,0,82,255,119
42,green,1788789486,376561266,556,96,640,480,1,0,82,255,119
42,green,1788789486,376561266,556,96,640,480,2,0,82,255,119
42,green,1788789486,376561266,556,96,640,480,3,0,82,255,119
42,green,1788789486,376561266,556,96,640,480,4,0,82,255,119
42,green,1788789486,376561266,556,96,640,480,5,0,82,255,120
42,green,1788789486,376561266,556,96,640,480,-5,1,82,255,115
42,green,1788789486,376561266,556,96,640,480,-4,1,82,249,118
42,green,1788789486,376561266,556,96,640,480,-3,1,82,249,118
42,green,1788789486,376561266,556,96,640,480,-2,1,82,253,119
42,green,1788789486,376561266,556,96,640,480,-1,1,82,253,119
42,green,1788789486,376561266,556,96,640,480,0,1,82,255,119
42,green,1788789486,376561266,556,96,640,480,1,1,82,255,119
42,green,1788789486,376561266,556,96,640,480,2,1,82,255,119
42,green,1788789486,376561266,556,96,640,480,3,1,82,255,119
42,green,1788789486,376561266,556,96,640,480,4,1,82,255,120
42,green,1788789486,376561266,556,96,640,480,5,1,82,255,121
42,green,1788789486,376561266,556,96,640,480,-5,2,82,253,116
42,green,1788789486,376561266,556,96,640,480,-4,2,82,249,118
42,green,1788789486,376561266,556,96,640,480,-3,2,82,249,118
42,green,1788789486,376561266,556,96,640,480,-2,2,82,253,119
42,green,1788789486,376561266,556,96,640,480,-1,2,82,253,119
42,green,1788789486,376561266,556,96,640,480,0,2,82,255,119
42,green,1788789486,376561266,556,96,640,480,1,2,82,255,119
42,green,1788789486,376561266,556,96,640,480,2,2,82,255,119
42,green,1788789486,376561266,556,96,640,480,3,2,82,255,119
42,green,1788789486,376561266,556,96,640,480,4,2,82,255,121
42,green,1788789486,376561266,556,96,640,480,5,2,82,253,122
42,green,1788789486,376561266,556,96,640,480,-5,3,82,251,117
42,green,1788789486,376561266,556,96,640,480,-4,3,82,249,118
42,green,1788789486,376561266,556,96,640,480,-3,3,82,249,118
42,green,1788789486,376561266,556,96,640,480,-2,3,82,253,119
42,green,1788789486,376561266,556,96,640,480,-1,3,82,253,119
42,green,1788789486,376561266,556,96,640,480,0,3,82,255,119
42,green,1788789486,376561266,556,96,640,480,1,3,82,255,119
42,green,1788789486,376561266,556,96,640,480,2,3,82,255,119
42,green,1788789486,376561266,556,96,640,480,3,3,82,255,119
42,green,1788789486,376561266,556,96,640,480,4,3,82,253,122
42,green,1788789486,376561266,556,96,640,480,5,3,82,251,123
42,green,1788789486,376561266,556,96,640,480,-5,4,82,251,117
42,green,1788789486,376561266,556,96,640,480,-4,4,82,251,117
42,green,1788789486,376561266,556,96,640,480,-3,4,82,251,117
42,green,1788789486,376561266,556,96,640,480,-2,4,82,255,118
42,green,1788789486,376561266,556,96,640,480,-1,4,82,255,118
42,green,1788789486,376561266,556,96,640,480,0,4,82,255,118
42,green,1788789486,376561266,556,96,640,480,1,4,82,255,118
42,green,1788789486,376561266,556,96,640,480,2,4,82,255,118
42,green,1788789486,376561266,556,96,640,480,3,4,82,255,118
42,green,1788789486,376561266,556,96,640,480,4,4,82,253,122
42,green,1788789486,376561266,556,96,640,480,5,4,82,251,123
42,green,1788789486,376561266,556,96,640,480,-5,5,82,253,116
42,green,1788789486,376561266,556,96,640,480,-4,5,82,251,117
42,green,1788789486,376561266,556,96,640,480,-3,5,82,251,117
42,green,1788789486,376561266,556,96,640,480,-2,5,82,255,118
42,green,1788789486,376561266,556,96,640,480,-1,5,82,255,118
42,green,1788789486,376561266,556,96,640,480,0,5,82,255,118
42,green,1788789486,376561266,556,96,640,480,1,5,82,255,118
42,green,1788789486,376561266,556,96,640,480,2,5,82,255,118
42,green,1788789486,376561266,556,96,640,480,3,5,82,255,118
42,green,1788789486,376561266,556,96,640,480,4,5,82,255,121
42,green,1788789486,376561266,556,96,640,480,5,5,82,253,122
43,green,1788789486,627920063,556,96,640,480,-5,-5,82,249,118
43,green,1788789486,627920063,556,96,640,480,-4,-5,82,253,116
43,green,1788789486,627920063,556,96,640,480,-3,-5,82,253,116
43,green,1788789486,627920063,556,96,640,480,-2,-5,82,255,118
43,green,1788789486,627920063,556,96,640,480,-1,-5,82,255,118
43,green,1788789486,627920063,556,96,640,480,0,-5,82,255,118
43,green,1788789486,627920063,556,96,640,480,1,-5,82,255,118
43,green,1788789486,627920063,556,96,640,480,2,-5,82,255,119
43,green,1788789486,627920063,556,96,640,480,3,-5,82,255,119
43,green,1788789486,627920063,556,96,640,480,4,-5,82,253,120
43,green,1788789486,627920063,556,96,640,480,5,-5,82,251,121
43,green,1788789486,627920063,556,96,640,480,-5,-4,82,251,117
43,green,1788789486,627920063,556,96,640,480,-4,-4,82,253,116
43,green,1788789486,627920063,556,96,640,480,-3,-4,82,253,116
43,green,1788789486,627920063,556,96,640,480,-2,-4,82,255,118
43,green,1788789486,627920063,556,96,640,480,-1,-4,82,255,118
43,green,1788789486,627920063,556,96,640,480,0,-4,82,255,119
43,green,1788789486,627920063,556,96,640,480,1,-4,82,255,119
43,green,1788789486,627920063,556,96,640,480,2,-4,82,253,120
43,green,1788789486,627920063,556,96,640,480,3,-4,82,253,120
43,green,1788789486,627920063,556,96,640,480,4,-4,82,249,122
43,green,1788789486,627920063,556,96,640,480,5,-4,82,249,122
43,green,1788789486,627920063,556,96,640,480,-5,-3,82,255,115
43,green,1788789486,627920063,556,96,640,480,-4,-3,82,253,116
43,green,1788789486,627920063,556,96,640,480,-3,-3,82,253,116
43,green,1788789486,627920063,556,96,640,480,-2,-3,82,255,118
43,green,1788789486,627920063,556,96,640,480,-1,-3,82,253,119
43,green,1788789486,627920063,556,96,640,480,0,-3,82,255,119
43,green,1788789486,627920063,556,96,640,480,1,-3,82,253,120
43,green,1788789486,627920063,556,96,640,480,2,-3,82,251,121
43,green,1788789486,627920063,556,96,640,480,3,-3,82,251,121
43,green,1788789486,627920063,556,96,640,480,4,-3,82,249,122
43,green,1788789486,627920063,556,96,640,480,5,-3,82,249,122
43,green,1788789486,627920063,556,96,640,480,-5,-2,82,255,113
43,green,1788789486,627920063,556,96,640,480,-4,-2,82,253,116
43,green,1788789486,627920063,556,96,640,480,-3,-2,82,253,116
43,green,1788789486,627920063,556,96,640,480,-2,-2,82,255,118
43,green,1788789486,627920063,556,96,640,480,-1,-2,82,253,119
43,green,1788789486,627920063,556,96,640,480,0,-2,82,253,120
43,green,1788789486,627920063,556,96,640,480,1,-2,82,251,121
43,green,1788789486,627920063,556,96,640,480,2,-2,82,249,122
43,green,1788789486,627920063,556,96,640,480,3,-2,82,249,122
43,green,1788789486,627920063,556,96,640,480,4,-2,82,253,120
43,green,1788789486,627920063,556,96,640,480,5,-2,82,253,120
43,green,1788789486,627920063,556,96,640,480,-5,-1,82,255,112
43,green,1788789486,627920063,556,96,640,480,-4,-1,82,253,116
43,green,1788789486,627920063,556,96,640,480,-3,-1,82,253,116
43,green,1788789486,627920063,556,96,640,480,-2,-1,82,255,118
43,green,1788789486,627920063,556,96,640,480,-1,-1,82,253,119
43,green,1788789486,627920063,556,96,640,480,0,-1,82,253,120
43,green,1788789486,627920063,556,96,640,480,1,-1,82,251,121
43,green,1788789486,627920063,556,96,640,480,2,-1,82,249,122
43,green,1788789486,627920063,556,96,640,480,3,-1,82,249,122
43,green,1788789486,627920063,556,96,640,480,4,-1,82,255,117
43,green,1788789486,627920063,556,96,640,480,5,-1,82,255,118
43,green,1788789486,627920063,556,96,640,480,-5,0,82,255,114
43,green,1788789486,627920063,556,96,640,480,-4,0,82,253,116
43,green,1788789486,627920063,556,96,640,480,-3,0,82,253,116
43,green,1788789486,627920063,556,96,640,480,-2,0,82,255,118
43,green,1788789486,627920063,556,96,640,480,-1,0,82,253,119
43,green,1788789486,627920063,556,96,640,480,0,0,82,251,121
43,green,1788789486,627920063,556,96,640,480,1,0,82,247,123
43,green,1788789486,627920063,556,96,640,480,2,0,82,243,125
43,green,1788789486,627920063,556,96,640,480,3,0,82,241,126
43,green,1788789486,627920063,556,96,640,480,4,0,82,255,120
43,green,1788789486,627920063,556,96,640,480,5,0,82,255,120
43,green,1788789486,627920063,556,96,640,480,-5,1,82,255,114
43,green,1788789486,627920063,556,96,640,480,-4,1,82,253,116
43,green,1788789486,627920063,556,96,640,480,-3,1,82,253,116
43,green,1788789486,627920063,556,96,640,480,-2,1,82,255,117
43,green,1788789486,627920063,556,96,640,480,-1,1,82,255,118
43,green,1788789486,627920063,556,96,640,480,0,1,82,253,120
43,green,1788789486,627920063,556,96,640,480,1,1,82,251,121
43,green,1788789486,627920063,556,96,640,480,2,1,82,247,123
43,green,1788789486,627920063,556,96,640,480,3,1,82,245,124
43,green,1788789486,627920063,556,96,640,480,4,1,82,255,120
43,green,1788789486,627920063,556,96,640,480,5,1,82,255,120
43,green,1788789486,627920063,556,96,640,480,-5,2,82,255,114
43,green,1788789486,627920063,556,96,640,480,-4,2,82,251,117
43,green,1788789486,627920063,556,96,640,480,-3,2,82,251,117
43,green,1788789486,627920063,556,96,640,480,-2,2,82,255,117
43,green,1788789486,627920063,556,96,640,480,-1,2,82,255,117
43,green,1788789486,627920063,556,96,640,480,0,2,82,255,118
43,green,1788789486,627920063,556,96,640,480,1,2,82,255,119
43,green,1788789486,627920063,556,96,640,480,2,2,82,253,120
43,green,1788789486,627920063,556,96,640,480,3,2,82,251,121
43,green,1788789486,627920063,556,96,640,480,4,2,82,255,120
43,green,1788789486,627920063,556,96,640,480,5,2,82,255,120
43,green,1788789486,627920063,556,96,640,480,-5,3,82,255,114
43,green,1788789486,627920063,556,96,640,480,-4,3,82,251,117
43,green,1788789486,627920063,556,96,640,480,-3,3,82,251,117
43,green,1788789486,627920063,556,96,640,480,-2,3,82,255,117
43,green,1788789486,627920063,556,96,640,480,-1,3,82,255,116
43,green,1788789486,627920063,556,96,640,480,0,3,82,255,116
43,green,1788789486,627920063,556,96,640,480,1,3,82,255,117
43,green,1788789486,627920063,556,96,640,480,2,3,82,255,117
43,green,1788789486,627920063,556,96,640,480,3,3,82,255,118
43,green,1788789486,627920063,556,96,640,480,4,3,82,255,120
43,green,1788789486,627920063,556,96,640,480,5,3,82,255,120
43,green,1788789486,627920063,556,96,640,480,-5,4,82,255,114
43,green,1788789486,627920063,556,96,640,480,-4,4,82,249,118
43,green,1788789486,627920063,556,96,640,480,-3,4,82,251,117
43,green,1788789486,627920063,556,96,640,480,-2,4,82,255,117
43,green,1788789486,627920063,556,96,640,480,-1,4,82,255,116
43,green,1788789486,627920063,556,96,640,480,0,4,82,255,116
43,green,1788789486,627920063,556,96,640,480,1,4,82,255,116
43,green,1788789486,627920063,556,96,640,480,2,4,82,255,116
43,green,1788789486,627920063,556,96,640,480,3,4,82,255,117
43,green,1788789486,627920063,556,96,640,480,4,4,82,255,120
43,green,1788789486,627920063,556,96,640,480,5,4,82,255,120
43,green,1788789486,627920063,556,96,640,480,-5,5,82,255,114
43,green,1788789486,627920063,556,96,640,480,-4,5,82,251,117
43,green,1788789486,627920063,556,96,640,480,-3,5,82,251,117
43,green,1788789486,627920063,556,96,640,480,-2,5,82,255,117
43,green,1788789486,627920063,556,96,640,480,-1,5,82,255,116
43,green,1788789486,627920063,556,96,640,480,0,5,82,255,116
43,green,1788789486,627920063,556,96,640,480,1,5,82,255,116
43,green,1788789486,627920063,556,96,640,480,2,5,82,255,117
43,green,1788789486,627920063,556,96,640,480,3,5,82,255,118
43,green,1788789486,627920063,556,96,640,480,4,5,82,255,120
43,green,1788789486,627920063,556,96,640,480,5,5,82,255,120
44,green,1788789486,749108627,556,96,640,480,-5,-5,82,255,115
44,green,1788789486,749108627,556,96,640,480,-4,-5,82,255,115
44,green,1788789486,749108627,556,96,640,480,-3,-5,82,255,115
44,green,1788789486,749108627,556,96,640,480,-2,-5,82,255,117
44,green,1788789486,749108627,556,96,640,480,-1,-5,82,255,117
44,green,1788789486,749108627,556,96,640,480,0,-5,82,255,118
44,green,1788789486,749108627,556,96,640,480,1,-5,82,255,118
44,green,1788789486,749108627,556,96,640,480,2,-5,82,255,118
44,green,1788789486,749108627,556,96,640,480,3,-5,82,255,119
44,green,1788789486,749108627,556,96,640,480,4,-5,82,255,118
44,green,1788789486,749108627,556,96,640,480,5,-5,82,255,118
44,green,1788789486,749108627,556,96,640,480,-5,-4,82,255,115
44,green,1788789486,749108627,556,96,640,480,-4,-4,82,251,117
44,green,1788789486,749108627,556,96,640,480,-3,-4,82,251,117
44,green,1788789486,749108627,556,96,640,480,-2,-4,82,255,118
44,green,1788789486,749108627,556,96,640,480,-1,-4,82,253,119
44,green,1788789486,749108627,556,96,640,480,0,-4,82,255,119
44,green,1788789486,749108627,556,96,640,480,1,-4,82,253,120
44,green,1788789486,749108627,556,96,640,480,2,-4,82,253,120
44,green,1788789486,749108627,556,96,640,480,3,-4,82,253,120
44,green,1788789486,749108627,556,96,640,480,4,-4,82,255,118
44,green,1788789486,749108627,556,96,640,480,5,-4,82,255,118
44,green,1788789486,749108627,556,96,640,480,-5,-3,82,255,115
44,green,1788789486,749108627,556,96,640,480,-4,-3,82,251,117
44,green,1788789486,749108627,556,96,640,480,-3,-3,82,249,118
44,green,1788789486,749108627,556,96,640,480,-2,-3,82,253,119
44,green,1788789486,749108627,556,96,640,480,-1,-3,82,253,119
44,green,1788789486,749108627,556,96,640,480,0,-3,82,253,120
44,green,1788789486,749108627,556,96,640,480,1,-3,82,253,120
44,green,1788789486,749108627,556,96,640,480,2,-3,82,251,121
44,green,1788789486,749108627,556,96,640,480,3,-3,82,251,121
44,green,1788789486,749108627,556,96,640,480,4,-3,82,255,118
44,green,1788789486,749108627,556,96,640,480,5,-3,82,255,118
44,green,1788789486,749108627,556,96,640,480,-5,-2,82,255,115
44,green,1788789486,749108627,556,96,640,480,-4,-2,82,253,116
44,green,1788789486,749108627,556,96,640,480,-3,-2,82,251,117
44,green,1788789486,749108627,556,96,640,480,-2,-2,82,255,118
44,green,1788789486,749108627,556,96,640,480,-1,-2,82,255,118
44,green,1788789486,749108627,556,96,640,480,0,-2,82,255,119
44,green,1788789486,749108627,556,96,640,480,1,-2,82,255,119
44,green,1788789486,749108627,556,96,640,480,2,-2,82,253,120
44,green,1788789486,749108627,556,96,640,480,3,-2,82,253,120
44,green,1788789486,749108627,556,96,640,480,4,-2,82,255,118
44,green,1788789486,749108627,556,96,640,480,5,-2,82,255,118
44,green,1788789486,749108627,556,96,640,480,-5,-1,82,255,115
44,green,1788789486,749108627,556,96,640,480,-4,-1,82,255,115
44,green,1788789486,749108627,556,96,640,480,-3,-1,82,255,115
44,green,1788789486,749108627,556,96,640,480,-2,-1,82,255,116
44,green,1788789486,749108627,556,96,640,480,-1,-1,82,255,117
44,green,1788789486,749108627,556,96,640,480,0,-1,82,255,117
44,green,1788789486,749108627,556,96,640,480,1,-1,82,255,118
44,green,1788789486,749108627,556,96,640,480,2,-1,82,255,118
44,green,1788789486,749108627,556,96,640,480,3,-1,82,255,118
44,green,1788789486,749108627,556,96,640,480,4,-1,82,255,118
44,green,1788789486,749108627,556,96,640,480,5,-1,82,255,118
44,green,1788789486,749108627,556,96,640,480,-5,0,82,255,115
44,green,1788789486,749108627,556,96,640,480,-4,0,82,255,114
44,green,1788789486,749108627,556,96,640,480,-3,0,82,255,115
44,green,1788789486,749108627,556,96,640,480,-2,0,82,255,118
44,green,1788789486,749108627,556,96,640,480,-1,0,82,251,120
44,green,1788789486,749108627,556,96,640,480,0,0,82,251,121
44,green,1788789486,749108627,556,96,640,480,1,0,82,249,122
44,green,1788789486,749108627,556,96,640,480,2,0,82,249,122
44,green,1788789486,749108627,556,96,640,480,3,0,82,249,122
44,green,1788789486,749108627,556,96,640,480,4,0,82,255,120
44,green,1788789486,749108627,556,96,640,480,5,0,82,255,119
44,green,1788789486,749108627,556,96,640,480,-5,1,82,255,115
44,green,1788789486,749108627,556,96,640,480,-4,1,82,255,115
44,green,1788789486,749108627,556,96,640,480,-3,1,82,253,116
44,green,1788789486,749108627,556,96,640,480,-2,1,82,253,119
44,green,1788789486,749108627,556,96,640,480,-1,1,82,251,120
44,green,1788789486,749108627,556,96,640,480,0,1,82,251,121
44,green,1788789486,749108627,556,96,640,480,1,1,82,251,121
44,green,1788789486,749108627,556,96,640,480,2,1,82,251,121
44,green,1788789486,749108627,556,96,640,480,3,1,82,253,120
44,green,1788789486,749108627,556,96,640,480,4,1,82,251,123
44,green,1788789486,749108627,556,96,640,480,5,1,82,253,122
44,green,1788789486,749108627,556,96,640,480,-5,2,82,255,115
44,green,1788789486,749108627,556,96,640,480,-4,2,82,253,116
44,green,1788789486,749108627,556,96,640,480,-3,2,82,251,117
44,green,1788789486,749108627,556,96,640,480,-2,2,82,253,119
44,green,1788789486,749108627,556,96,640,480,-1,2,82,251,120
44,green,1788789486,749108627,556,96,640,480,0,2,82,253,120
44,green,1788789486,749108627,556,96,640,480,1,2,82,253,120
44,green,1788789486,749108627,556,96,640,480,2,2,82,255,119
44,green,1788789486,749108627,556,96,640,480,3,2,82,255,118
44,green,1788789486,749108627,556,96,640,480,4,2,82,245,126
44,green,1788789486,749108627,556,96,640,480,5,2,82,247,125
44,green,1788789486,749108627,556,96,640,480,-5,3,82,255,115
44,green,1788789486,749108627,556,96,640,480,-4,3,82,251,117
44,green,1788789486,749108627,556,96,640,480,-3,3,82,249,118
44,green,1788789486,749108627,556,96,640,480,-2,3,82,253,119
44,green,1788789486,749108627,556,96,640,480,-1,3,82,251,120
44,green,1788789486,749108627,556,96,640,480,0,3,82,255,119
44,green,1788789486,749108627,556,96,640,480,1,3,82,255,119
44,green,1788789486,749108627,556,96,640,480,2,3,82,255,118
44,green,1788789486,749108627,556,96,640,480,3,3,82,255,117
44,green,1788789486,749108627,556,96,640,480,4,3,82,247,125
44,green,1788789486,749108627,556,96,640,480,5,3,82,249,124
44,green,1788789486,749108627,556,96,640,480,-5,4,82,255,115
44,green,1788789486,749108627,556,96,640,480,-4,4,82,251,117
44,green,1788789486,749108627,556,96,640,480,-3,4,82,251,117
44,green,1788789486,749108627,556,96,640,480,-2,4,82,253,119
44,green,1788789486,749108627,556,96,640,480,-1,4,82,253,119
44,green,1788789486,749108627,556,96,640,480,0,4,82,255,119
44,green,1788789486,749108627,556,96,640,480,1,4,82,255,118
44,green,1788789486,749108627,556,96,640,480,2,4,82,255,117
44,green,1788789486,749108627,556,96,640,480,3,4,82,255,116
44,green,1788789486,749108627,556,96,640,480,4,4,82,255,121
44,green,1788789486,749108627,556,96,640,480,5,4,82,253,122
44,green,1788789486,749108627,556,96,640,480,-5,5,82,255,115
44,green,1788789486,749108627,556,96,640,480,-4,5,82,255,115
44,green,1788789486,749108627,556,96,640,480,-3,5,82,253,116
44,green,1788789486,749108627,556,96,640,480,-2,5,82,255,118
44,green,1788789486,749108627,556,96,640,480,-1,5,82,255,118
44,green,1788789486,749108627,556,96,640,480,0,5,82,255,119
44,green,1788789486,749108627,556,96,640,480,1,5,82,255,118
44,green,1788789486,749108627,556,96,640,480,2,5,82,255,118
44,green,1788789486,749108627,556,96,640,480,3,5,82,255,117
44,green,1788789486,749108627,556,96,640,480,4,5,82,255,119
44,green,1788789486,749108627,556,96,640,480,5,5,82,255,120
45,green,1788789487,249489616,585,76,640,480,-5,-5,81,255,114
45,green,1788789487,249489616,585,76,640,480,-4,-5,81,255,113
45,green,1788789487,249489616,585,76,640,480,-3,-5,81,255,110
45,green,1788789487,249489616,585,76,640,480,-2,-5,81,255,110
45,green,1788789487,249489616,585,76,640,480,-1,-5,80,255,110
45,green,1788789487,249489616,585,76,640,480,0,-5,80,255,109
45,green,1788789487,249489616,585,76,640,480,1,-5,80,253,107
45,green,1788789487,249489616,585,76,640,480,2,-5,80,255,106
45,green,1788789487,249489616,585,76,640,480,3,-5,80,255,104
45,green,1788789487,249489616,585,76,640,480,4,-5,80,255,102
45,green,1788789487,249489616,585,76,640,480,5,-5,79,255,101
45,green,1788789487,249489616,585,76,640,480,-5,-4,81,255,115
45,green,1788789487,249489616,585,76,640,480,-4,-4,81,255,114
45,green,1788789487,249489616,585,76,640,480,-3,-4,81,253,112
45,green,1788789487,249489616,585,76,640,480,-2,-4,81,255,111
45,green,1788789487,249489616,585,76,640,480,-1,-4,80,255,108
45,green,1788789487,249489616,585,76,640,480,0,-4,80,255,108
45,green,1788789487,249489616,585,76,640,480,1,-4,80,250,108
45,green,1788789487,249489616,585,76,640,480,2,-4,80,250,108
45,green,1788789487,249489616,585,76,640,480,3,-4,80,250,106
45,green,1788789487,249489616,585,76,640,480,4,-4,80,253,105
45,green,1788789487,249489616,585,76,640,480,5,-4,79,255,104
45,green,1788789487,249489616,585,76,640,480,-5,-3,81,255,115
45,green,1788789487,249489616,585,76,640,480,-4,-3,81,255,114
45,green,1788789487,249489616,585,76,640,480,-3,-3,81,253,112
45,green,1788789487,249489616,585,76,640,480,-2,-3,81,255,111
45,green,1788789487,249489616,585,76,640,480,-1,-3,80,255,108
45,green,1788789487,249489616,585,76,640,480,0,-3,80,255,108
45,green,1788789487,249489616,585,76,640,480,1,-3,80,250,108
45,green,1788789487,249489616,585,76,640,480,2,-3,80,250,108
45,green,1788789487,249489616,585,76,640,480,3,-3,80,250,106
45,green,1788789487,249489616,585,76,640,480,4,-3,80,253,105
45,green,1788789487,249489616,585,76,640,480,5,-3,79,255,104
45,green,1788789487,249489616,585,76,640,480,-5,-2,81,255,115
45,green,1788789487,249489616,585,76,640,480,-4,-2,81,255,114
45,green,1788789487,249489616,585,76,640,480,-3,-2,81,253,112
45,green,1788789487,249489616,585,76,640,480,-2,-2,81,255,111
45,green,1788789487,249489616,585,76,640,480,-1,-2,80,255,108
45,green,1788789487,249489616,585,76,640,480,0,-2,80,255,108
45,green,1788789487,249489616,585,76,640,480,1,-2,80,250,108
45,green,1788789487,249489616,585,76,640,480,2,-2,80,250,108
45,green,1788789487,249489616,585,76,640,480,3,-2,80,250,106
45,green,1788789487,249489616,585,76,640,480,4,-2,80,253,105
45,green,1788789487,249489616,585,76,640,480,5,-2,79,255,104
45,green,1788789487,249489616,585,76,640,480,-5,-1,81,255,115
45,green,1788789487,249489616,585,76,640,480,-4,-1,81,255,114
45,green,1788789487,249489616,585,76,640,480,-3,-1,81,253,112
45,green,1788789487,249489616,585,76,640,480,-2,-1,81,255,111
45,green,1788789487,249489616,585,76,640,480,-1,-1,80,255,108
45,green,1788789487,249489616,585,76,640,480,0,-1,80,255,108
45,green,1788789487,249489616,585,76,640,480,1,-1,80,250,108
45,green,1788789487,249489616,585,76,640,480,2,-1,80,250,108
45,green,1788789487,249489616,585,76,640,480,3,-1,80,250,106
45,green,1788789487,249489616,585,76,640,480,4,-1,80,253,105
45,green,1788789487,249489616,585,76,640,480,5,-1,79,255,104
45,green,1788789487,249489616,585,76,640,480,-5,0,81,255,115
45,green,1788789487,249489616,585,76,640,480,-4,0,81,255,114
45,green,1788789487,249489616,585,76,640,480,-3,0,81,253,112
45,green,1788789487,249489616,585,76,640,480,-2,0,81,255,111
45,green,1788789487,249489616,585,76,640,480,-1,0,80,255,108
45,green,1788789487,249489616,585,76,640,480,0,0,80,255,108
45,green,1788789487,249489616,585,76,640,480,1,0,80,250,108
45,green,1788789487,249489616,585,76,640,480,2,0,80,250,108
45,green,1788789487,249489616,585,76,640,480,3,0,80,250,106
45,green,1788789487,249489616,585,76,640,480,4,0,80,253,105
45,green,1788789487,249489616,585,76,640,480,5,0,79,255,104
45,green,1788789487,249489616,585,76,640,480,-5,1,81,255,115
45,green,1788789487,249489616,585,76,640,480,-4,1,81,255,114
45,green,1788789487,249489616,585,76,640,480,-3,1,81,253,112
45,green,1788789487,249489616,585,76,640,480,-2,1,81,255,111
45,green,1788789487,249489616,585,76,640,480,-1,1,80,255,108
45,green,1788789487,249489616,585,76,640,480,0,1,80,255,108
45,green,1788789487,249489616,585,76,640,480,1,1,80,250,108
45,green,1788789487,249489616,585,76,640,480,2,1,80,250,108
45,green,1788789487,249489616,585,76,640,480,3,1,80,250,106
45,green,1788789487,249489616,585,76,640,480,4,1,80,253,105
45,green,1788789487,249489616,585,76,640,480,5,1,79,255,104
45,green,1788789487,249489616,585,76,640,480,-5,2,81,255,115
45,green,1788789487,249489616,585,76,640,480,-4,2,81,255,114
45,green,1788789487,249489616,585,76,640,480,-3,2,81,253,112
45,green,1788789487,249489616,585,76,640,480,-2,2,81,255,111
45,green,1788789487,249489616,585,76,640,480,-1,2,80,255,108
45,green,1788789487,249489616,585,76,640,480,0,2,80,255,108
45,green,1788789487,249489616,585,76,640,480,1,2,80,250,108
45,green,1788789487,249489616,585,76,640,480,2,2,80,250,108
45,green,1788789487,249489616,585,76,640,480,3,2,80,250,106
45,green,1788789487,249489616,585,76,640,480,4,2,80,253,105
45,green,1788789487,249489616,585,76,640,480,5,2,79,255,104
45,green,1788789487,249489616,585,76,640,480,-5,3,81,255,115
45,green,1788789487,249489616,585,76,640,480,-4,3,81,255,114
45,green,1788789487,249489616,585,76,640,480,-3,3,81,253,112
45,green,1788789487,249489616,585,76,640,480,-2,3,81,255,111
45,green,1788789487,249489616,585,76,640,480,-1,3,80,255,108
45,green,1788789487,249489616,585,76,640,480,0,3,80,255,108
45,green,1788789487,249489616,585,76,640,480,1,3,80,250,108
45,green,1788789487,249489616,585,76,640,480,2,3,80,250,108
45,green,1788789487,249489616,585,76,640,480,3,3,80,250,106
45,green,1788789487,249489616,585,76,640,480,4,3,80,253,105
45,green,1788789487,249489616,585,76,640,480,5,3,80,255,104
45,green,1788789487,249489616,585,76,640,480,-5,4,80,255,114
45,green,1788789487,249489616,585,76,640,480,-4,4,80,255,113
45,green,1788789487,249489616,585,76,640,480,-3,4,80,255,112
45,green,1788789487,249489616,585,76,640,480,-2,4,80,255,111
45,green,1788789487,249489616,585,76,640,480,-1,4,80,255,110
45,green,1788789487,249489616,585,76,640,480,0,4,80,255,109
45,green,1788789487,249489616,585,76,640,480,1,4,81,253,106
45,green,1788789487,249489616,585,76,640,480,2,4,81,255,105
45,green,1788789487,249489616,585,76,640,480,3,4,81,255,104
45,green,1788789487,249489616,585,76,640,480,4,4,81,255,104
45,green,1788789487,249489616,585,76,640,480,5,4,81,253,105
45,green,1788789487,249489616,585,76,640,480,-5,5,80,255,116
45,green,1788789487,249489616,585,76,640,480,-4,5,80,255,115
45,green,1788789487,249489616,585,76,640,480,-3,5,80,253,113
45,green,1788789487,249489616,585,76,640,480,-2,5,80,253,113
45,green,1788789487,249489616,585,76,640,480,-1,5,80,255,110
45,green,1788789487,249489616,585,76,640,480,0,5,80,255,109
45,green,1788789487,249489616,585,76,640,480,1,5,81,253,106
45,green,1788789487,249489616,585,76,640,480,2,5,81,255,105
45,green,1788789487,249489616,585,76,640,480,3,5,81,255,104
45,green,1788789487,249489616,585,76,640,480,4,5,81,255,104
45,green,1788789487,249489616,585,76,640,480,5,5,81,253,105
46,green,1788789487,499376973,585,76,640,480,-5,-5,81,255,116
46,green,1788789487,499376973,585,76,640,480,-4,-5,81,255,115
46,green,1788789487,499376973,585,76,640,480,-3,-5,81,255,111
46,green,1788789487,499376973,585,76,640,480,-2,-5,81,255,110
46,green,1788789487,499376973,585,76,640,480,-1,-5,80,255,108
46,green,1788789487,499376973,585,76,640,480,0,-5,80,255,108
46,green,1788789487,499376973,585,76,640,480,1,-5,80,253,107
46,green,1788789487,499376973,585,76,640,480,2,-5,80,253,107
46,green,1788789487,499376973,585,76,640,480,3,-5,80,253,105
46,green,1788789487,499376973,585,76,640,480,4,-5,80,255,103
46,green,1788789487,499376973,585,76,640,480,5,-5,79,255,102
46,green,1788789487,499376973,585,76,640,480,-5,-4,81,255,115
46,green,1788789487,499376973,585,76,640,480,-4,-4,81,255,114
46,green,1788789487,499376973,585,76,640,480,-3,-4,81,253,112
46,green,1788789487,499376973,585,76,640,480,-2,-4,81,255,111
46,green,1788789487,499376973,585,76,640,480,-1,-4,80,255,109
46,green,1788789487,499376973,585,76,640,480,0,-4,80,255,109
46,green,1788789487,499376973,585,76,640,480,1,-4,80,253,107
46,green,1788789487,499376973,585,76,640,480,2,-4,80,253,107
46,green,1788789487,499376973,585,76,640,480,3,-4,80,253,105
46,green,1788789487,499376973,585,76,640,480,4,-4,80,253,105
46,green,1788789487,499376973,585,76,640,480,5,-4,79,255,104
46,green,1788789487,499376973,585,76,640,480,-5,-3,81,255,115
46,green,1788789487,499376973,585,76,640,480,-4,-3,81,255,114
46,green,1788789487,499376973,585,76,640,480,-3,-3,81,255,111
46,green,1788789487,499376973,585,76,640,480,-2,-3,81,255,111
46,green,1788789487,499376973,585,76,640,480,-1,-3,80,255,109
46,green,1788789487,499376973,585,76,640,480,0,-3,80,255,109
46,green,1788789487,499376973,585,76,640,480,1,-3,80,253,107
46,green,1788789487,499376973,585,76,640,480,2,-3,80,253,107
46,green,1788789487,499376973,585,76,640,480,3,-3,80,253,105
46,green,1788789487,499376973,585,76,640,480,4,-3,80,253,105
46,green,1788789487,499376973,585,76,640,480,5,-3,79,255,104
46,green,1788789487,499376973,585,76,640,480,-5,-2,81,255,115
46,green,1788789487,499376973,585,76,640,480,-4,-2,81,255,114
46,green,1788789487,499376973,585,76,640,480,-3,-2,81,255,111
46,green,1788789487,499376973,585,76,640,480,-2,-2,81,255,111
46,green,1788789487,499376973,585,76,640,480,-1,-2,80,255,109
46,green,1788789487,499376973,585,76,640,480,0,-2,80,255,109
46,green,1788789487,499376973,585,76,640,480,1,-2,80,253,107
46,green,1788789487,499376973,585,76,640,480,2,-2,80,253,107
46,green,1788789487,499376973,585,76,640,480,3,-2,80,253,105
46,green,1788789487,499376973,585,76,640,480,4,-2,80,253,105
46,green,1788789487,499376973,585,76,640,480,5,-2,79,255,104
46,green,1788789487,499376973,585,76,640,480,-5,-1,81,255,114
46,green,1788789487,499376973,585,76,640,480,-4,-1,81,255,113
46,green,1788789487,499376973,585,76,640,480,-3,-1,81,255,111
46,green,1788789487,499376973,585,76,640,480,-2,-1,81,255,110
46,green,1788789487,499376973,585,76,640,480,-1,-1,80,255,109
46,green,1788789487,499376973,585,76,640,480,0,-1,80,255,109
46,green,1788789487,499376973,585,76,640,480,1,-1,80,253,107
46,green,1788789487,499376973,585,76,640,480,2,-1,80,253,107
46,green,1788789487,499376973,585,76,640,480,3,-1,80,253,105
46,green,1788789487,499376973,585,76,640,480,4,-1,80,253,105
46,green,1788789487,499376973,585,76,640,480,5,-1,79,255,104
46,green,1788789487,499376973,585,76,640,480,-5,0,81,255,114
46,green,1788789487,499376973,585,76,640,480,-4,0,81,255,113
46,green,1788789487,499376973,585,76,640,480,-3,0,81,255,110
46,green,1788789487,499376973,585,76,640,480,-2,0,81,255,110
46,green,1788789487,499376973,585,76,640,480,-1,0,80,255,109
46,green,1788789487,499376973,585,76,640,480,0,0,80,255,109
46,green,1788789487,499376973,585,76,640,480,1,0,80,253,107
46,green,1788789487,499376973,585,76,640,480,2,0,80,253,107
46,green,1788789487,499376973,585,76,640,480,3,0,80,253,105
46,green,1788789487,499376973,585,76,640,480,4,0,80,253,105
46,green,1788789487,499376973,585,76,640,480,5,0,79,255,104
46,green,1788789487,499376973,585,76,640,480,-5,1,81,255,113
46,green,1788789487,499376973,585,76,640,480,-4,1,81,255,112
46,green,1788789487,499376973,585,76,640,480,-3,1,81,255,110
46,green,1788789487,499376973,585,76,640,480,-2,1,81,255,109
46,green,1788789487,499376973,585,76,640,480,-1,1,80,255,109
46,green,1788789487,499376973,585,76,640,480,0,1,80,255,109
46,green,1788789487,499376973,585,76,640,480,1,1,80,253,107
46,green,1788789487,499376973,585,76,640,480,2,1,80,253,107
46,green,1788789487,499376973,585,76,640,480,3,1,80,253,105
46,green,1788789487,499376973,585,76,640,480,4,1,80,253,105
46,green,1788789487,499376973,585,76,640,480,5,1,79,255,104
46,green,1788789487,499376973,585,76,640,480,-5,2,81,255,113
46,green,1788789487,499376973,585,76,640,480,-4,2,81,255,112
46,green,1788789487,499376973,585,76,640,480,-3,2,81,255,109
46,green,1788789487,499376973,585,76,640,480,-2,2,81,255,109
46,green,1788789487,499376973,585,76,640,480,-1,2,80,255,109
46,green,1788789487,499376973,585,76,640,480,0,2,80,255,109
46,green,1788789487,499376973,585,76,640,480,1,2,80,253,107
46,green,1788789487,499376973,585,76,640,480,2,2,80,253,107
46,green,1788789487,499376973,585,76,640,480,3,2,80,253,105
46,green,1788789487,499376973,585,76,640,480,4,2,80,253,105
46,green,1788789487,499376973,585,76,640,480,5,2,79,255,104
46,green,1788789487,499376973,585,76,640,480,-5,3,81,255,113
46,green,1788789487,499376973,585,76,640,480,-4,3,81,255,112
46,green,1788789487,499376973,585,76,640,480,-3,3,81,255,109
46,green,1788789487,499376973,585,76,640,480,-2,3,81,255,109
46,green,1788789487,499376973,585,76,640,480,-1,3,80,255,109
46,green,1788789487,499376973,585,76,640,480,0,3,80,255,109
46,green,1788789487,499376973,585,76,640,480,1,3,80,253,107
46,green,1788789487,499376973,585,76,640,480,2,3,80,253,107
46,green,1788789487,499376973,585,76,640,480,3,3,80,253,105
46,green,1788789487,499376973,585,76,640,480,4,3,80,253,105
46,green,1788789487,499376973,585,76,640,480,5,3,79,255,104
46,green,1788789487,499376973,585,76,640,480,-5,4,81,255,114
46,green,1788789487,499376973,585,76,640,480,-4,4,81,255,113
46,green,1788789487,499376973,585,76,640,480,-3,4,81,255,111
46,green,1788789487,499376973,585,76,640,480,-2,4,81,255,110
46,green,1788789487,499376973,585,76,640,480,-1,4,80,255,110
46,green,1788789487,499376973,585,76,640,480,0,4,80,255,110
46,green,1788789487,499376973,585,76,640,480,1,4,80,250,108
46,green,1788789487,499376973,585,76,640,480,2,4,80,253,107
46,green,1788789487,499376973,585,76,640,480,3,4,80,253,105
46,green,1788789487,499376973,585,76,640,480,4,4,80,255,104
46,green,1788789487,499376973,585,76,640,480,5,4,79,255,103
46,green,1788789487,499376973,585,76,640,480,-5,5,81,255,116
46,green,1788789487,499376973,585,76,640,480,-4,5,81,255,115
46,green,1788789487,499376973,585,76,640,480,-3,5,81,253,112
46,green,1788789487,499376973,585,76,640,480,-2,5,81,253,112
46,green,1788789487,499376973,585,76,640,480,-1,5,80,255,110
46,green,1788789487,499376973,585,76,640,480,0,5,80,255,110
46,green,1788789487,499376973,585,76,640,480,1,5,80,250,108
46,green,1788789487,499376973,585,76,640,480,2,5,80,253,107
46,green,1788789487,499376973,585,76,640,480,3,5,80,253,105
46,green,1788789487,499376973,585,76,640,480,4,5,80,255,104
46,green,1788789487,499376973,585,76,640,480,5,5,79,255,103
47,green,1788789488,250136748,581,107,640,480,-5,-5,81,255,115
47,green,1788789488,250136748,581,107,640,480,-4,-5,81,255,115
47,green,1788789488,250136748,581,107,640,480,-3,-5,81,255,114
47,green,1788789488,250136748,581,107,640,480,-2,-5,81,255,114
47,green,1788789488,250136748,581,107,640,480,-1,-5,81,253,112
47,green,1788789488,250136748,581,107,640,480,0,-5,81,253,112
47,green,1788789488,250136748,581,107,640,480,1,-5,81,253,110
47,green,1788789488,250136748,581,107,640,480,2,-5,81,253,110
47,green,1788789488,250136748,581,107,640,480,3,-5,80,255,103
47,green,1788789488,250136748,581,107,640,480,4,-5,81,255,104
47,green,1788789488,250136748,581,107,640,480,5,-5,80,255,104
47,green,1788789488,250136748,581,107,640,480,-5,-4,81,253,116
47,green,1788789488,250136748,581,107,640,480,-4,-4,81,253,116
47,green,1788789488,250136748,581,107,640,480,-3,-4,81,253,115
47,green,1788789488,250136748,581,107,640,480,-2,-4,81,255,114
47,green,1788789488,250136748,581,107,640,480,-1,-4,81,253,112
47,green,1788789488,250136748,581,107,640,480,0,-4,81,255,111
47,green,1788789488,250136748,581,107,640,480,1,-4,81,255,109
47,green,1788789488,250136748,581,107,640,480,2,-4,81,255,109
47,green,1788789488,250136748,581,107,640,480,3,-4,80,255,103
47,green,1788789488,250136748,581,107,640,480,4,-4,81,255,104
47,green,1788789488,250136748,581,107,640,480,5,-4,80,255,104
47,green,1788789488,250136748,581,107,640,480,-5,-3,81,255,112
47,green,1788789488,250136748,581,107,640,480,-4,-3,81,255,112
47,green,1788789488,250136748,581,107,640,480,-3,-3,81,255,112
47,green,1788789488,250136748,581,107,640,480,-2,-3,81,255,111
47,green,1788789488,250136748,581,107,640,480,-1,-3,81,255,110
47,green,1788789488,250136748,581,107,640,480,0,-3,81,255,109
47,green,1788789488,250136748,581,107,640,480,1,-3,81,255,108
47,green,1788789488,250136748,581,107,640,480,2,-3,81,255,108
47,green,1788789488,250136748,581,107,640,480,3,-3,81,250,107
47,green,1788789488,250136748,581,107,640,480,4,-3,81,253,106
47,green,1788789488,250136748,581,107,640,480,5,-3,80,250,106
47,green,1788789488,250136748,581,107,640,480,-5,-2,81,255,114
47,green,1788789488,250136748,581,107,640,480,-4,-2,81,255,114
47,green,1788789488,250136748,581,107,640,480,-3,-2,81,255,113
47,green,1788789488,250136748,581,107,640,480,-2,-2,81,255,113
47,green,1788789488,250136748,581,107,640,480,-1,-2,81,255,111
47,green,1788789488,250136748,581,107,640,480,0,-2,81,255,111
47,green,1788789488,250136748,581,107,640,480,1,-2,81,253,110
47,green,1788789488,250136748,581,107,640,480,2,-2,81,255,109
47,green,1788789488,250136748,581,107,640,480,3,-2,81,250,107
47,green,1788789488,250136748,581,107,640,480,4,-2,81,253,106
47,green,1788789488,250136748,581,107,640,480,5,-2,80,250,106
47,green,1788789488,250136748,581,107,640,480,-5,-1,81,255,115
47,green,1788789488,250136748,581,107,640,480,-4,-1,81,255,115
47,green,1788789488,250136748,581,107,640,480,-3,-1,81,255,114
47,green,1788789488,250136748,581,107,640,480,-2,-1,81,255,114
47,green,1788789488,250136748,581,107,640,480,-1,-1,81,253,112
47,green,1788789488,250136748,581,107,640,480,0,-1,81,253,112
47,green,1788789488,250136748,581,107,640,480,1,-1,81,250,111
47,green,1788789488,250136748,581,107,640,480,2,-1,81,253,110
47,green,1788789488,250136748,581,107,640,480,3,-1,81,250,107
47,green,1788789488,250136748,581,107,640,480,4,-1,81,253,106
47,green,1788789488,250136748,581,107,640,480,5,-1,80,250,106
47,green,1788789488,250136748,581,107,640,480,-5,0,81,255,114
47,green,1788789488,250136748,581,107,640,480,-4,0,81,255,114
47,green,1788789488,250136748,581,107,640,480,-3,0,81,255,114
47,green,1788789488,250136748,581,107,640,480,-2,0,81,255,113
47,green,1788789488,250136748,581,107,640,480,-1,0,81,253,112
47,green,1788789488,250136748,581,107,640,480,0,0,81,255,111
47,green,1788789488,250136748,581,107,640,480,1,0,81,253,110
47,green,1788789488,250136748,581,107,640,480,2,0,81,253,110
47,green,1788789488,250136748,581,107,640,480,3,0,81,250,107
47,green,1788789488,250136748,581,107,640,480,4,0,81,253,106
47,green,1788789488,250136748,581,107,640,480,5,0,80,250,106
47,green,1788789488,250136748,581,107,640,480,-5,1,81,255,113
47,green,1788789488,250136748,581,107,640,480,-4,1,81,255,112
47,green,1788789488,250136748,581,107,640,480,-3,1,81,255,112
47,green,1788789488,250136748,581,107,640,480,-2,1,81,255,112
47,green,1788789488,250136748,581,107,640,480,-1,1,81,255,110
47,green,1788789488,250136748,581,107,640,480,0,1,81,255,110
47,green,1788789488,250136748,581,107,640,480,1,1,81,255,108
47,green,1788789488,250136748,581,107,640,480,2,1,81,255,108
47,green,1788789488,250136748,581,107,640,480,3,1,81,250,107
47,green,1788789488,250136748,581,107,640,480,4,1,81,253,106
47,green,1788789488,250136748,581,107,640,480,5,1,80,250,106
47,green,1788789488,250136748,581,107,640,480,-5,2,81,255,112
47,green,1788789488,250136748,581,107,640,480,-4,2,81,255,112
47,green,1788789488,250136748,581,107,640,480,-3,2,81,255,112
47,green,1788789488,250136748,581,107,640,480,-2,2,81,255,111
47,green,1788789488,250136748,581,107,640,480,-1,2,81,255,110
47,green,1788789488,250136748,581,107,640,480,0,2,81,255,109
47,green,1788789488,250136748,581,107,640,480,1,2,81,255,108
47,green,1788789488,250136748,581,107,640,480,2,2,81,255,108
47,green,1788789488,250136748,581,107,640,480,3,2,81,250,107
47,green,1788789488,250136748,581,107,640,480,4,2,81,253,106
47,green,1788789488,250136748,581,107,640,480,5,2,80,250,106
47,green,1788789488,250136748,581,107,640,480,-5,3,81,255,113
47,green,1788789488,250136748,581,107,640,480,-4,3,81,255,113
47,green,1788789488,250136748,581,107,640,480,-3,3,81,255,113
47,green,1788789488,250136748,581,107,640,480,-2,3,81,255,112
47,green,1788789488,250136748,581,107,640,480,-1,3,81,255,111
47,green,1788789488,250136748,581,107,640,480,0,3,81,255,110
47,green,1788789488,250136748,581,107,640,480,1,3,81,255,109
47,green,1788789488,250136748,581,107,640,480,2,3,81,255,109
47,green,1788789488,250136748,581,107,640,480,3,3,81,250,107
47,green,1788789488,250136748,581,107,640,480,4,3,81,253,106
47,green,1788789488,250136748,581,107,640,480,5,3,80,250,106
47,green,1788789488,250136748,581,107,640,480,-5,4,81,255,115
47,green,1788789488,250136748,581,107,640,480,-4,4,81,255,114
47,green,1788789488,250136748,581,107,640,480,-3,4,81,255,114
47,green,1788789488,250136748,581,107,640,480,-2,4,81,255,114
47,green,1788789488,250136748,581,107,640,480,-1,4,81,253,112
47,green,1788789488,250136748,581,107,640,480,0,4,81,253,112
47,green,1788789488,250136748,581,107,640,480,1,4,81,253,110
47,green,1788789488,250136748,581,107,640,480,2,4,81,250,110
47,green,1788789488,250136748,581,107,640,480,3,4,81,250,107
47,green,1788789488,250136748,581,107,640,480,4,4,81,253,106
47,green,1788789488,250136748,581,107,640,480,5,4,80,250,106
47,green,1788789488,250136748,581,107,640,480,-5,5,81,255,113
47,green,1788789488,250136748,581,107,640,480,-4,5,81,255,113
47,green,1788789488,250136748,581,107,640,480,-3,5,81,253,112
47,green,1788789488,250136748,581,107,640,480,-2,5,81,253,112
47,green,1788789488,250136748,581,107,640,480,-1,5,81,248,112
47,green,1788789488,250136748,581,107,640,480,0,5,81,248,112
47,green,1788789488,250136748,581,107,640,480,1,5,81,246,112
47,green,1788789488,250136748,581,107,640,480,2,5,81,246,112
47,green,1788789488,250136748,581,107,640,480,3,5,81,250,107
47,green,1788789488,250136748,581,107,640,480,4,5,81,250,106
47,green,1788789488,250136748,581,107,640,480,5,5,80,245,105
48,green,1788789488,378146463,581,107,640,480,-5,-5,81,255,116
48,green,1788789488,378146463,581,107,640,480,-4,-5,80,255,116
48,green,1788789488,378146463,581,107,640,480,-3,-5,81,255,114
48,green,1788789488,378146463,581,107,640,480,-2,-5,80,255,113
48,green,1788789488,378146463,581,107,640,480,-1,-5,80,255,112
48,green,1788789488,378146463,581,107,640,480,0,-5,80,255,111
48,green,1788789488,378146463,581,107,640,480,1,-5,80,255,109
48,green,1788789488,378146463,581,107,640,480,2,-5,80,255,109
48,green,1788789488,378146463,581,107,640,480,3,-5,81,255,105
48,green,1788789488,378146463,581,107,640,480,4,-5,81,255,105
48,green,1788789488,378146463,581,107,640,480,5,-5,81,253,105
48,green,1788789488,378146463,581,107,640,480,-5,-4,81,255,116
48,green,1788789488,378146463,581,107,640,480,-4,-4,80,255,115
48,green,1788789488,378146463,581,107,640,480,-3,-4,81,255,114
48,green,1788789488,378146463,581,107,640,480,-2,-4,80,255,113
48,green,1788789488,378146463,581,107,640,480,-1,-4,80,255,112
48,green,1788789488,378146463,581,107,640,480,0,-4,80,255,111
48,green,1788789488,378146463,581,107,640,480,1,-4,80,255,109
48,green,1788789488,378146463,581,107,640,480,2,-4,80,255,109
48,green,1788789488,378146463,581,107,640,480,3,-4,81,255,105
48,green,1788789488,378146463,581,107,640,480,4,-4,81,255,105
48,green,1788789488,378146463,581,107,640,480,5,-4,81,253,105
48,green,1788789488,378146463,581,107,640,480,-5,-3,81,255,114
48,green,1788789488,378146463,581,107,640,480,-4,-3,80,255,114
48,green,1788789488,378146463,581,107,640,480,-3,-3,80,255,113
48,green,1788789488,378146463,581,107,640,480,-2,-3,80,255,113
48,green,1788789488,378146463,581,107,640,480,-1,-3,80,251,114
48,green,1788789488,378146463,581,107,640,480,0,-3,80,251,114
48,green,1788789488,378146463,581,107,640,480,1,-3,80,248,113
48,green,1788789488,378146463,581,107,640,480,2,-3,80,248,113
48,green,1788789488,378146463,581,107,640,480,3,-3,81,250,107
48,green,1788789488,378146463,581,107,640,480,4,-3,81,253,106
48,green,1788789488,378146463,581,107,640,480,5,-3,81,253,105
48,green,1788789488,378146463,581,107,640,480,-5,-2,81,255,115
48,green,1788789488,378146463,581,107,640,480,-4,-2,80,255,115
48,green,1788789488,378146463,581,107,640,480,-3,-2,81,255,114
48,green,1788789488,378146463,581,107,640,480,-2,-2,80,255,113
48,green,1788789488,378146463,581,107,640,480,-1,-2,80,253,113
48,green,1788789488,378146463,581,107,640,480,0,-2,80,253,113
48,green,1788789488,378146463,581,107,640,480,1,-2,80,250,112
48,green,1788789488,378146463,581,107,640,480,2,-2,80,250,112
48,green,1788789488,378146463,581,107,640,480,3,-2,81,250,107
48,green,1788789488,378146463,581,107,640,480,4,-2,81,253,106
48,green,1788789488,378146463,581,107,640,480,5,-2,81,253,105
48,green,1788789488,378146463,581,107,640,480,-5,-1,81,255,116
48,green,1788789488,378146463,581,107,640,480,-4,-1,80,255,116
48,green,1788789488,378146463,581,107,640,480,-3,-1,81,255,114
48,green,1788789488,378146463,581,107,640,480,-2,-1,80,255,113
48,green,1788789488,378146463,581,107,640,480,-1,-1,80,253,113
48,green,1788789488,378146463,581,107,640,480,0,-1,80,255,112
48,green,1788789488,378146463,581,107,640,480,1,-1,80,255,110
48,green,1788789488,378146463,581,107,640,480,2,-1,80,255,110
48,green,1788789488,378146463,581,107,640,480,3,-1,81,250,107
48,green,1788789488,378146463,581,107,640,480,4,-1,81,253,106
48,green,1788789488,378146463,581,107,640,480,5,-1,81,253,105
48,green,1788789488,378146463,581,107,640,480,-5,0,81,253,117
48,green,1788789488,378146463,581,107,640,480,-4,0,80,255,116
48,green,1788789488,378146463,581,107,640,480,-3,0,81,255,114
48,green,1788789488,378146463,581,107,640,480,-2,0,80,255,113
48,green,1788789488,378146463,581,107,640,480,-1,0,80,255,112
48,green,1788789488,378146463,581,107,640,480,0,0,80,255,111
48,green,1788789488,378146463,581,107,640,480,1,0,80,255,109
48,green,1788789488,378146463,581,107,640,480,2,0,80,255,108
48,green,1788789488,378146463,581,107,640,480,3,0,81,250,107
48,green,1788789488,378146463,581,107,640,480,4,0,81,253,106
48,green,1788789488,378146463,581,107,640,480,5,0,81,253,105
48,green,1788789488,378146463,581,107,640,480,-5,1,81,255,116
48,green,1788789488,378146463,581,107,640,480,-4,1,80,255,116
48,green,1788789488,378146463,581,107,640,480,-3,1,81,255,114
48,green,1788789488,378146463,581,107,640,480,-2,1,80,255,113
48,green,1788789488,378146463,581,107,640,480,-1,1,80,255,111
48,green,1788789488,378146463,581,107,640,480,0,1,80,255,110
48,green,1788789488,378146463,581,107,640,480,1,1,80,255,108
48,green,1788789488,378146463,581,107,640,480,2,1,80,255,108
48,green,1788789488,378146463,581,107,640,480,3,1,81,250,107
48,green,1788789488,378146463,581,107,640,480,4,1,81,253,106
48,green,1788789488,378146463,581,107,640,480,5,1,81,253,105
48,green,1788789488,378146463,581,107,640,480,-5,2,81,255,115
48,green,1788789488,378146463,581,107,640,480,-4,2,80,255,114
48,green,1788789488,378146463,581,107,640,480,-3,2,80,255,113
48,green,1788789488,378146463,581,107,640,480,-2,2,80,255,112
48,green,1788789488,378146463,581,107,640,480,-1,2,80,255,111
48,green,1788789488,378146463,581,107,640,480,0,2,80,255,110
48,green,1788789488,378146463,581,107,640,480,1,2,80,255,109
48,green,1788789488,378146463,581,107,640,480,2,2,80,255,109
48,green,1788789488,378146463,581,107,640,480,3,2,81,250,107
48,green,1788789488,378146463,581,107,640,480,4,2,81,253,106
48,green,1788789488,378146463,581,107,640,480,5,2,81,253,105
48,green,1788789488,378146463,581,107,640,480,-5,3,81,255,113
48,green,1788789488,378146463,581,107,640,480,-4,3,80,255,113
48,green,1788789488,378146463,581,107,640,480,-3,3,80,255,111
48,green,1788789488,378146463,581,107,640,480,-2,3,80,255,111
48,green,1788789488,378146463,581,107,640,480,-1,3,80,255,111
48,green,1788789488,378146463,581,107,640,480,0,3,80,255,111
48,green,1788789488,378146463,581,107,640,480,1,3,80,255,110
48,green,1788789488,378146463,581,107,640,480,2,3,80,255,110
48,green,1788789488,378146463,581,107,640,480,3,3,81,250,107
48,green,1788789488,378146463,581,107,640,480,4,3,81,253,106
48,green,1788789488,378146463,581,107,640,480,5,3,81,253,105
48,green,1788789488,378146463,581,107,640,480,-5,4,81,255,111
48,green,1788789488,378146463,581,107,640,480,-4,4,80,255,112
48,green,1788789488,378146463,581,107,640,480,-3,4,81,255,111
48,green,1788789488,378146463,581,107,640,480,-2,4,80,255,111
48,green,1788789488,378146463,581,107,640,480,-1,4,80,255,111
48,green,1788789488,378146463,581,107,640,480,0,4,80,255,111
48,green,1788789488,378146463,581,107,640,480,1,4,80,253,111
48,green,1788789488,378146463,581,107,640,480,2,4,81,250,110
48,green,1788789488,378146463,581,107,640,480,3,4,81,250,107
48,green,1788789488,378146463,581,107,640,480,4,4,81,253,106
48,green,1788789488,378146463,581,107,640,480,5,4,81,253,105
48,green,1788789488,378146463,581,107,640,480,-5,5,81,255,115
48,green,1788789488,378146463,581,107,640,480,-4,5,81,255,114
48,green,1788789488,378146463,581,107,640,480,-3,5,81,250,113
48,green,1788789488,378146463,581,107,640,480,-2,5,81,250,113
48,green,1788789488,378146463,581,107,640,480,-1,5,81,250,111
48,green,1788789488,378146463,581,107,640,480,0,5,81,250,111
48,green,1788789488,378146463,581,107,640,480,1,5,81,250,110
48,green,1788789488,378146463,581,107,640,480,2,5,81,250,110
48,green,1788789488,378146463,581,107,640,480,3,5,81,250,107
48,green,1788789488,378146463,581,107,640,480,4,5,81,250,106
48,green,1788789488,378146463,581,107,640,480,5,5,80,245,105
49,green,1788789488,628229067,580,120,640,480,-5,-5,82,255,115
49,green,1788789488,628229067,580,120,640,480,-4,-5,81,255,114
49,green,1788789488,628229067,580,120,640,480,-3,-5,81,255,113
49,green,1788789488,628229067,580,120,640,480,-2,-5,81,255,111
49,green,1788789488,628229067,580,120,640,480,-1,-5,81,255,110
49,green,1788789488,628229067,580,120,640,480,0,-5,81,255,109
49,green,1788789488,628229067,580,120,640,480,1,-5,81,253,110
49,green,1788789488,628229067,580,120,640,480,2,-5,81,248,111
49,green,1788789488,628229067,580,120,640,480,3,-5,81,246,112
49,green,1788789488,628229067,580,120,640,480,4,-5,81,255,104
49,green,1788789488,628229067,580,120,640,480,5,-5,81,255,104
49,green,1788789488,628229067,580,120,640,480,-5,-4,82,255,116
49,green,1788789488,628229067,580,120,640,480,-4,-4,81,255,113
49,green,1788789488,628229067,580,120,640,480,-3,-4,81,255,113
49,green,1788789488,628229067,580,120,640,480,-2,-4,81,255,111
49,green,1788789488,628229067,580,120,640,480,-1,-4,81,255,110
49,green,1788789488,628229067,580,120,640,480,0,-4,81,255,109
49,green,1788789488,628229067,580,120,640,480,1,-4,81,253,110
49,green,1788789488,628229067,580,120,640,480,2,-4,81,250,110
49,green,1788789488,628229067,580,120,640,480,3,-4,81,250,110
49,green,1788789488,628229067,580,120,640,480,4,-4,81,255,104
49,green,1788789488,628229067,580,120,640,480,5,-4,81,255,104
49,green,1788789488,628229067,580,120,640,480,-5,-3,82,255,117
49,green,1788789488,628229067,580,120,640,480,-4,-3,81,255,112
49,green,1788789488,628229067,580,120,640,480,-3,-3,81,255,112
49,green,1788789488,628229067,580,120,640,480,-2,-3,81,255,111
49,green,1788789488,628229067,580,120,640,480,-1,-3,81,255,111
49,green,1788789488,628229067,580,120,640,480,0,-3,81,255,109
49,green,1788789488,628229067,580,120,640,480,1,-3,81,255,109
49,green,1788789488,628229067,580,120,640,480,2,-3,81,253,109
49,green,1788789488,628229067,580,120,640,480,3,-3,81,253,109
49,green,1788789488,628229067,580,120,640,480,4,-3,80,255,103
49,green,1788789488,628229067,580,120,640,480,5,-3,80,255,103
49,green,1788789488,628229067,580,120,640,480,-5,-2,82,255,116
49,green,1788789488,628229067,580,120,640,480,-4,-2,81,255,112
49,green,1788789488,628229067,580,120,640,480,-3,-2,81,255,112
49,green,1788789488,628229067,580,120,640,480,-2,-2,81,255,111
49,green,1788789488,628229067,580,120,640,480,-1,-2,81,255,111
49,green,1788789488,628229067,580,120,640,480,0,-2,81,253,110
49,green,1788789488,628229067,580,120,640,480,1,-2,81,255,109
49,green,1788789488,628229067,580,120,640,480,2,-2,81,255,108
49,green,1788789488,628229067,580,120,640,480,3,-2,81,255,107
49,green,1788789488,628229067,580,120,640,480,4,-2,80,255,103
49,green,1788789488,628229067,580,120,640,480,5,-2,80,255,103
49,green,1788789488,628229067,580,120,640,480,-5,-1,82,255,114
49,green,1788789488,628229067,580,120,640,480,-4,-1,81,255,112
49,green,1788789488,628229067,580,120,640,480,-3,-1,81,255,112
49,green,1788789488,628229067,580,120,640,480,-2,-1,81,255,111
49,green,1788789488,628229067,580,120,640,480,-1,-1,81,255,111
49,green,1788789488,628229067,580,120,640,480,0,-1,81,253,110
49,green,1788789488,628229067,580,120,640,480,1,-1,81,255,108
49,green,1788789488,628229067,580,120,640,480,2,-1,81,255,107
49,green,1788789488,628229067,580,120,640,480,3,-1,81,255,107
49,green,1788789488,628229067,580,120,640,480,4,-1,80,255,103
49,green,1788789488,628229067,580,120,640,480,5,-1,80,255,103
49,green,1788789488,628229067,580,120,640,480,-5,0,82,255,116
49,green,1788789488,628229067,580,120,640,480,-4,0,81,255,112
49,green,1788789488,628229067,580,120,640,480,-3,0,81,255,112
49,green,1788789488,628229067,580,120,640,480,-2,0,81,255,111
49,green,1788789488,628229067,580,120,640,480,-1,0,81,255,110
49,green,1788789488,628229067,580,120,640,480,0,0,81,255,109
49,green,1788789488,628229067,580,120,640,480,1,0,81,255,108
49,green,1788789488,628229067,580,120,640,480,2,0,81,255,108
49,green,1788789488,628229067,580,120,640,480,3,0,81,255,108
49,green,1788789488,628229067,580,120,640,480,4,0,81,250,106
49,green,1788789488,628229067,580,120,640,480,5,0,81,255,104
49,green,1788789488,628229067,580,120,640,480,-5,1,82,255,115
49,green,1788789488,628229067,580,120,640,480,-4,1,81,255,112
49,green,1788789488,628229067,580,120,640,480,-3,1,81,255,112
49,green,1788789488,628229067,580,120,640,480,-2,1,81,255,111
49,green,1788789488,628229067,580,120,640,480,-1,1,81,255,110
49,green,1788789488,628229067,580,120,640,480,0,1,81,255,109
49,green,1788789488,628229067,580,120,640,480,1,1,81,255,108
49,green,1788789488,628229067,580,120,640,480,2,1,81,255,108
49,green,1788789488,628229067,580,120,640,480,3,1,81,255,108
49,green,1788789488,628229067,580,120,640,480,4,1,81,248,107
49,green,1788789488,628229067,580,120,640,480,5,1,81,253,105
49,green,1788789488,628229067,580,120,640,480,-5,2,82,255,114
49,green,1788789488,628229067,580,120,640,480,-4,2,81,255,112
49,green,1788789488,628229067,580,120,640,480,-3,2,81,255,112
49,green,1788789488,628229067,580,120,640,480,-2,2,81,255,111
49,green,1788789488,628229067,580,120,640,480,-1,2,81,255,110
49,green,1788789488,628229067,580,120,640,480,0,2,81,255,109
49,green,1788789488,628229067,580,120,640,480,1,2,81,255,108
49,green,1788789488,628229067,580,120,640,480,2,2,81,255,108
49,green,1788789488,628229067,580,120,640,480,3,2,81,255,108
49,green,1788789488,628229067,580,120,640,480,4,2,81,246,108
49,green,1788789488,628229067,580,120,640,480,5,2,81,250,106
49,green,1788789488,628229067,580,120,640,480,-5,3,82,255,114
49,green,1788789488,628229067,580,120,640,480,-4,3,81,255,112
49,green,1788789488,628229067,580,120,640,480,-3,3,81,255,112
49,green,1788789488,628229067,580,120,640,480,-2,3,81,255,111
49,green,1788789488,628229067,580,120,640,480,-1,3,81,255,110
49,green,1788789488,628229067,580,120,640,480,0,3,81,255,109
49,green,1788789488,628229067,580,120,640,480,1,3,81,255,108
49,green,1788789488,628229067,580,120,640,480,2,3,81,255,108
49,green,1788789488,628229067,580,120,640,480,3,3,81,255,108
49,green,1788789488,628229067,580,120,640,480,4,3,81,250,106
49,green,1788789488,628229067,580,120,640,480,5,3,81,253,105
49,green,1788789488,628229067,580,120,640,480,-5,4,82,255,114
49,green,1788789488,628229067,580,120,640,480,-4,4,81,255,112
49,green,1788789488,628229067,580,120,640,480,-3,4,81,255,112
49,green,1788789488,628229067,580,120,640,480,-2,4,81,255,111
49,green,1788789488,628229067,580,120,640,480,-1,4,81,255,110
49,green,1788789488,628229067,580,120,640,480,0,4,81,255,109
49,green,1788789488,628229067,580,120,640,480,1,4,81,255,108
49,green,1788789488,628229067,580,120,640,480,2,4,81,255,108
49,green,1788789488,628229067,580,120,640,480,3,4,81,255,108
49,green,1788789488,628229067,580,120,640,480,4,4,81,255,104
49,green,1788789488,628229067,580,120,640,480,5,4,80,255,103
49,green,1788789488,628229067,580,120,640,480,-5,5,82,255,114
49,green,1788789488,628229067,580,120,640,480,-4,5,81,255,112
49,green,1788789488,628229067,580,120,640,480,-3,5,81,255,112
49,green,1788789488,628229067,580,120,640,480,-2,5,81,255,111
49,green,1788789488,628229067,580,120,640,480,-1,5,81,255,110
49,green,1788789488,628229067,580,120,640,480,0,5,81,255,109
49,green,1788789488,628229067,580,120,640,480,1,5,81,255,108
49,green,1788789488,628229067,580,120,640,480,2,5,81,255,108
49,green,1788789488,628229067,580,120,640,480,3,5,81,255,108
49,green,1788789488,628229067,580,120,640,480,4,5,80,255,103
49,green,1788789488,628229067,580,120,640,480,5,5,80,255,102
50,green,1788789489,248668996,574,185,640,480,-5,-5,81,230,121
50,green,1788789489,248668996,574,185,640,480,-4,-5,81,236,118
50,green,1788789489,248668996,574,185,640,480,-3,-5,81,244,114
50,green,1788789489,248668996,574,185,640,480,-2,-5,81,244,114
50,green,1788789489,248668996,574,185,640,480,-1,-5,81,238,117
50,green,1788789489,248668996,574,185,640,480,0,-5,81,242,115
50,green,1788789489,248668996,574,185,640,480,1,-5,81,253,110
50,green,1788789489,248668996,574,185,640,480,2,-5,81,255,106
50,green,1788789489,248668996,574,185,640,480,3,-5,80,255,106
50,green,1788789489,248668996,574,185,640,480,4,-5,80,255,106
50,green,1788789489,248668996,574,185,640,480,5,-5,80,255,105
50,green,1788789489,248668996,574,185,640,480,-5,-4,81,234,119
50,green,1788789489,248668996,574,185,640,480,-4,-4,81,242,115
50,green,1788789489,248668996,574,185,640,480,-3,-4,81,250,111
50,green,1788789489,248668996,574,185,640,480,-2,-4,81,250,111
50,green,1788789489,248668996,574,185,640,480,-1,-4,81,242,115
50,green,1788789489,248668996,574,185,640,480,0,-4,81,246,113
50,green,1788789489,248668996,574,185,640,480,1,-4,81,255,108
50,green,1788789489,248668996,574,185,640,480,2,-4,81,255,106
50,green,1788789489,248668996,574,185,640,480,3,-4,80,255,106
50,green,1788789489,248668996,574,185,640,480,4,-4,80,255,106
50,green,1788789489,248668996,574,185,640,480,5,-4,80,255,105
50,green,1788789489,248668996,574,185,640,480,-5,-3,81,240,116
50,green,1788789489,248668996,574,185,640,480,-4,-3,81,248,112
50,green,1788789489,248668996,574,185,640,480,-3,-3,81,255,107
50,green,1788789489,248668996,574,185,640,480,-2,-3,81,255,108
50,green,1788789489,248668996,574,185,640,480,-1,-3,81,248,112
50,green,1788789489,248668996,574,185,640,480,0,-3,81,250,111
50,green,1788789489,248668996,574,185,640,480,1,-3,81,255,106
50,green,1788789489,248668996,574,185,640,480,2,-3,81,255,106
50,green,1788789489,248668996,574,185,640,480,3,-3,80,255,106
50,green,1788789489,248668996,574,185,640,480,4,-3,80,255,106
50,green,1788789489,248668996,574,185,640,480,5,-3,80,255,105
50,green,1788789489,248668996,574,185,640,480,-5,-2,81,246,113
50,green,1788789489,248668996,574,185,640,480,-4,-2,81,253,110
50,green,1788789489,248668996,574,185,640,480,-3,-2,81,255,105
50,green,1788789489,248668996,574,185,640,480,-2,-2,81,255,106
50,green,1788789489,248668996,574,185,640,480,-1,-2,81,253,110
50,green,1788789489,248668996,574,185,640,480,0,-2,81,255,109
50,green,1788789489,248668996,574,185,640,480,1,-2,81,255,105
50,green,1788789489,248668996,574,185,640,480,2,-2,81,255,106
50,green,1788789489,248668996,574,185,640,480,3,-2,80,255,106
50,green,1788789489,248668996,574,185,640,480,4,-2,80,255,106
50,green,1788789489,248668996,574,185,640,480,5,-2,80,255,105
50,green,1788789489,248668996,574,185,640,480,-5,-1,81,253,110
50,green,1788789489,248668996,574,185,640,480,-4,-1,81,255,109
50,green,1788789489,248668996,574,185,640,480,-3,-1,81,255,108
50,green,1788789489,248668996,574,185,640,480,-2,-1,81,255,108
50,green,1788789489,248668996,574,185,640,480,-1,-1,81,255,108
50,green,1788789489,248668996,574,185,640,480,0,-1,81,255,108
50,green,1788789489,248668996,574,185,640,480,1,-1,81,255,109
50,green,1788789489,248668996,574,185,640,480,2,-1,81,248,111
50,green,1788789489,248668996,574,185,640,480,3,-1,81,244,113
50,green,1788789489,248668996,574,185,640,480,4,-1,81,250,110
50,green,1788789489,248668996,574,185,640,480,5,-1,80,255,103
50,green,1788789489,248668996,574,185,640,480,-5,0,81,246,113
50,green,1788789489,248668996,574,185,640,480,-4,0,81,248,112
50,green,1788789489,248668996,574,185,640,480,-3,0,81,250,111
50,green,1788789489,248668996,574,185,640,480,-2,0,81,250,111
50,green,1788789489,248668996,574,185,640,480,-1,0,81,250,111
50,green,1788789489,248668996,574,185,640,480,0,0,81,248,112
50,green,1788789489,248668996,574,185,640,480,1,0,81,248,112
50,green,1788789489,248668996,574,185,640,480,2,0,81,246,112
50,green,1788789489,248668996,574,185,640,480,3,0,81,239,115
50,green,1788789489,248668996,574,185,640,480,4,0,81,246,112
50,green,1788789489,248668996,574,185,640,480,5,0,80,255,106
50,green,1788789489,248668996,574,185,640,480,-5,1,81,248,112
50,green,1788789489,248668996,574,185,640,480,-4,1,81,248,112
50,green,1788789489,248668996,574,185,640,480,-3,1,81,250,111
50,green,1788789489,248668996,574,185,640,480,-2,1,81,250,111
50,green,1788789489,248668996,574,185,640,480,-1,1,81,248,112
50,green,1788789489,248668996,574,185,640,480,0,1,81,246,113
50,green,1788789489,248668996,574,185,640,480,1,1,81,244,114
50,green,1788789489,248668996,574,185,640,480,2,1,81,244,113
50,green,1788789489,248668996,574,185,640,480,3,1,81,237,116
50,green,1788789489,248668996,574,185,640,480,4,1,81,239,115
50,green,1788789489,248668996,574,185,640,480,5,1,81,250,110
50,green,1788789489,248668996,574,185,640,480,-5,2,81,255,109
50,green,1788789489,248668996,574,185,640,480,-4,2,81,255,109
50,green,1788789489,248668996,574,185,640,480,-3,2,81,255,109
50,green,1788789489,248668996,574,185,640,480,-2,2,81,255,109
50,green,1788789489,248668996,574,185,640,480,-1,2,81,253,110
50,green,1788789489,248668996,574,185,640,480,0,2,81,250,111
50,green,1788789489,248668996,574,185,640,480,1,2,81,248,112
50,green,1788789489,248668996,574,185,640,480,2,2,81,242,114
50,green,1788789489,248668996,574,185,640,480,3,2,81,235,117
50,green,1788789489,248668996,574,185,640,480,4,2,81,235,117
50,green,1788789489,248668996,574,185,640,480,5,2,81,246,112
50,green,1788789489,248668996,574,185,640,480,-5,3,81,250,111
50,green,1788789489,248668996,574,185,640,480,-4,3,81,253,110
50,green,1788789489,248668996,574,185,640,480,-3,3,81,255,109
50,green,1788789489,248668996,574,185,640,480,-2,3,81,255,109
50,green,1788789489,248668996,574,185,640,480,-1,3,81,253,110
50,green,1788789489,248668996,574,185,640,480,0,3,81,250,111
50,green,1788789489,248668996,574,185,640,480,1,3,81,248,112
50,green,1788789489,248668996,574,185,640,480,2,3,81,244,113
50,green,1788789489,248668996,574,185,640,480,3,3,81,237,116
50,green,1788789489,248668996,574,185,640,480,4,3,81,237,116
50,green,1788789489,248668996,574,185,640,480,5,3,81,246,112
50,green,1788789489,248668996,574,185,640,480,-5,4,81,242,115
50,green,1788789489,248668996,574,185,640,480,-4,4,81,244,114
50,green,1788789489,248668996,574,185,640,480,-3,4,81,246,113
50,green,1788789489,248668996,574,185,640,480,-2,4,81,248,112
50,green,1788789489,248668996,574,185,640,480,-1,4,81,248,112
50,green,1788789489,248668996,574,185,640,480,0,4,81,246,113
50,green,1788789489,248668996,574,185,640,480,1,4,81,246,113
50,green,1788789489,248668996,574,185,640,480,2,4,81,250,110
50,green,1788789489,248668996,574,185,640,480,3,4,81,244,113
50,green,1788789489,248668996,574,185,640,480,4,4,81,244,113
50,green,1788789489,248668996,574,185,640,480,5,4,81,255,108
50,green,1788789489,248668996,574,185,640,480,-5,5,81,238,117
50,green,1788789489,248668996,574,185,640,480,-4,5,81,242,115
50,green,1788789489,248668996,574,185,640,480,-3,5,81,244,114
50,green,1788789489,248668996,574,185,640,480,-2,5,81,248,112
50,green,1788789489,248668996,574,185,640,480,-1,5,81,248,112
50,green,1788789489,248668996,574,185,640,480,0,5,81,250,111
50,green,1788789489,248668996,574,185,640,480,1,5,81,248,112
50,green,1788789489,248668996,574,185,640,480,2,5,81,255,107
50,green,1788789489,248668996,574,185,640,480,3,5,81,250,110
50,green,1788789489,248668996,574,185,640,480,4,5,81,253,109
50,green,1788789489,248668996,574,185,640,480,5,5,80,255,104
51,green,1788789489,499847512,574,185,640,480,-5,-5,81,246,113
51,green,1788789489,499847512,574,185,640,480,-4,-5,81,248,112
51,green,1788789489,499847512,574,185,640,480,-3,-5,81,248,112
51,green,1788789489,499847512,574,185,640,480,-2,-5,81,250,111
51,green,1788789489,499847512,574,185,640,480,-1,-5,81,250,111
51,green,1788789489,499847512,574,185,640,480,0,-5,81,253,110
51,green,1788789489,499847512,574,185,640,480,1,-5,81,253,110
51,green,1788789489,499847512,574,185,640,480,2,-5,82,255,107
51,green,1788789489,499847512,574,185,640,480,3,-5,81,255,106
51,green,1788789489,499847512,574,185,640,480,4,-5,81,255,106
51,green,1788789489,499847512,574,185,640,480,5,-5,81,255,105
51,green,1788789489,499847512,574,185,640,480,-5,-4,81,246,113
51,green,1788789489,499847512,574,185,640,480,-4,-4,81,248,112
51,green,1788789489,499847512,574,185,640,480,-3,-4,81,248,112
51,green,1788789489,499847512,574,185,640,480,-2,-4,81,250,111
51,green,1788789489,499847512,574,185,640,480,-1,-4,81,250,111
51,green,1788789489,499847512,574,185,640,480,0,-4,81,253,110
51,green,1788789489,499847512,574,185,640,480,1,-4,81,253,110
51,green,1788789489,499847512,574,185,640,480,2,-4,82,255,107
51,green,1788789489,499847512,574,185,640,480,3,-4,81,255,106
51,green,1788789489,499847512,574,185,640,480,4,-4,81,255,106
51,green,1788789489,499847512,574,185,640,480,5,-4,81,255,105
51,green,1788789489,499847512,574,185,640,480,-5,-3,81,246,113
51,green,1788789489,499847512,574,185,640,480,-4,-3,81,248,112
51,green,1788789489,499847512,574,185,640,480,-3,-3,81,248,112
51,green,1788789489,499847512,574,185,640,480,-2,-3,81,250,111
51,green,1788789489,499847512,574,185,640,480,-1,-3,81,250,111
51,green,1788789489,499847512,574,185,640,480,0,-3,81,253,110
51,green,1788789489,499847512,574,185,640,480,1,-3,81,253,110
51,green,1788789489,499847512,574,185,640,480,2,-3,82,255,107
51,green,1788789489,499847512,574,185,640,480,3,-3,81,255,106
51,green,1788789489,499847512,574,185,640,480,4,-3,81,255,106
51,green,1788789489,499847512,574,185,640,480,5,-3,81,255,105
51,green,1788789489,499847512,574,185,640,480,-5,-2,81,246,113
51,green,1788789489,499847512,574,185,640,480,-4,-2,81,248,112
51,green,1788789489,499847512,574,185,640,480,-3,-2,81,248,112
51,green,1788789489,499847512,574,185,640,480,-2,-2,81,250,111
51,green,1788789489,499847512,574,185,640,480,-1,-2,81,250,111
51,green,1788789489,499847512,574,185,640,480,0,-2,81,253,110
51,green,1788789489,499847512,574,185,640,480,1,-2,81,253,110
51,green,1788789489,499847512,574,185,640,480,2,-2,82,255,107
51,green,1788789489,499847512,574,185,640,480,3,-2,81,255,106
51,green,1788789489,499847512,574,185,640,480,4,-2,81,255,106
51,green,1788789489,499847512,574,185,640,480,5,-2,81,255,105
51,green,1788789489,499847512,574,185,640,480,-5,-1,81,246,113
51,green,1788789489,499847512,574,185,640,480,-4,-1,81,238,117
51,green,1788789489,499847512,574,185,640,480,-3,-1,81,244,114
51,green,1788789489,499847512,574,185,640,480,-2,-1,81,244,114
51,green,1788789489,499847512,574,185,640,480,-1,-1,81,238,117
51,green,1788789489,499847512,574,185,640,480,0,-1,81,244,114
51,green,1788789489,499847512,574,185,640,480,1,-1,81,255,107
51,green,1788789489,499847512,574,185,640,480,2,-1,82,255,107
51,green,1788789489,499847512,574,185,640,480,3,-1,82,255,107
51,green,1788789489,499847512,574,185,640,480,4,-1,82,255,107
51,green,1788789489,499847512,574,185,640,480,5,-1,81,255,106
51,green,1788789489,499847512,574,185,640,480,-5,0,81,244,114
51,green,1788789489,499847512,574,185,640,480,-4,0,81,240,116
51,green,1788789489,499847512,574,185,640,480,-3,0,81,246,113
51,green,1788789489,499847512,574,185,640,480,-2,0,81,246,113
51,green,1788789489,499847512,574,185,640,480,-1,0,81,240,116
51,green,1788789489,499847512,574,185,640,480,0,0,81,246,113
51,green,1788789489,499847512,574,185,640,480,1,0,81,255,107
51,green,1788789489,499847512,574,185,640,480,2,0,82,253,108
51,green,1788789489,499847512,574,185,640,480,3,0,82,253,108
51,green,1788789489,499847512,574,185,640,480,4,0,82,255,107
51,green,1788789489,499847512,574,185,640,480,5,0,82,255,107
51,green,1788789489,499847512,574,185,640,480,-5,1,81,242,115
51,green,1788789489,499847512,574,185,640,480,-4,1,81,242,115
51,green,1788789489,499847512,574,185,640,480,-3,1,81,250,111
51,green,1788789489,499847512,574,185,640,480,-2,1,81,253,110
51,green,1788789489,499847512,574,185,640,480,-1,1,81,246,113
51,green,1788789489,499847512,574,185,640,480,0,1,81,248,112
51,green,1788789489,499847512,574,185,640,480,1,1,81,255,109
51,green,1788789489,499847512,574,185,640,480,2,1,82,250,109
51,green,1788789489,499847512,574,185,640,480,3,1,82,250,109
51,green,1788789489,499847512,574,185,640,480,4,1,82,253,108
51,green,1788789489,499847512,574,185,640,480,5,1,82,253,108
51,green,1788789489,499847512,574,185,640,480,-5,2,81,240,116
51,green,1788789489,499847512,574,185,640,480,-4,2,81,246,113
51,green,1788789489,499847512,574,185,640,480,-3,2,81,253,110
51,green,1788789489,499847512,574,185,640,480,-2,2,81,255,109
51,green,1788789489,499847512,574,185,640,480,-1,2,81,253,110
51,green,1788789489,499847512,574,185,640,480,0,2,81,253,110
51,green,1788789489,499847512,574,185,640,480,1,2,81,253,110
51,green,1788789489,499847512,574,185,640,480,2,2,82,250,109
51,green,1788789489,499847512,574,185,640,480,3,2,82,250,109
51,green,1788789489,499847512,574,185,640,480,4,2,82,250,109
51,green,1788789489,499847512,574,185,640,480,5,2,82,250,109
51,green,1788789489,499847512,574,185,640,480,-5,3,81,244,114
51,green,1788789489,499847512,574,185,640,480,-4,3,81,250,111
51,green,1788789489,499847512,574,185,640,480,-3,3,81,253,110
51,green,1788789489,499847512,574,185,640,480,-2,3,81,255,109
51,green,1788789489,499847512,574,185,640,480,-1,3,81,255,108
51,green,1788789489,499847512,574,185,640,480,0,3,81,255,109
51,green,1788789489,499847512,574,185,640,480,1,3,81,250,111
51,green,1788789489,499847512,574,185,640,480,2,3,82,250,109
51,green,1788789489,499847512,574,185,640,480,3,3,82,250,109
51,green,1788789489,499847512,574,185,640,480,4,3,82,250,109
51,green,1788789489,499847512,574,185,640,480,5,3,82,250,109
51,green,1788789489,499847512,574,185,640,480,-5,4,81,248,112
51,green,1788789489,499847512,574,185,640,480,-4,4,81,253,110
51,green,1788789489,499847512,574,185,640,480,-3,4,81,250,111
51,green,1788789489,499847512,574,185,640,480,-2,4,81,253,110
51,green,1788789489,499847512,574,185,640,480,-1,4,81,255,107
51,green,1788789489,499847512,574,185,640,480,0,4,81,255,108
51,green,1788789489,499847512,574,185,640,480,1,4,81,248,112
51,green,1788789489,499847512,574,185,640,480,2,4,82,250,109
51,green,1788789489,499847512,574,185,640,480,3,4,82,250,109
51,green,1788789489,499847512,574,185,640,480,4,4,82,253,108
51,green,1788789489,499847512,574,185,640,480,5,4,82,253,108
51,green,1788789489,499847512,574,185,640,480,-5,5,81,255,109
51,green,1788789489,499847512,574,185,640,480,-4,5,81,255,108
51,green,1788789489,499847512,574,185,640,480,-3,5,81,248,112
51,green,1788789489,499847512,574,185,640,480,-2,5,81,248,112
51,green,1788789489,499847512,574,185,640,480,-1,5,81,255,108
51,green,1788789489,499847512,574,185,640,480,0,5,81,255,108
51,green,1788789489,499847512,574,185,640,480,1,5,81,246,113
51,green,1788789489,499847512,574,185,640,480,2,5,82,253,108
51,green,1788789489,499847512,574,185,640,480,3,5,82,253,108
51,green,1788789489,499847512,574,185,640,480,4,5,82,255,107
51,green,1788789489,499847512,574,185,640,480,5,5,82,255,107
52,green,1788789489,627727850,574,185,640,480,-5,-5,81,251,116
52,green,1788789489,627727850,574,185,640,480,-4,-5,81,255,113
52,green,1788789489,627727850,574,185,640,480,-3,-5,81,255,111
52,green,1788789489,627727850,574,185,640,480,-2,-5,81,255,109
52,green,1788789489,627727850,574,185,640,480,-1,-5,81,255,109
52,green,1788789489,627727850,574,185,640,480,0,-5,81,255,110
52,green,1788789489,627727850,574,185,640,480,1,-5,81,255,110
52,green,1788789489,627727850,574,185,640,480,2,-5,81,255,108
52,green,1788789489,627727850,574,185,640,480,3,-5,81,255,108
52,green,1788789489,627727850,574,185,640,480,4,-5,80,255,107
52,green,1788789489,627727850,574,185,640,480,5,-5,80,255,107
52,green,1788789489,627727850,574,185,640,480,-5,-4,81,253,115
52,green,1788789489,627727850,574,185,640,480,-4,-4,81,255,114
52,green,1788789489,627727850,574,185,640,480,-3,-4,81,255,112
52,green,1788789489,627727850,574,185,640,480,-2,-4,81,255,111
52,green,1788789489,627727850,574,185,640,480,-1,-4,81,255,110
52,green,1788789489,627727850,574,185,640,480,0,-4,81,255,110
52,green,1788789489,627727850,574,185,640,480,1,-4,81,255,109
52,green,1788789489,627727850,574,185,640,480,2,-4,81,255,108
52,green,1788789489,627727850,574,185,640,480,3,-4,81,255,108
52,green,1788789489,627727850,574,185,640,480,4,-4,80,255,107
52,green,1788789489,627727850,574,185,640,480,5,-4,80,255,107
52,green,1788789489,627727850,574,185,640,480,-5,-3,81,253,112
52,green,1788789489,627727850,574,185,640,480,-4,-3,81,250,113
52,green,1788789489,627727850,574,185,640,480,-3,-3,81,250,113
52,green,1788789489,627727850,574,185,640,480,-2,-3,81,253,112
52,green,1788789489,627727850,574,185,640,480,-1,-3,81,255,111
52,green,1788789489,627727850,574,185,640,480,0,-3,81,255,109
52,green,1788789489,627727850,574,185,640,480,1,-3,81,255,108
52,green,1788789489,627727850,574,185,640,480,2,-3,81,255,108
52,green,1788789489,627727850,574,185,640,480,3,-3,81,255,108
52,green,1788789489,627727850,574,185,640,480,4,-3,80,255,107
52,green,1788789489,627727850,574,185,640,480,5,-3,80,255,107
52,green,1788789489,627727850,574,185,640,480,-5,-2,81,255,111
52,green,1788789489,627727850,574,185,640,480,-4,-2,81,250,113
52,green,1788789489,627727850,574,185,640,480,-3,-2,81,248,114
52,green,1788789489,627727850,574,185,640,480,-2,-2,81,250,113
52,green,1788789489,627727850,574,185,640,480,-1,-2,81,253,112
52,green,1788789489,627727850,574,185,640,480,0,-2,81,255,109
52,green,1788789489,627727850,574,185,640,480,1,-2,81,255,107
52,green,1788789489,627727850,574,185,640,480,2,-2,81,255,108
52,green,1788789489,627727850,574,185,640,480,3,-2,81,255,108
52,green,1788789489,627727850,574,185,640,480,4,-2,80,255,107
52,green,1788789489,627727850,574,185,640,480,5,-2,80,255,107
52,green,1788789489,627727850,574,185,640,480,-5,-1,81,244,114
52,green,1788789489,627727850,574,185,640,480,-4,-1,81,236,118
52,green,1788789489,627727850,574,185,640,480,-3,-1,81,234,119
52,green,1788789489,627727850,574,185,640,480,-2,-1,81,240,116
52,green,1788789489,627727850,574,185,640,480,-1,-1,81,248,112
52,green,1788789489,627727850,574,185,640,480,0,-1,81,253,110
52,green,1788789489,627727850,574,185,640,480,1,-1,81,253,110
52,green,1788789489,627727850,574,185,640,480,2,-1,81,255,108
52,green,1788789489,627727850,574,185,640,480,3,-1,81,255,108
52,green,1788789489,627727850,574,185,640,480,4,-1,81,255,108
52,green,1788789489,627727850,574,185,640,480,5,-1,81,255,108
52,green,1788789489,627727850,574,185,640,480,-5,0,81,244,114
52,green,1788789489,627727850,574,185,640,480,-4,0,81,238,117
52,green,1788789489,627727850,574,185,640,480,-3,0,81,236,118
52,green,1788789489,627727850,574,185,640,480,-2,0,81,242,115
52,green,1788789489,627727850,574,185,640,480,-1,0,81,250,111
52,green,1788789489,627727850,574,185,640,480,0,0,81,255,109
52,green,1788789489,627727850,574,185,640,480,1,0,81,255,109
52,green,1788789489,627727850,574,185,640,480,2,0,81,255,108
52,green,1788789489,627727850,574,185,640,480,3,0,81,255,108
52,green,1788789489,627727850,574,185,640,480,4,0,81,255,108
52,green,1788789489,627727850,574,185,640,480,5,0,81,255,108
52,green,1788789489,627727850,574,185,640,480,-5,1,82,248,110
52,green,1788789489,627727850,574,185,640,480,-4,1,82,241,113
52,green,1788789489,627727850,574,185,640,480,-3,1,82,241,113
52,green,1788789489,627727850,574,185,640,480,-2,1,82,248,110
52,green,1788789489,627727850,574,185,640,480,-1,1,82,255,107
52,green,1788789489,627727850,574,185,640,480,0,1,81,255,105
52,green,1788789489,627727850,574,185,640,480,1,1,81,255,105
52,green,1788789489,627727850,574,185,640,480,2,1,81,255,108
52,green,1788789489,627727850,574,185,640,480,3,1,81,255,108
52,green,1788789489,627727850,574,185,640,480,4,1,81,255,108
52,green,1788789489,627727850,574,185,640,480,5,1,81,255,108
52,green,1788789489,627727850,574,185,640,480,-5,2,82,253,108
52,green,1788789489,627727850,574,185,640,480,-4,2,82,246,111
52,green,1788789489,627727850,574,185,640,480,-3,2,82,248,110
52,green,1788789489,627727850,574,185,640,480,-2,2,82,255,107
52,green,1788789489,627727850,574,185,640,480,-1,2,81,255,104
52,green,1788789489,627727850,574,185,640,480,0,2,81,255,102
52,green,1788789489,627727850,574,185,640,480,1,2,81,255,103
52,green,1788789489,627727850,574,185,640,480,2,2,81,255,108
52,green,1788789489,627727850,574,185,640,480,3,2,81,255,108
52,green,1788789489,627727850,574,185,640,480,4,2,81,255,108
52,green,1788789489,627727850,574,185,640,480,5,2,81,255,108
52,green,1788789489,627727850,574,185,640,480,-5,3,82,244,112
52,green,1788789489,627727850,574,185,640,480,-4,3,82,239,114
52,green,1788789489,627727850,574,185,640,480,-3,3,82,241,113
52,green,1788789489,627727850,574,185,640,480,-2,3,82,250,109
52,green,1788789489,627727850,574,185,640,480,-1,3,81,255,106
52,green,1788789489,627727850,574,185,640,480,0,3,81,255,105
52,green,1788789489,627727850,574,185,640,480,1,3,81,255,106
52,green,1788789489,627727850,574,185,640,480,2,3,81,255,108
52,green,1788789489,627727850,574,185,640,480,3,3,81,255,108
52,green,1788789489,627727850,574,185,640,480,4,3,81,255,108
52,green,1788789489,627727850,574,185,640,480,5,3,81,255,108
52,green,1788789489,627727850,574,185,640,480,-5,4,82,231,118
52,green,1788789489,627727850,574,185,640,480,-4,4,82,229,119
52,green,1788789489,627727850,574,185,640,480,-3,4,82,233,117
52,green,1788789489,627727850,574,185,640,480,-2,4,82,241,113
52,green,1788789489,627727850,574,185,640,480,-1,4,82,248,110
52,green,1788789489,627727850,574,185,640,480,0,4,82,250,109
52,green,1788789489,627727850,574,185,640,480,1,4,81,248,111
52,green,1788789489,627727850,574,185,640,480,2,4,81,255,108
52,green,1788789489,627727850,574,185,640,480,3,4,81,255,108
52,green,1788789489,627727850,574,185,640,480,4,4,81,255,108
52,green,1788789489,627727850,574,185,640,480,5,4,81,255,108
52,green,1788789489,627727850,574,185,640,480,-5,5,82,233,117
52,green,1788789489,627727850,574,185,640,480,-4,5,82,231,118
52,green,1788789489,627727850,574,185,640,480,-3,5,82,237,115
52,green,1788789489,627727850,574,185,640,480,-2,5,82,246,111
52,green,1788789489,627727850,574,185,640,480,-1,5,82,250,109
52,green,1788789489,627727850,574,185,640,480,0,5,82,253,108
52,green,1788789489,627727850,574,185,640,480,1,5,81,250,110
52,green,1788789489,627727850,574,185,640,480,2,5,81,255,108
52,green,1788789489,627727850,574,185,640,480,3,5,81,255,108
52,green,1788789489,627727850,574,185,640,480,4,5,81,255,108
52,green,1788789489,627727850,574,185,640,480,5,5,81,255,108
53,green,1788789490,249597312,566,225,640,480,-5,-5,82,253,108
53,green,1788789490,249597312,566,225,640,480,-4,-5,82,255,107
53,green,1788789490,249597312,566,225,640,480,-3,-5,82,248,110
53,green,1788789490,249597312,566,225,640,480,-2,-5,82,250,109
53,green,1788789490,249597312,566,225,640,480,-1,-5,81,255,105
53,green,1788789490,249597312,566,225,640,480,0,-5,81,255,104
53,green,1788789490,249597312,566,225,640,480,1,-5,82,255,107
53,green,1788789490,249597312,566,225,640,480,2,-5,82,255,107
53,green,1788789490,249597312,566,225,640,480,3,-5,82,255,107
53,green,1788789490,249597312,566,225,640,480,4,-5,82,255,107
53,green,1788789490,249597312,566,225,640,480,5,-5,82,253,108
53,green,1788789490,249597312,566,225,640,480,-5,-4,82,253,108
53,green,1788789490,249597312,566,225,640,480,-4,-4,82,255,107
53,green,1788789490,249597312,566,225,640,480,-3,-4,82,248,110
53,green,1788789490,249597312,566,225,640,480,-2,-4,82,250,109
53,green,1788789490,249597312,566,225,640,480,-1,-4,81,255,105
53,green,1788789490,249597312,566,225,640,480,0,-4,81,255,105
53,green,1788789490,249597312,566,225,640,480,1,-4,82,253,108
53,green,1788789490,249597312,566,225,640,480,2,-4,82,255,107
53,green,1788789490,249597312,566,225,640,480,3,-4,82,255,107
53,green,1788789490,249597312,566,225,640,480,4,-4,82,255,107
53,green,1788789490,249597312,566,225,640,480,5,-4,82,255,107
53,green,1788789490,249597312,566,225,640,480,-5,-3,82,253,108
53,green,1788789490,249597312,566,225,640,480,-4,-3,82,253,108
53,green,1788789490,249597312,566,225,640,480,-3,-3,82,246,111
53,green,1788789490,249597312,566,225,640,480,-2,-3,82,248,110
53,green,1788789490,249597312,566,225,640,480,-1,-3,81,255,106
53,green,1788789490,249597312,566,225,640,480,0,-3,81,255,106
53,green,1788789490,249597312,566,225,640,480,1,-3,82,248,110
53,green,1788789490,249597312,566,225,640,480,2,-3,82,255,107
53,green,1788789490,249597312,566,225,640,480,3,-3,82,255,107
53,green,1788789490,249597312,566,225,640,480,4,-3,81,255,106
53,green,1788789490,249597312,566,225,640,480,5,-3,81,255,106
53,green,1788789490,249597312,566,225,640,480,-5,-2,81,253,109
53,green,1788789490,249597312,566,225,640,480,-4,-2,82,253,108
53,green,1788789490,249597312,566,225,640,480,-3,-2,81,246,112
53,green,1788789490,249597312,566,225,640,480,-2,-2,82,246,111
53,green,1788789490,249597312,566,225,640,480,-1,-2,81,255,108
53,green,1788789490,249597312,566,225,640,480,0,-2,82,255,107
53,green,1788789490,249597312,566,225,640,480,1,-2,81,248,111
53,green,1788789490,249597312,566,225,640,480,2,-2,82,255,107
53,green,1788789490,249597312,566,225,640,480,3,-2,81,255,108
53,green,1788789490,249597312,566,225,640,480,4,-2,81,255,106
53,green,1788789490,249597312,566,225,640,480,5,-2,81,255,107
53,green,1788789490,249597312,566,225,640,480,-5,-1,81,248,111
53,green,1788789490,249597312,566,225,640,480,-4,-1,81,253,109
53,green,1788789490,249597312,566,225,640,480,-3,-1,81,253,109
53,green,1788789490,249597312,566,225,640,480,-2,-1,81,250,110
53,green,1788789490,249597312,566,225,640,480,-1,-1,81,253,109
53,green,1788789490,249597312,566,225,640,480,0,-1,81,255,107
53,green,1788789490,249597312,566,225,640,480,1,-1,80,255,105
53,green,1788789490,249597312,566,225,640,480,2,-1,81,239,115
53,green,1788789490,249597312,566,225,640,480,3,-1,81,246,112
53,green,1788789490,249597312,566,225,640,480,4,-1,81,255,106
53,green,1788789490,249597312,566,225,640,480,5,-1,80,255,102
53,green,1788789490,249597312,566,225,640,480,-5,0,81,250,110
53,green,1788789490,249597312,566,225,640,480,-4,0,81,255,108
53,green,1788789490,249597312,566,225,640,480,-3,0,81,255,108
53,green,1788789490,249597312,566,225,640,480,-2,0,81,253,109
53,green,1788789490,249597312,566,225,640,480,-1,0,81,253,109
53,green,1788789490,249597312,566,225,640,480,0,0,80,255,107
53,green,1788789490,249597312,566,225,640,480,1,0,80,255,105
53,green,1788789490,249597312,566,225,640,480,2,0,81,244,113
53,green,1788789490,249597312,566,225,640,480,3,0,81,248,111
53,green,1788789490,249597312,566,225,640,480,4,0,80,255,107
53,green,1788789490,249597312,566,225,640,480,5,0,80,255,105
53,green,1788789490,249597312,566,225,640,480,-5,1,81,250,107
53,green,1788789490,249597312,566,225,640,480,-4,1,81,253,106
53,green,1788789490,249597312,566,225,640,480,-3,1,81,253,106
53,green,1788789490,249597312,566,225,640,480,-2,1,81,248,108
53,green,1788789490,249597312,566,225,640,480,-1,1,81,246,109
53,green,1788789490,249597312,566,225,640,480,0,1,81,250,107
53,green,1788789490,249597312,566,225,640,480,1,1,81,255,105
53,green,1788789490,249597312,566,225,640,480,2,1,81,246,109
53,green,1788789490,249597312,566,225,640,480,3,1,81,248,108
53,green,1788789490,249597312,566,225,640,480,4,1,81,248,108
53,green,1788789490,249597312,566,225,640,480,5,1,81,250,107
53,green,1788789490,249597312,566,225,640,480,-5,2,81,250,107
53,green,1788789490,249597312,566,225,640,480,-4,2,81,255,105
53,green,1788789490,249597312,566,225,640,480,-3,2,81,253,106
53,green,1788789490,249597312,566,225,640,480,-2,2,81,246,109
53,green,1788789490,249597312,566,225,640,480,-1,2,81,243,110
53,green,1788789490,249597312,566,225,640,480,0,2,81,248,108
53,green,1788789490,249597312,566,225,640,480,1,2,81,250,107
53,green,1788789490,249597312,566,225,640,480,2,2,81,253,106
53,green,1788789490,249597312,566,225,640,480,3,2,81,250,107
53,green,1788789490,249597312,566,225,640,480,4,2,81,246,109
53,green,1788789490,249597312,566,225,640,480,5,2,81,243,110
53,green,1788789490,249597312,566,225,640,480,-5,3,81,248,108
53,green,1788789490,249597312,566,225,640,480,-4,3,81,253,106
53,green,1788789490,249597312,566,225,640,480,-3,3,81,250,107
53,green,1788789490,249597312,566,225,640,480,-2,3,81,243,110
53,green,1788789490,249597312,566,225,640,480,-1,3,81,241,111
53,green,1788789490,249597312,566,225,640,480,0,3,81,246,109
53,green,1788789490,249597312,566,225,640,480,1,3,81,248,108
53,green,1788789490,249597312,566,225,640,480,2,3,81,255,105
53,green,1788789490,249597312,566,225,640,480,3,3,81,250,107
53,green,1788789490,249597312,566,225,640,480,4,3,81,246,109
53,green,1788789490,249597312,566,225,640,480,5,3,81,239,112
53,green,1788789490,249597312,566,225,640,480,-5,4,81,243,110
53,green,1788789490,249597312,566,225,640,480,-4,4,81,246,109
53,green,1788789490,249597312,566,225,640,480,-3,4,81,246,109
53,green,1788789490,249597312,566,225,640,480,-2,4,81,241,111
53,green,1788789490,249597312,566,225,640,480,-1,4,81,239,112
53,green,1788789490,249597312,566,225,640,480,0,4,81,243,110
53,green,1788789490,249597312,566,225,640,480,1,4,81,248,108
53,green,1788789490,249597312,566,225,640,480,2,4,81,255,105
53,green,1788789490,249597312,566,225,640,480,3,4,81,250,107
53,green,1788789490,249597312,566,225,640,480,4,4,81,246,109
53,green,1788789490,249597312,566,225,640,480,5,4,81,241,111
53,green,1788789490,249597312,566,225,640,480,-5,5,81,235,113
53,green,1788789490,249597312,566,225,640,480,-4,5,81,239,111
53,green,1788789490,249597312,566,225,640,480,-3,5,81,239,111
53,green,1788789490,249597312,566,225,640,480,-2,5,81,237,112
53,green,1788789490,249597312,566,225,640,480,-1,5,81,237,112
53,green,1788789490,249597312,566,225,640,480,0,5,81,239,111
53,green,1788789490,249597312,566,225,640,480,1,5,81,246,108
53,green,1788789490,249597312,566,225,640,480,2,5,81,250,106
53,green,1788789490,249597312,566,225,640,480,3,5,81,248,107
53,green,1788789490,249597312,566,225,640,480,4,5,81,243,109
53,green,1788789490,249597312,566,225,640,480,5,5,81,241,110
54,green,1788789490,377624482,566,225,640,480,-5,-5,82,239,110
54,green,1788789490,377624482,566,225,640,480,-4,-5,82,241,109
54,green,1788789490,377624482,566,225,640,480,-3,-5,82,248,106
54,green,1788789490,377624482,566,225,640,480,-2,-5,82,255,103
54,green,1788789490,377624482,566,225,640,480,-1,-5,82,255,103
54,green,1788789490,377624482,566,225,640,480,0,-5,82,248,106
54,green,1788789490,377624482,566,225,640,480,1,-5,82,241,109
54,green,1788789490,377624482,566,225,640,480,2,-5,82,243,108
54,green,1788789490,377624482,566,225,640,480,3,-5,82,245,107
54,green,1788789490,377624482,566,225,640,480,4,-5,82,248,106
54,green,1788789490,377624482,566,225,640,480,5,-5,82,250,105
54,green,1788789490,377624482,566,225,640,480,-5,-4,82,241,109
54,green,1788789490,377624482,566,225,640,480,-4,-4,82,243,108
54,green,1788789490,377624482,566,225,640,480,-3,-4,82,248,106
54,green,1788789490,377624482,566,225,640,480,-2,-4,82,253,104
54,green,1788789490,377624482,566,225,640,480,-1,-4,82,253,104
54,green,1788789490,377624482,566,225,640,480,0,-4,82,245,107
54,green,1788789490,377624482,566,225,640,480,1,-4,82,239,110
54,green,1788789490,377624482,566,225,640,480,2,-4,82,237,111
54,green,1788789490,377624482,566,225,640,480,3,-4,82,241,109
54,green,1788789490,377624482,566,225,640,480,4,-4,82,245,107
54,green,1788789490,377624482,566,225,640,480,5,-4,82,253,104
54,green,1788789490,377624482,566,225,640,480,-5,-3,82,241,109
54,green,1788789490,377624482,566,225,640,480,-4,-3,82,239,110
54,green,1788789490,377624482,566,225,640,480,-3,-3,82,241,109
54,green,1788789490,377624482,566,225,640,480,-2,-3,82,245,107
54,green,1788789490,377624482,566,225,640,480,-1,-3,82,245,107
54,green,1788789490,377624482,566,225,640,480,0,-3,82,241,109
54,green,1788789490,377624482,566,225,640,480,1,-3,82,235,112
54,green,1788789490,377624482,566,225,640,480,2,-3,82,230,114
54,green,1788789490,377624482,566,225,640,480,3,-3,82,237,111
54,green,1788789490,377624482,566,225,640,480,4,-3,82,243,108
54,green,1788789490,377624482,566,225,640,480,5,-3,82,253,104
54,green,1788789490,377624482,566,225,640,480,-5,-2,81,243,110
54,green,1788789490,377624482,566,225,640,480,-4,-2,82,235,112
54,green,1788789490,377624482,566,225,640,480,-3,-2,81,237,113
54,green,1788789490,377624482,566,225,640,480,-2,-2,82,239,110
54,green,1788789490,377624482,566,225,640,480,-1,-2,81,241,111
54,green,1788789490,377624482,566,225,640,480,0,-2,82,235,112
54,green,1788789490,377624482,566,225,640,480,1,-2,81,233,115
54,green,1788789490,377624482,566,225,640,480,2,-2,82,226,116
54,green,1788789490,377624482,566,225,640,480,3,-2,81,235,114
54,green,1788789490,377624482,566,225,640,480,4,-2,82,241,109
54,green,1788789490,377624482,566,225,640,480,5,-2,81,253,106
54,green,1788789490,377624482,566,225,640,480,-5,-1,81,250,110
54,green,1788789490,377624482,566,225,640,480,-4,-1,81,253,106
54,green,1788789490,377624482,566,225,640,480,-3,-1,81,255,108
54,green,1788789490,377624482,566,225,640,480,-2,-1,81,241,111
54,green,1788789490,377624482,566,225,640,480,-1,-1,81,239,115
54,green,1788789490,377624482,566,225,640,480,0,-1,81,237,113
54,green,1788789490,377624482,566,225,640,480,1,-1,81,246,112
54,green,1788789490,377624482,566,225,640,480,2,-1,81,229,117
54,green,1788789490,377624482,566,225,640,480,3,-1,81,237,116
54,green,1788789490,377624482,566,225,640,480,4,-1,81,239,112
54,green,1788789490,377624482,566,225,640,480,5,-1,81,250,110
54,green,1788789490,377624482,566,225,640,480,-5,0,81,244,113
54,green,1788789490,377624482,566,225,640,480,-4,0,81,248,111
54,green,1788789490,377624482,566,225,640,480,-3,0,81,248,111
54,green,1788789490,377624482,566,225,640,480,-2,0,81,246,112
54,green,1788789490,377624482,566,225,640,480,-1,0,81,246,112
54,green,1788789490,377624482,566,225,640,480,0,0,81,248,111
54,green,1788789490,377624482,566,225,640,480,1,0,81,250,110
54,green,1788789490,377624482,566,225,640,480,2,0,81,237,116
54,green,1788789490,377624482,566,225,640,480,3,0,81,242,114
54,green,1788789490,377624482,566,225,640,480,4,0,81,248,111
54,green,1788789490,377624482,566,225,640,480,5,0,81,255,108
54,green,1788789490,377624482,566,225,640,480,-5,1,81,235,114
54,green,1788789490,377624482,566,225,640,480,-4,1,81,233,115
54,green,1788789490,377624482,566,225,640,480,-3,1,81,237,113
54,green,1788789490,377624482,566,225,640,480,-2,1,81,243,110
54,green,1788789490,377624482,566,225,640,480,-1,1,81,248,108
54,green,1788789490,377624482,566,225,640,480,0,1,81,250,107
54,green,1788789490,377624482,566,225,640,480,1,1,81,250,107
54,green,1788789490,377624482,566,225,640,480,2,1,81,241,111
54,green,1788789490,377624482,566,225,640,480,3,1,81,243,110
54,green,1788789490,377624482,566,225,640,480,4,1,81,248,108
54,green,1788789490,377624482,566,225,640,480,5,1,81,253,106
54,green,1788789490,377624482,566,225,640,480,-5,2,81,239,112
54,green,1788789490,377624482,566,225,640,480,-4,2,81,233,115
54,green,1788789490,377624482,566,225,640,480,-3,2,81,237,113
54,green,1788789490,377624482,566,225,640,480,-2,2,81,248,108
54,green,1788789490,377624482,566,225,640,480,-1,2,81,255,104
54,green,1788789490,377624482,566,225,640,480,0,2,81,255,105
54,green,1788789490,377624482,566,225,640,480,1,2,81,250,107
54,green,1788789490,377624482,566,225,640,480,2,2,81,248,108
54,green,1788789490,377624482,566,225,640,480,3,2,81,250,107
54,green,1788789490,377624482,566,225,640,480,4,2,81,253,106
54,green,1788789490,377624482,566,225,640,480,5,2,81,255,105
54,green,1788789490,377624482,566,225,640,480,-5,3,81,248,108
54,green,1788789490,377624482,566,225,640,480,-4,3,81,241,111
54,green,1788789490,377624482,566,225,640,480,-3,3,81,243,110
54,green,1788789490,377624482,566,225,640,480,-2,3,81,253,106
54,green,1788789490,377624482,566,225,640,480,-1,3,80,255,103
54,green,1788789490,377624482,566,225,640,480,0,3,81,255,105
54,green,1788789490,377624482,566,225,640,480,1,3,81,250,107
54,green,1788789490,377624482,566,225,640,480,2,3,81,253,106
54,green,1788789490,377624482,566,225,640,480,3,3,81,253,106
54,green,1788789490,377624482,566,225,640,480,4,3,81,255,105
54,green,1788789490,377624482,566,225,640,480,5,3,81,255,104
54,green,1788789490,377624482,566,225,640,480,-5,4,81,248,108
54,green,1788789490,377624482,566,225,640,480,-4,4,81,248,108
54,green,1788789490,377624482,566,225,640,480,-3,4,81,253,106
54,green,1788789490,377624482,566,225,640,480,-2,4,81,255,105
54,green,1788789490,377624482,566,225,640,480,-1,4,81,255,104
54,green,1788789490,377624482,566,225,640,480,0,4,81,253,106
54,green,1788789490,377624482,566,225,640,480,1,4,81,248,108
54,green,1788789490,377624482,566,225,640,480,2,4,81,253,106
54,green,1788789490,377624482,566,225,640,480,3,4,81,253,106
54,green,1788789490,377624482,566,225,640,480,4,4,81,253,106
54,green,1788789490,377624482,566,225,640,480,5,4,81,255,105
54,green,1788789490,377624482,566,225,640,480,-5,5,81,235,113
54,green,1788789490,377624482,566,225,640,480,-4,5,81,246,108
54,green,1788789490,377624482,566,225,640,480,-3,5,81,253,105
54,green,1788789490,377624482,566,225,640,480,-2,5,81,253,105
54,green,1788789490,377624482,566,225,640,480,-1,5,81,250,106
54,green,1788789490,377624482,566,225,640,480,0,5,81,248,107
54,green,1788789490,377624482,566,225,640,480,1,5,81,248,107
54,green,1788789490,377624482,566,225,640,480,2,5,81,246,108
54,green,1788789490,377624482,566,225,640,480,3,5,81,246,108
54,green,1788789490,377624482,566,225,640,480,4,5,81,248,107
54,green,1788789490,377624482,566,225,640,480,5,5,81,250,106
55,green,1788789490,749516383,568,253,640,480,-5,-5,81,232,109
55,green,1788789490,749516383,568,253,640,480,-4,-5,81,234,108
55,green,1788789490,749516383,568,253,640,480,-3,-5,81,240,105
55,green,1788789490,749516383,568,253,640,480,-2,-5,81,248,102
55,green,1788789490,749516383,568,253,640,480,-1,-5,81,252,100
55,green,1788789490,749516383,568,253,640,480,0,-5,81,240,105
55,green,1788789490,749516383,568,253,640,480,1,-5,81,240,105
55,green,1788789490,749516383,568,253,640,480,2,-5,81,245,103
55,green,1788789490,749516383,568,253,640,480,3,-5,81,248,102
55,green,1788789490,749516383,568,253,640,480,4,-5,81,252,100
55,green,1788789490,749516383,568,253,640,480,5,-5,81,255,99
55,green,1788789490,749516383,568,253,640,480,-5,-4,81,229,110
55,green,1788789490,749516383,568,253,640,480,-4,-4,81,234,108
55,green,1788789490,749516383,568,253,640,480,-3,-4,81,240,105
55,green,1788789490,749516383,568,253,640,480,-2,-4,81,248,102
55,green,1788789490,749516383,568,253,640,480,-1,-4,81,252,100
55,green,1788789490,749516383,568,253,640,480,0,-4,81,243,104
55,green,1788789490,749516383,568,253,640,480,1,-4,81,243,104
55,green,1788789490,749516383,568,253,640,480,2,-4,81,245,103
55,green,1788789490,749516383,568,253,640,480,3,-4,81,250,101
55,green,1788789490,749516383,568,253,640,480,4,-4,81,252,100
55,green,1788789490,749516383,568,253,640,480,5,-4,81,255,98
55,green,1788789490,749516383,568,253,640,480,-5,-3,81,229,110
55,green,1788789490,749516383,568,253,640,480,-4,-3,81,234,108
55,green,1788789490,749516383,568,253,640,480,-3,-3,81,240,105
55,green,1788789490,749516383,568,253,640,480,-2,-3,81,248,102
55,green,1788789490,749516383,568,253,640,480,-1,-3,81,252,100
55,green,1788789490,749516383,568,253,640,480,0,-3,81,245,103
55,green,1788789490,749516383,568,253,640,480,1,-3,81,245,103
55,green,1788789490,749516383,568,253,640,480,2,-3,81,248,102
55,green,1788789490,749516383,568,253,640,480,3,-3,81,252,100
55,green,1788789490,749516383,568,253,640,480,4,-3,81,255,99
55,green,1788789490,749516383,568,253,640,480,5,-3,81,255,98
55,green,1788789490,749516383,568,253,640,480,-5,-2,81,229,110
55,green,1788789490,749516383,568,253,640,480,-4,-2,81,234,108
55,green,1788789490,749516383,568,253,640,480,-3,-2,81,240,105
55,green,1788789490,749516383,568,253,640,480,-2,-2,81,248,102
55,green,1788789490,749516383,568,253,640,480,-1,-2,81,252,100
55,green,1788789490,749516383,568,253,640,480,0,-2,81,248,102
55,green,1788789490,749516383,568,253,640,480,1,-2,81,248,102
55,green,1788789490,749516383,568,253,640,480,2,-2,81,250,101
55,green,1788789490,749516383,568,253,640,480,3,-2,81,252,100
55,green,1788789490,749516383,568,253,640,480,4,-2,81,255,99
55,green,1788789490,749516383,568,253,640,480,5,-2,81,255,98
55,green,1788789490,749516383,568,253,640,480,-5,-1,81,232,109
55,green,1788789490,749516383,568,253,640,480,-4,-1,81,236,107
55,green,1788789490,749516383,568,253,640,480,-3,-1,81,243,104
55,green,1788789490,749516383,568,253,640,480,-2,-1,81,248,102
55,green,1788789490,749516383,568,253,640,480,-1,-1,81,250,101
55,green,1788789490,749516383,568,253,640,480,0,-1,81,248,102
55,green,1788789490,749516383,568,253,640,480,1,-1,81,248,102
55,green,1788789490,749516383,568,253,640,480,2,-1,81,250,101
55,green,1788789490,749516383,568,253,640,480,3,-1,81,252,100
55,green,1788789490,749516383,568,253,640,480,4,-1,81,252,100
55,green,1788789490,749516383,568,253,640,480,5,-1,81,255,99
55,green,1788789490,749516383,568,253,640,480,-5,0,81,238,106
55,green,1788789490,749516383,568,253,640,480,-4,0,81,240,105
55,green,1788789490,749516383,568,253,640,480,-3,0,81,243,104
55,green,1788789490,749516383,568,253,640,480,-2,0,81,245,103
55,green,1788789490,749516383,568,253,640,480,-1,0,81,248,102
55,green,1788789490,749516383,568,253,640,480,0,0,81,245,103
55,green,1788789490,749516383,568,253,640,480,1,0,81,248,102
55,green,1788789490,749516383,568,253,640,480,2,0,81,248,102
55,green,1788789490,749516383,568,253,640,480,3,0,81,250,101
55,green,1788789490,749516383,568,253,640,480,4,0,81,250,101
55,green,1788789490,749516383,568,253,640,480,5,0,81,252,100
55,green,1788789490,749516383,568,253,640,480,-5,1,81,243,104
55,green,1788789490,749516383,568,253,640,480,-4,1,81,243,104
55,green,1788789490,749516383,568,253,640,480,-3,1,81,245,103
55,green,1788789490,749516383,568,253,640,480,-2,1,81,245,103
55,green,1788789490,749516383,568,253,640,480,-1,1,81,243,104
55,green,1788789490,749516383,568,253,640,480,0,1,81,243,104
55,green,1788789490,749516383,568,253,640,480,1,1,81,245,103
55,green,1788789490,749516383,568,253,640,480,2,1,81,245,103
55,green,1788789490,749516383,568,253,640,480,3,1,81,245,103
55,green,1788789490,749516383,568,253,640,480,4,1,81,248,102
55,green,1788789490,749516383,568,253,640,480,5,1,81,248,102
55,green,1788789490,749516383,568,253,640,480,-5,2,81,245,103
55,green,1788789490,749516383,568,253,640,480,-4,2,81,245,103
55,green,1788789490,749516383,568,253,640,480,-3,2,81,248,104
55,green,1788789490,749516383,568,253,640,480,-2,2,81,245,105
55,green,1788789490,749516383,568,253,640,480,-1,2,81,245,105
55,green,1788789490,749516383,568,253,640,480,0,2,81,245,105
55,green,1788789490,749516383,568,253,640,480,1,2,81,245,105
55,green,1788789490,749516383,568,253,640,480,2,2,81,245,105
55,green,1788789490,749516383,568,253,640,480,3,2,81,243,104
55,green,1788789490,749516383,568,253,640,480,4,2,81,245,103
55,green,1788789490,749516383,568,253,640,480,5,2,81,245,103
55,green,1788789490,749516383,568,253,640,480,-5,3,80,248,103
55,green,1788789490,749516383,568,253,640,480,-4,3,80,253,102
55,green,1788789490,749516383,568,253,640,480,-3,3,80,255,103
55,green,1788789490,749516383,568,253,640,480,-2,3,80,250,106
55,green,1788789490,749516383,568,253,640,480,-1,3,80,243,109
55,green,1788789490,749516383,568,253,640,480,0,3,80,248,107
55,green,1788789490,749516383,568,253,640,480,1,3,80,253,105
55,green,1788789490,749516383,568,253,640,480,2,3,80,255,102
55,green,1788789490,749516383,568,253,640,480,3,3,80,255,100
55,green,1788789490,749516383,568,253,640,480,4,3,80,250,102
55,green,1788789490,749516383,568,253,640,480,5,3,80,245,104
55,green,1788789490,749516383,568,253,640,480,-5,4,80,245,105
55,green,1788789490,749516383,568,253,640,480,-4,4,80,250,103
55,green,1788789490,749516383,568,253,640,480,-3,4,80,255,104
55,green,1788789490,749516383,568,253,640,480,-2,4,80,255,106
55,green,1788789490,749516383,568,253,640,480,-1,4,80,250,108
55,green,1788789490,749516383,568,253,640,480,0,4,80,255,106
55,green,1788789490,749516383,568,253,640,480,1,4,80,255,103
55,green,1788789490,749516383,568,253,640,480,2,4,79,255,99
55,green,1788789490,749516383,568,253,640,480,3,4,79,255,99
55,green,1788789490,749516383,568,253,640,480,4,4,80,255,100
55,green,1788789490,749516383,568,253,640,480,5,4,80,250,102
55,green,1788789490,749516383,568,253,640,480,-5,5,80,238,108
55,green,1788789490,749516383,568,253,640,480,-4,5,80,243,106
55,green,1788789490,749516383,568,253,640,480,-3,5,80,253,105
55,green,1788789490,749516383,568,253,640,480,-2,5,80,255,105
55,green,1788789490,749516383,568,253,640,480,-1,5,80,255,106
55,green,1788789490,749516383,568,253,640,480,0,5,80,255,103
55,green,1788789490,749516383,568,253,640,480,1,5,79,255,100
55,green,1788789490,749516383,568,253,640,480,2,5,79,255,97
55,green,1788789490,749516383,568,253,640,480,3,5,79,255,97
55,green,1788789490,749516383,568,253,640,480,4,5,80,255,98
55,green,1788789490,749516383,568,253,640,480,5,5,80,255,100
56,green,1788789490,999304481,568,253,640,480,-5,-5,81,246,108
56,green,1788789490,999304481,568,253,640,480,-4,-5,81,248,107
56,green,1788789490,999304481,568,253,640,480,-3,-5,81,250,106
56,green,1788789490,999304481,568,253,640,480,-2,-5,81,255,104
56,green,1788789490,999304481,568,253,640,480,-1,-5,80,255,103
56,green,1788789490,999304481,568,253,640,480,0,-5,81,243,109
56,green,1788789490,999304481,568,253,640,480,1,-5,81,246,108
56,green,1788789490,999304481,568,253,640,480,2,-5,81,248,107
56,green,1788789490,999304481,568,253,640,480,3,-5,81,253,105
56,green,1788789490,999304481,568,253,640,480,4,-5,80,255,103
56,green,1788789490,999304481,568,253,640,480,5,-5,80,255,102
56,green,1788789490,999304481,568,253,640,480,-5,-4,81,243,109
56,green,1788789490,999304481,568,253,640,480,-4,-4,81,238,108
56,green,1788789490,999304481,568,253,640,480,-3,-4,81,246,108
56,green,1788789490,999304481,568,253,640,480,-2,-4,81,243,106
56,green,1788789490,999304481,568,253,640,480,-1,-4,81,250,106
56,green,1788789490,999304481,568,253,640,480,0,-4,81,228,113
56,green,1788789490,999304481,568,253,640,480,1,-4,81,235,113
56,green,1788789490,999304481,568,253,640,480,2,-4,81,232,111
56,green,1788789490,999304481,568,253,640,480,3,-4,81,243,109
56,green,1788789490,999304481,568,253,640,480,4,-4,81,243,106
56,green,1788789490,999304481,568,253,640,480,5,-4,81,253,105
56,green,1788789490,999304481,568,253,640,480,-5,-3,81,243,106
56,green,1788789490,999304481,568,253,640,480,-4,-3,81,243,104
56,green,1788789490,999304481,568,253,640,480,-3,-3,81,245,105
56,green,1788789490,999304481,568,253,640,480,-2,-3,81,240,105
56,green,1788789490,999304481,568,253,640,480,-1,-3,81,243,106
56,green,1788789490,999304481,568,253,640,480,0,-3,81,223,113
56,green,1788789490,999304481,568,253,640,480,1,-3,81,228,113
56,green,1788789490,999304481,568,253,640,480,2,-3,81,227,111
56,green,1788789490,999304481,568,253,640,480,3,-3,81,236,109
56,green,1788789490,999304481,568,253,640,480,4,-3,81,238,106
56,green,1788789490,999304481,568,253,640,480,5,-3,81,248,104
56,green,1788789490,999304481,568,253,640,480,-5,-2,81,250,101
56,green,1788789490,999304481,568,253,640,480,-4,-2,80,247,100
56,green,1788789490,999304481,568,253,640,480,-3,-2,81,250,101
56,green,1788789490,999304481,568,253,640,480,-2,-2,80,243,102
56,green,1788789490,999304481,568,253,640,480,-1,-2,81,245,103
56,green,1788789490,999304481,568,253,640,480,0,-2,80,229,108
56,green,1788789490,999304481,568,253,640,480,1,-2,81,236,107
56,green,1788789490,999304481,568,253,640,480,2,-2,80,233,106
56,green,1788789490,999304481,568,253,640,480,3,-2,81,243,104
56,green,1788789490,999304481,568,253,640,480,4,-2,80,243,102
56,green,1788789490,999304481,568,253,640,480,5,-2,81,250,101
56,green,1788789490,999304481,568,253,640,480,-5,-1,80,243,102
56,green,1788789490,999304481,568,253,640,480,-4,-1,80,242,100
56,green,1788789490,999304481,568,253,640,480,-3,-1,80,245,101
56,green,1788789490,999304481,568,253,640,480,-2,-1,80,240,101
56,green,1788789490,999304481,568,253,640,480,-1,-1,80,240,103
56,green,1788789490,999304481,568,253,640,480,0,-1,80,238,102
56,green,1788789490,999304481,568,253,640,480,1,-1,80,240,103
56,green,1788789490,999304481,568,253,640,480,2,-1,80,240,101
56,green,1788789490,999304481,568,253,640,480,3,-1,80,245,101
56,green,1788789490,999304481,568,253,640,480,4,-1,80,242,100
56,green,1788789490,999304481,568,253,640,480,5,-1,80,247,100
56,green,1788789490,999304481,568,253,640,480,-5,0,80,226,107
56,green,1788789490,999304481,568,253,640,480,-4,0,80,229,106
56,green,1788789490,999304481,568,253,640,480,-3,0,80,231,105
56,green,1788789490,999304481,568,253,640,480,-2,0,80,231,105
56,green,1788789490,999304481,568,253,640,480,-1,0,80,231,105
56,green,1788789490,999304481,568,253,640,480,0,0,80,233,104
56,green,1788789490,999304481,568,253,640,480,1,0,80,235,103
56,green,1788789490,999304481,568,253,640,480,2,0,80,235,103
56,green,1788789490,999304481,568,253,640,480,3,0,80,238,102
56,green,1788789490,999304481,568,253,640,480,4,0,80,240,101
56,green,1788789490,999304481,568,253,640,480,5,0,80,240,101
56,green,1788789490,999304481,568,253,640,480,-5,1,81,216,110
56,green,1788789490,999304481,568,253,640,480,-4,1,81,220,108
56,green,1788789490,999304481,568,253,640,480,-3,1,81,224,106
56,green,1788789490,999304481,568,253,640,480,-2,1,81,228,104
56,green,1788789490,999304481,568,253,640,480,-1,1,81,230,103
56,green,1788789490,999304481,568,253,640,480,0,1,81,222,107
56,green,1788789490,999304481,568,253,640,480,1,1,81,224,106
56,green,1788789490,999304481,568,253,640,480,2,1,81,228,104
56,green,1788789490,999304481,568,253,640,480,3,1,81,230,103
56,green,1788789490,999304481,568,253,640,480,4,1,81,235,101
56,green,1788789490,999304481,568,253,640,480,5,1,81,240,99
56,green,1788789490,999304481,568,253,640,480,-5,2,81,218,109
56,green,1788789490,999304481,568,253,640,480,-4,2,81,220,108
56,green,1788789490,999304481,568,253,640,480,-3,2,81,226,105
56,green,1788789490,999304481,568,253,640,480,-2,2,81,233,102
56,green,1788789490,999304481,568,253,640,480,-1,2,81,237,100
56,green,1788789490,999304481,568,253,640,480,0,2,81,218,109
56,green,1788789490,999304481,568,253,640,480,1,2,81,222,107
56,green,1788789490,999304481,568,253,640,480,2,2,81,226,105
56,green,1788789490,999304481,568,253,640,480,3,2,81,233,102
56,green,1788789490,999304481,568,253,640,480,4,2,81,242,98
56,green,1788789490,999304481,568,253,640,480,5,2,81,250,95
56,green,1788789490,999304481,568,253,640,480,-5,3,80,213,109
56,green,1788789490,999304481,568,253,640,480,-4,3,80,211,110
56,green,1788789490,999304481,568,253,640,480,-3,3,80,225,103
56,green,1788789490,999304481,568,253,640,480,-2,3,80,232,100
56,green,1788789490,999304481,568,253,640,480,-1,3,80,225,103
56,green,1788789490,999304481,568,253,640,480,0,3,80,225,103
56,green,1788789490,999304481,568,253,640,480,1,3,80,223,104
56,green,1788789490,999304481,568,253,640,480,2,3,80,221,105
56,green,1788789490,999304481,568,253,640,480,3,3,80,228,102
56,green,1788789490,999304481,568,253,640,480,4,3,80,242,96
56,green,1788789490,999304481,568,253,640,480,5,3,80,250,93
56,green,1788789490,999304481,568,253,640,480,-5,4,80,213,109
56,green,1788789490,999304481,568,253,640,480,-4,4,80,213,109
56,green,1788789490,999304481,568,253,640,480,-3,4,80,225,103
56,green,1788789490,999304481,568,253,640,480,-2,4,80,232,100
56,green,1788789490,999304481,568,253,640,480,-1,4,80,228,102
56,green,1788789490,999304481,568,253,640,480,0,4,80,221,105
56,green,1788789490,999304481,568,253,640,480,1,4,80,221,105
56,green,1788789490,999304481,568,253,640,480,2,4,80,223,104
56,green,1788789490,999304481,568,253,640,480,3,4,80,232,100
56,green,1788789490,999304481,568,253,640,480,4,4,80,244,95
56,green,1788789490,999304481,568,253,640,480,5,4,80,252,92
56,green,1788789490,999304481,568,253,640,480,-5,5,80,215,108
56,green,1788789490,999304481,568,253,640,480,-4,5,80,217,107
56,green,1788789490,999304481,568,253,640,480,-3,5,80,228,102
56,green,1788789490,999304481,568,253,640,480,-2,5,80,232,100
56,green,1788789490,999304481,568,253,640,480,-1,5,80,228,102
56,green,1788789490,999304481,568,253,640,480,0,5,80,215,108
56,green,1788789490,999304481,568,253,640,480,1,5,80,217,107
56,green,1788789490,999304481,568,253,640,480,2,5,80,225,103
56,green,1788789490,999304481,568,253,640,480,3,5,80,237,98
56,green,1788789490,999304481,568,253,640,480,4,5,80,250,93
56,green,1788789490,999304481,568,253,640,480,5,5,80,255,91
57,green,1788789491,377734119,566,274,640,480,-5,-5,80,240,101
57,green,1788789491,377734119,566,274,640,480,-4,-5,80,235,103
57,green,1788789491,377734119,566,274,640,480,-3,-5,80,235,103
57,green,1788789491,377734119,566,274,640,480,-2,-5,80,240,101
57,green,1788789491,377734119,566,274,640,480,-1,-5,80,245,99
57,green,1788789491,377734119,566,274,640,480,0,-5,80,242,100
57,green,1788789491,377734119,566,274,640,480,1,-5,80,240,101
57,green,1788789491,377734119,566,274,640,480,2,-5,80,247,98
57,green,1788789491,377734119,566,274,640,480,3,-5,80,250,97
57,green,1788789491,377734119,566,274,640,480,4,-5,80,252,96
57,green,1788789491,377734119,566,274,640,480,5,-5,80,255,95
57,green,1788789491,377734119,566,274,640,480,-5,-4,80,238,104
57,green,1788789491,377734119,566,274,640,480,-4,-4,80,233,106
57,green,1788789491,377734119,566,274,640,480,-3,-4,80,236,105
57,green,1788789491,377734119,566,274,640,480,-2,-4,80,243,102
57,green,1788789491,377734119,566,274,640,480,-1,-4,80,247,100
57,green,1788789491,377734119,566,274,640,480,0,-4,80,245,101
57,green,1788789491,377734119,566,274,640,480,1,-4,80,243,102
57,green,1788789491,377734119,566,274,640,480,2,-4,80,247,100
57,green,1788789491,377734119,566,274,640,480,3,-4,80,250,99
57,green,1788789491,377734119,566,274,640,480,4,-4,80,255,97
57,green,1788789491,377734119,566,274,640,480,5,-4,80,255,95
57,green,1788789491,377734119,566,274,640,480,-5,-3,80,231,107
57,green,1788789491,377734119,566,274,640,480,-4,-3,80,229,108
57,green,1788789491,377734119,566,274,640,480,-3,-3,80,233,106
57,green,1788789491,377734119,566,274,640,480,-2,-3,80,243,102
57,green,1788789491,377734119,566,274,640,480,-1,-3,80,247,100
57,green,1788789491,377734119,566,274,640,480,0,-3,80,247,100
57,green,1788789491,377734119,566,274,640,480,1,-3,80,245,101
57,green,1788789491,377734119,566,274,640,480,2,-3,80,245,101
57,green,1788789491,377734119,566,274,640,480,3,-3,80,250,99
57,green,1788789491,377734119,566,274,640,480,4,-3,80,255,97
57,green,1788789491,377734119,566,274,640,480,5,-3,80,255,95
57,green,1788789491,377734119,566,274,640,480,-5,-2,80,232,110
57,green,1788789491,377734119,566,274,640,480,-4,-2,80,234,109
57,green,1788789491,377734119,566,274,640,480,-3,-2,80,241,106
57,green,1788789491,377734119,566,274,640,480,-2,-2,80,248,103
57,green,1788789491,377734119,566,274,640,480,-1,-2,80,248,103
57,green,1788789491,377734119,566,274,640,480,0,-2,80,241,106
57,green,1788789491,377734119,566,274,640,480,1,-2,80,234,109
57,green,1788789491,377734119,566,274,640,480,2,-2,80,230,111
57,green,1788789491,377734119,566,274,640,480,3,-2,80,243,105
57,green,1788789491,377734119,566,274,640,480,4,-2,80,255,99
57,green,1788789491,377734119,566,274,640,480,5,-2,79,255,96
57,green,1788789491,377734119,566,274,640,480,-5,-1,80,232,110
57,green,1788789491,377734119,566,274,640,480,-4,-1,80,234,109
57,green,1788789491,377734119,566,274,640,480,-3,-1,80,243,105
57,green,1788789491,377734119,566,274,640,480,-2,-1,80,248,103
57,green,1788789491,377734119,566,274,640,480,-1,-1,80,250,102
57,green,1788789491,377734119,566,274,640,480,0,-1,80,243,105
57,green,1788789491,377734119,566,274,640,480,1,-1,80,236,108
57,green,1788789491,377734119,566,274,640,480,2,-1,80,238,107
57,green,1788789491,377734119,566,274,640,480,3,-1,80,248,103
57,green,1788789491,377734119,566,274,640,480,4,-1,80,255,98
57,green,1788789491,377734119,566,274,640,480,5,-1,79,255,96
57,green,1788789491,377734119,566,274,640,480,-5,0,80,234,109
57,green,1788789491,377734119,566,274,640,480,-4,0,80,236,108
57,green,1788789491,377734119,566,274,640,480,-3,0,80,243,105
57,green,1788789491,377734119,566,274,640,480,-2,0,80,250,102
57,green,1788789491,377734119,566,274,640,480,-1,0,80,250,102
57,green,1788789491,377734119,566,274,640,480,0,0,80,245,104
57,green,1788789491,377734119,566,274,640,480,1,0,80,238,107
57,green,1788789491,377734119,566,274,640,480,2,0,80,245,104
57,green,1788789491,377734119,566,274,640,480,3,0,80,252,101
57,green,1788789491,377734119,566,274,640,480,4,0,80,255,98
57,green,1788789491,377734119,566,274,640,480,5,0,79,255,97
57,green,1788789491,377734119,566,274,640,480,-5,1,80,236,108
57,green,1788789491,377734119,566,274,640,480,-4,1,80,236,108
57,green,1788789491,377734119,566,274,640,480,-3,1,80,243,105
57,green,1788789491,377734119,566,274,640,480,-2,1,80,250,102
57,green,1788789491,377734119,566,274,640,480,-1,1,80,252,101
57,green,1788789491,377734119,566,274,640,480,0,1,80,248,103
57,green,1788789491,377734119,566,274,640,480,1,1,80,243,105
57,green,1788789491,377734119,566,274,640,480,2,1,80,248,103
57,green,1788789491,377734119,566,274,640,480,3,1,80,252,101
57,green,1788789491,377734119,566,274,640,480,4,1,80,255,99
57,green,1788789491,377734119,566,274,640,480,5,1,80,255,98
57,green,1788789491,377734119,566,274,640,480,-5,2,80,233,106
57,green,1788789491,377734119,566,274,640,480,-4,2,80,233,106
57,green,1788789491,377734119,566,274,640,480,-3,2,80,238,104
57,green,1788789491,377734119,566,274,640,480,-2,2,80,245,101
57,green,1788789491,377734119,566,274,640,480,-1,2,80,247,100
57,green,1788789491,377734119,566,274,640,480,0,2,80,245,101
57,green,1788789491,377734119,566,274,640,480,1,2,80,240,103
57,green,1788789491,377734119,566,274,640,480,2,2,80,243,102
57,green,1788789491,377734119,566,274,640,480,3,2,80,243,102
57,green,1788789491,377734119,566,274,640,480,4,2,80,245,101
57,green,1788789491,377734119,566,274,640,480,5,2,80,250,99
57,green,1788789491,377734119,566,274,640,480,-5,3,80,236,105
57,green,1788789491,377734119,566,274,640,480,-4,3,80,236,105
57,green,1788789491,377734119,566,274,640,480,-3,3,80,238,104
57,green,1788789491,377734119,566,274,640,480,-2,3,80,245,101
57,green,1788789491,377734119,566,274,640,480,-1,3,80,250,99
57,green,1788789491,377734119,566,274,640,480,0,3,80,247,100
57,green,1788789491,377734119,566,274,640,480,1,3,80,245,101
57,green,1788789491,377734119,566,274,640,480,2,3,80,245,101
57,green,1788789491,377734119,566,274,640,480,3,3,80,243,102
57,green,1788789491,377734119,566,274,640,480,4,3,80,243,102
57,green,1788789491,377734119,566,274,640,480,5,3,80,247,100
57,green,1788789491,377734119,566,274,640,480,-5,4,80,235,103
57,green,1788789491,377734119,566,274,640,480,-4,4,80,233,104
57,green,1788789491,377734119,566,274,640,480,-3,4,80,238,102
57,green,1788789491,377734119,566,274,640,480,-2,4,80,242,100
57,green,1788789491,377734119,566,274,640,480,-1,4,80,247,98
57,green,1788789491,377734119,566,274,640,480,0,4,80,247,98
57,green,1788789491,377734119,566,274,640,480,1,4,80,245,99
57,green,1788789491,377734119,566,274,640,480,2,4,80,252,96
57,green,1788789491,377734119,566,274,640,480,3,4,80,245,99
57,green,1788789491,377734119,566,274,640,480,4,4,80,240,101
57,green,1788789491,377734119,566,274,640,480,5,4,80,242,100
57,green,1788789491,377734119,566,274,640,480,-5,5,80,238,102
57,green,1788789491,377734119,566,274,640,480,-4,5,80,233,104
57,green,1788789491,377734119,566,274,640,480,-3,5,80,238,102
57,green,1788789491,377734119,566,274,640,480,-2,5,80,245,99
57,green,1788789491,377734119,566,274,640,480,-1,5,80,250,97
57,green,1788789491,377734119,566,274,640,480,0,5,80,250,97
57,green,1788789491,377734119,566,274,640,480,1,5,80,247,98
57,green,1788789491,377734119,566,274,640,480,2,5,80,255,93
57,green,1788789491,377734119,566,274,640,480,3,5,80,250,97
57,green,1788789491,377734119,566,274,640,480,4,5,80,242,100
57,green,1788789491,377734119,566,274,640,480,5,5,80,242,100
58,green,1788789491,627613297,566,274,640,480,-5,-5,80,215,108
58,green,1788789491,627613297,566,274,640,480,-4,-5,80,221,105
58,green,1788789491,627613297,566,274,640,480,-3,-5,80,232,100
58,green,1788789491,627613297,566,274,640,480,-2,-5,80,239,97
58,green,1788789491,627613297,566,274,640,480,-1,-5,80,237,98
58,green,1788789491,627613297,566,274,640,480,0,-5,80,230,101
58,green,1788789491,627613297,566,274,640,480,1,-5,80,221,105
58,green,1788789491,627613297,566,274,640,480,2,-5,80,234,99
58,green,1788789491,627613297,566,274,640,480,3,-5,80,234,99
58,green,1788789491,627613297,566,274,640,480,4,-5,80,237,98
58,green,1788789491,627613297,566,274,640,480,5,-5,80,239,97
58,green,1788789491,627613297,566,274,640,480,-5,-4,80,217,107
58,green,1788789491,627613297,566,274,640,480,-4,-4,80,219,106
58,green,1788789491,627613297,566,274,640,480,-3,-4,80,225,103
58,green,1788789491,627613297,566,274,640,480,-2,-4,80,234,99
58,green,1788789491,627613297,566,274,640,480,-1,-4,80,239,97
58,green,1788789491,627613297,566,274,640,480,0,-4,80,232,100
58,green,1788789491,627613297,566,274,640,480,1,-4,80,225,103
58,green,1788789491,627613297,566,274,640,480,2,-4,80,239,97
58,green,1788789491,627613297,566,274,640,480,3,-4,80,239,97
58,green,1788789491,627613297,566,274,640,480,4,-4,80,242,96
58,green,1788789491,627613297,566,274,640,480,5,-4,80,244,95
58,green,1788789491,627613297,566,274,640,480,-5,-3,80,219,106
58,green,1788789491,627613297,566,274,640,480,-4,-3,80,215,108
58,green,1788789491,627613297,566,274,640,480,-3,-3,80,219,106
58,green,1788789491,627613297,566,274,640,480,-2,-3,80,230,101
58,green,1788789491,627613297,566,274,640,480,-1,-3,80,237,98
58,green,1788789491,627613297,566,274,640,480,0,-3,80,237,98
58,green,1788789491,627613297,566,274,640,480,1,-3,80,232,100
58,green,1788789491,627613297,566,274,640,480,2,-3,80,242,96
58,green,1788789491,627613297,566,274,640,480,3,-3,80,242,96
58,green,1788789491,627613297,566,274,640,480,4,-3,80,244,95
58,green,1788789491,627613297,566,274,640,480,5,-3,80,252,94
58,green,1788789491,627613297,566,274,640,480,-5,-2,80,225,101
58,green,1788789491,627613297,566,274,640,480,-4,-2,80,216,105
58,green,1788789491,627613297,566,274,640,480,-3,-2,80,216,105
58,green,1788789491,627613297,566,274,640,480,-2,-2,80,225,103
58,green,1788789491,627613297,566,274,640,480,-1,-2,80,230,101
58,green,1788789491,627613297,566,274,640,480,0,-2,80,228,102
58,green,1788789491,627613297,566,274,640,480,1,-2,80,221,105
58,green,1788789491,627613297,566,274,640,480,2,-2,80,247,96
58,green,1788789491,627613297,566,274,640,480,3,-2,80,244,97
58,green,1788789491,627613297,566,274,640,480,4,-2,80,242,98
58,green,1788789491,627613297,566,274,640,480,5,-2,80,242,100
58,green,1788789491,627613297,566,274,640,480,-5,-1,80,223,102
58,green,1788789491,627613297,566,274,640,480,-4,-1,80,223,102
58,green,1788789491,627613297,566,274,640,480,-3,-1,80,225,101
58,green,1788789491,627613297,566,274,640,480,-2,-1,80,230,101
58,green,1788789491,627613297,566,274,640,480,-1,-1,80,230,101
58,green,1788789491,627613297,566,274,640,480,0,-1,80,225,103
58,green,1788789491,627613297,566,274,640,480,1,-1,80,221,105
58,green,1788789491,627613297,566,274,640,480,2,-1,80,240,99
58,green,1788789491,627613297,566,274,640,480,3,-1,80,242,98
58,green,1788789491,627613297,566,274,640,480,4,-1,80,247,98
58,green,1788789491,627613297,566,274,640,480,5,-1,80,250,97
58,green,1788789491,627613297,566,274,640,480,-5,0,80,220,103
58,green,1788789491,627613297,566,274,640,480,-4,0,80,227,100
58,green,1788789491,627613297,566,274,640,480,-3,0,80,232,98
58,green,1788789491,627613297,566,274,640,480,-2,0,80,232,100
58,green,1788789491,627613297,566,274,640,480,-1,0,80,225,103
58,green,1788789491,627613297,566,274,640,480,0,0,80,223,104
58,green,1788789491,627613297,566,274,640,480,1,0,80,223,104
58,green,1788789491,627613297,566,274,640,480,2,0,80,237,100
58,green,1788789491,627613297,566,274,640,480,3,0,80,240,99
58,green,1788789491,627613297,566,274,640,480,4,0,80,250,97
58,green,1788789491,627613297,566,274,640,480,5,0,80,255,95
58,green,1788789491,627613297,566,274,640,480,-5,1,80,220,103
58,green,1788789491,627613297,566,274,640,480,-4,1,80,229,99
58,green,1788789491,627613297,566,274,640,480,-3,1,80,229,99
58,green,1788789491,627613297,566,274,640,480,-2,1,80,225,103
58,green,1788789491,627613297,566,274,640,480,-1,1,80,223,104
58,green,1788789491,627613297,566,274,640,480,0,1,80,228,102
58,green,1788789491,627613297,566,274,640,480,1,1,80,234,99
58,green,1788789491,627613297,566,274,640,480,2,1,80,240,99
58,green,1788789491,627613297,566,274,640,480,3,1,80,244,97
58,green,1788789491,627613297,566,274,640,480,4,1,80,250,97
58,green,1788789491,627613297,566,274,640,480,5,1,80,252,96
58,green,1788789491,627613297,566,274,640,480,-5,2,80,223,102
58,green,1788789491,627613297,566,274,640,480,-4,2,80,223,102
58,green,1788789491,627613297,566,274,640,480,-3,2,80,218,104
58,green,1788789491,627613297,566,274,640,480,-2,2,80,217,107
58,green,1788789491,627613297,566,274,640,480,-1,2,80,221,105
58,green,1788789491,627613297,566,274,640,480,0,2,80,232,100
58,green,1788789491,627613297,566,274,640,480,1,2,80,247,94
58,green,1788789491,627613297,566,274,640,480,2,2,80,252,94
58,green,1788789491,627613297,566,274,640,480,3,2,80,247,96
58,green,1788789491,627613297,566,274,640,480,4,2,80,247,98
58,green,1788789491,627613297,566,274,640,480,5,2,80,245,99
58,green,1788789491,627613297,566,274,640,480,-5,3,80,220,103
58,green,1788789491,627613297,566,274,640,480,-4,3,80,216,105
58,green,1788789491,627613297,566,274,640,480,-3,3,80,212,107
58,green,1788789491,627613297,566,274,640,480,-2,3,80,215,108
58,green,1788789491,627613297,566,274,640,480,-1,3,80,223,104
58,green,1788789491,627613297,566,274,640,480,0,3,80,239,97
58,green,1788789491,627613297,566,274,640,480,1,3,80,252,92
58,green,1788789491,627613297,566,274,640,480,2,3,80,255,93
58,green,1788789491,627613297,566,274,640,480,3,3,80,252,94
58,green,1788789491,627613297,566,274,640,480,4,3,80,247,98
58,green,1788789491,627613297,566,274,640,480,5,3,80,242,100
58,green,1788789491,627613297,566,274,640,480,-5,4,80,216,105
58,green,1788789491,627613297,566,274,640,480,-4,4,80,212,107
58,green,1788789491,627613297,566,274,640,480,-3,4,80,212,107
58,green,1788789491,627613297,566,274,640,480,-2,4,80,223,104
58,green,1788789491,627613297,566,274,640,480,-1,4,80,232,100
58,green,1788789491,627613297,566,274,640,480,0,4,80,239,97
58,green,1788789491,627613297,566,274,640,480,1,4,80,244,95
58,green,1788789491,627613297,566,274,640,480,2,4,80,252,94
58,green,1788789491,627613297,566,274,640,480,3,4,80,250,95
58,green,1788789491,627613297,566,274,640,480,4,4,80,250,97
58,green,1788789491,627613297,566,274,640,480,5,4,80,247,98
58,green,1788789491,627613297,566,274,640,480,-5,5,80,212,107
58,green,1788789491,627613297,566,274,640,480,-4,5,80,210,108
58,green,1788789491,627613297,566,274,640,480,-3,5,80,216,105
58,green,1788789491,627613297,566,274,640,480,-2,5,80,232,100
58,green,1788789491,627613297,566,274,640,480,-1,5,80,242,96
58,green,1788789491,627613297,566,274,640,480,0,5,80,239,97
58,green,1788789491,627613297,566,274,640,480,1,5,80,234,99
58,green,1788789491,627613297,566,274,640,480,2,5,80,244,97
58,green,1788789491,627613297,566,274,640,480,3,5,80,247,96
58,green,1788789491,627613297,566,274,640,480,4,5,80,252,96
58,green,1788789491,627613297,566,274,640,480,5,5,80,255,95
59,green,1788789491,999725651,570,295,640,480,-5,-5,80,234,99
59,green,1788789491,999725651,570,295,640,480,-4,-5,80,235,101
59,green,1788789491,999725651,570,295,640,480,-3,-5,80,233,102
59,green,1788789491,999725651,570,295,640,480,-2,-5,80,245,99
59,green,1788789491,999725651,570,295,640,480,-1,-5,80,250,97
59,green,1788789491,999725651,570,295,640,480,0,-5,80,255,94
59,green,1788789491,999725651,570,295,640,480,1,-5,80,255,93
59,green,1788789491,999725651,570,295,640,480,2,-5,80,255,95
59,green,1788789491,999725651,570,295,640,480,3,-5,80,255,96
59,green,1788789491,999725651,570,295,640,480,4,-5,80,255,95
59,green,1788789491,999725651,570,295,640,480,5,-5,80,255,93
59,green,1788789491,999725651,570,295,640,480,-5,-4,80,230,101
59,green,1788789491,999725651,570,295,640,480,-4,-4,80,233,102
59,green,1788789491,999725651,570,295,640,480,-3,-4,80,233,102
59,green,1788789491,999725651,570,295,640,480,-2,-4,80,240,99
59,green,1788789491,999725651,570,295,640,480,-1,-4,80,247,98
59,green,1788789491,999725651,570,295,640,480,0,-4,80,252,96
59,green,1788789491,999725651,570,295,640,480,1,-4,80,255,95
59,green,1788789491,999725651,570,295,640,480,2,-4,80,255,95
59,green,1788789491,999725651,570,295,640,480,3,-4,80,255,95
59,green,1788789491,999725651,570,295,640,480,4,-4,79,255,94
59,green,1788789491,999725651,570,295,640,480,5,-4,80,255,93
59,green,1788789491,999725651,570,295,640,480,-5,-3,80,230,101
59,green,1788789491,999725651,570,295,640,480,-4,-3,80,232,100
59,green,1788789491,999725651,570,295,640,480,-3,-3,80,240,99
59,green,1788789491,999725651,570,295,640,480,-2,-3,80,237,100
59,green,1788789491,999725651,570,295,640,480,-1,-3,80,240,99
59,green,1788789491,999725651,570,295,640,480,0,-3,80,245,99
59,green,1788789491,999725651,570,295,640,480,1,-3,80,250,97
59,green,1788789491,999725651,570,295,640,480,2,-3,80,255,95
59,green,1788789491,999725651,570,295,640,480,3,-3,80,255,94
59,green,1788789491,999725651,570,295,640,480,4,-3,80,255,96
59,green,1788789491,999725651,570,295,640,480,5,-3,80,255,95
59,green,1788789491,999725651,570,295,640,480,-5,-2,80,234,99
59,green,1788789491,999725651,570,295,640,480,-4,-2,80,239,97
59,green,1788789491,999725651,570,295,640,480,-3,-2,80,244,95
59,green,1788789491,999725651,570,295,640,480,-2,-2,80,237,98
59,green,1788789491,999725651,570,295,640,480,-1,-2,80,240,99
59,green,1788789491,999725651,570,295,640,480,0,-2,80,240,99
59,green,1788789491,999725651,570,295,640,480,1,-2,80,247,98
59,green,1788789491,999725651,570,295,640,480,2,-2,80,255,95
59,green,1788789491,999725651,570,295,640,480,3,-2,80,255,95
59,green,1788789491,999725651,570,295,640,480,4,-2,80,252,96
59,green,1788789491,999725651,570,295,640,480,5,-2,80,247,98
59,green,1788789491,999725651,570,295,640,480,-5,-1,80,229,99
59,green,1788789491,999725651,570,295,640,480,-4,-1,80,232,98
59,green,1788789491,999725651,570,295,640,480,-3,-1,80,242,96
59,green,1788789491,999725651,570,295,640,480,-2,-1,80,244,95
59,green,1788789491,999725651,570,295,640,480,-1,-1,80,244,97
59,green,1788789491,999725651,570,295,640,480,0,-1,80,242,98
59,green,1788789491,999725651,570,295,640,480,1,-1,80,247,96
59,green,1788789491,999725651,570,295,640,480,2,-1,80,255,93
59,green,1788789491,999725651,570,295,640,480,3,-1,80,255,94
59,green,1788789491,999725651,570,295,640,480,4,-1,80,252,96
59,green,1788789491,999725651,570,295,640,480,5,-1,80,242,98
59,green,1788789491,999725651,570,295,640,480,-5,0,80,223,102
59,green,1788789491,999725651,570,295,640,480,-4,0,80,223,102
59,green,1788789491,999725651,570,295,640,480,-3,0,80,229,99
59,green,1788789491,999725651,570,295,640,480,-2,0,80,252,92
59,green,1788789491,999725651,570,295,640,480,-1,0,80,247,94
59,green,1788789491,999725651,570,295,640,480,0,0,80,247,96
59,green,1788789491,999725651,570,295,640,480,1,0,80,252,94
59,green,1788789491,999725651,570,295,640,480,2,0,80,255,92
59,green,1788789491,999725651,570,295,640,480,3,0,80,255,91
59,green,1788789491,999725651,570,295,640,480,4,0,80,255,95
59,green,1788789491,999725651,570,295,640,480,5,0,80,242,98
59,green,1788789491,999725651,570,295,640,480,-5,1,80,226,97
59,green,1788789491,999725651,570,295,640,480,-4,1,80,229,99
59,green,1788789491,999725651,570,295,640,480,-3,1,80,229,99
59,green,1788789491,999725651,570,295,640,480,-2,1,80,237,98
59,green,1788789491,999725651,570,295,640,480,-1,1,80,237,98
59,green,1788789491,999725651,570,295,640,480,0,1,80,234,99
59,green,1788789491,999725651,570,295,640,480,1,1,80,237,98
59,green,1788789491,999725651,570,295,640,480,2,1,80,247,96
59,green,1788789491,999725651,570,295,640,480,3,1,80,255,93
59,green,1788789491,999725651,570,295,640,480,4,1,80,255,90
59,green,1788789491,999725651,570,295,640,480,5,1,79,255,88
59,green,1788789491,999725651,570,295,640,480,-5,2,80,226,97
59,green,1788789491,999725651,570,295,640,480,-4,2,80,226,97
59,green,1788789491,999725651,570,295,640,480,-3,2,80,232,98
59,green,1788789491,999725651,570,295,640,480,-2,2,80,229,99
59,green,1788789491,999725651,570,295,640,480,-1,2,80,232,100
59,green,1788789491,999725651,570,295,640,480,0,2,80,234,99
59,green,1788789491,999725651,570,295,640,480,1,2,80,237,98
59,green,1788789491,999725651,570,295,640,480,2,2,80,242,96
59,green,1788789491,999725651,570,295,640,480,3,2,80,255,93
59,green,1788789491,999725651,570,295,640,480,4,2,80,255,91
59,green,1788789491,999725651,570,295,640,480,5,2,80,255,89
59,green,1788789491,999725651,570,295,640,480,-5,3,80,224,98
59,green,1788789491,999725651,570,295,640,480,-4,3,80,226,97
59,green,1788789491,999725651,570,295,640,480,-3,3,80,232,98
59,green,1788789491,999725651,570,295,640,480,-2,3,80,220,103
59,green,1788789491,999725651,570,295,640,480,-1,3,80,225,101
59,green,1788789491,999725651,570,295,640,480,0,3,80,229,99
59,green,1788789491,999725651,570,295,640,480,1,3,80,239,97
59,green,1788789491,999725651,570,295,640,480,2,3,80,247,94
59,green,1788789491,999725651,570,295,640,480,3,3,80,252,92
59,green,1788789491,999725651,570,295,640,480,4,3,80,255,91
59,green,1788789491,999725651,570,295,640,480,5,3,80,255,91
59,green,1788789491,999725651,570,295,640,480,-5,4,80,219,99
59,green,1788789491,999725651,570,295,640,480,-4,4,80,222,99
59,green,1788789491,999725651,570,295,640,480,-3,4,80,224,98
59,green,1788789491,999725651,570,295,640,480,-2,4,80,211,104
59,green,1788789491,999725651,570,295,640,480,-1,4,80,220,103
59,green,1788789491,999725651,570,295,640,480,0,4,80,229,99
59,green,1788789491,999725651,570,295,640,480,1,4,80,239,95
59,green,1788789491,999725651,570,295,640,480,2,4,80,250,93
59,green,1788789491,999725651,570,295,640,480,3,4,80,252,92
59,green,1788789491,999725651,570,295,640,480,4,4,80,252,92
59,green,1788789491,999725651,570,295,640,480,5,4,80,252,92
59,green,1788789491,999725651,570,295,640,480,-5,5,80,217,100
59,green,1788789491,999725651,570,295,640,480,-4,5,80,219,99
59,green,1788789491,999725651,570,295,640,480,-3,5,80,222,99
59,green,1788789491,999725651,570,295,640,480,-2,5,80,213,103
59,green,1788789491,999725651,570,295,640,480,-1,5,80,217,101
59,green,1788789491,999725651,570,295,640,480,0,5,80,232,98
59,green,1788789491,999725651,570,295,640,480,1,5,80,241,94
59,green,1788789491,999725651,570,295,640,480,2,5,80,247,92
59,green,1788789491,999725651,570,295,640,480,3,5,80,249,91
59,green,1788789491,999725651,570,295,640,480,4,5,80,252,92
59,green,1788789491,999725651,570,295,640,480,5,5,80,252,92
60,green,1788789492,253034489,570,295,640,480,-5,-5,80,247,100
60,green,1788789492,253034489,570,295,640,480,-4,-5,80,250,102
60,green,1788789492,253034489,570,295,640,480,-3,-5,80,248,103
60,green,1788789492,253034489,570,295,640,480,-2,-5,80,248,103
60,green,1788789492,253034489,570,295,640,480,-1,-5,80,248,103
60,green,1788789492,253034489,570,295,640,480,0,-5,80,245,101
60,green,1788789492,253034489,570,295,640,480,1,-5,80,247,100
60,green,1788789492,253034489,570,295,640,480,2,-5,80,247,96
60,green,1788789492,253034489,570,295,640,480,3,-5,80,255,93
60,green,1788789492,253034489,570,295,640,480,4,-5,80,255,91
60,green,1788789492,253034489,570,295,640,480,5,-5,80,255,89
60,green,1788789492,253034489,570,295,640,480,-5,-4,80,245,101
60,green,1788789492,253034489,570,295,640,480,-4,-4,80,248,103
60,green,1788789492,253034489,570,295,640,480,-3,-4,80,245,104
60,green,1788789492,253034489,570,295,640,480,-2,-4,80,245,104
60,green,1788789492,253034489,570,295,640,480,-1,-4,80,245,104
60,green,1788789492,253034489,570,295,640,480,0,-4,80,243,102
60,green,1788789492,253034489,570,295,640,480,1,-4,80,245,101
60,green,1788789492,253034489,570,295,640,480,2,-4,80,247,96
60,green,1788789492,253034489,570,295,640,480,3,-4,80,252,94
60,green,1788789492,253034489,570,295,640,480,4,-4,80,255,91
60,green,1788789492,253034489,570,295,640,480,5,-4,80,255,90
60,green,1788789492,253034489,570,295,640,480,-5,-3,80,250,99
60,green,1788789492,253034489,570,295,640,480,-4,-3,80,252,101
60,green,1788789492,253034489,570,295,640,480,-3,-3,80,250,102
60,green,1788789492,253034489,570,295,640,480,-2,-3,80,252,101
60,green,1788789492,253034489,570,295,640,480,-1,-3,80,250,102
60,green,1788789492,253034489,570,295,640,480,0,-3,80,245,101
60,green,1788789492,253034489,570,295,640,480,1,-3,80,247,100
60,green,1788789492,253034489,570,295,640,480,2,-3,80,244,97
60,green,1788789492,253034489,570,295,640,480,3,-3,80,250,95
60,green,1788789492,253034489,570,295,640,480,4,-3,80,247,94
60,green,1788789492,253034489,570,295,640,480,5,-3,80,250,93
60,green,1788789492,253034489,570,295,640,480,-5,-2,80,252,98
60,green,1788789492,253034489,570,295,640,480,-4,-2,80,255,100
60,green,1788789492,253034489,570,295,640,480,-3,-2,80,252,101
60,green,1788789492,253034489,570,295,640,480,-2,-2,80,255,99
60,green,1788789492,253034489,570,295,640,480,-1,-2,80,255,99
60,green,1788789492,253034489,570,295,640,480,0,-2,80,250,99
60,green,1788789492,253034489,570,295,640,480,1,-2,80,250,99
60,green,1788789492,253034489,570,295,640,480,2,-2,80,244,97
60,green,1788789492,253034489,570,295,640,480,3,-2,80,247,96
60,green,1788789492,253034489,570,295,640,480,4,-2,80,244,95
60,green,1788789492,253034489,570,295,640,480,5,-2,80,247,94
60,green,1788789492,253034489,570,295,640,480,-5,-1,80,250,99
60,green,1788789492,253034489,570,295,640,480,-4,-1,80,252,101
60,green,1788789492,253034489,570,295,640,480,-3,-1,80,248,103
60,green,1788789492,253034489,570,295,640,480,-2,-1,80,255,98
60,green,1788789492,253034489,570,295,640,480,-1,-1,80,255,98
60,green,1788789492,253034489,570,295,640,480,0,-1,80,252,98
60,green,1788789492,253034489,570,295,640,480,1,-1,80,252,98
60,green,1788789492,253034489,570,295,640,480,2,-1,80,250,95
60,green,1788789492,253034489,570,295,640,480,3,-1,80,252,94
60,green,1788789492,253034489,570,295,640,480,4,-1,80,250,93
60,green,1788789492,253034489,570,295,640,480,5,-1,80,250,93
60,green,1788789492,253034489,570,295,640,480,-5,0,80,250,99
60,green,1788789492,253034489,570,295,640,480,-4,0,80,248,103
60,green,1788789492,253034489,570,295,640,480,-3,0,80,243,105
60,green,1788789492,253034489,570,295,640,480,-2,0,80,255,99
60,green,1788789492,253034489,570,295,640,480,-1,0,80,255,99
60,green,1788789492,253034489,570,295,640,480,0,0,80,252,98
60,green,1788789492,253034489,570,295,640,480,1,0,80,255,97
60,green,1788789492,253034489,570,295,640,480,2,0,80,252,94
60,green,1788789492,253034489,570,295,640,480,3,0,80,255,93
60,green,1788789492,253034489,570,295,640,480,4,0,80,255,91
60,green,1788789492,253034489,570,295,640,480,5,0,80,255,90
60,green,1788789492,253034489,570,295,640,480,-5,1,80,238,104
60,green,1788789492,253034489,570,295,640,480,-4,1,80,245,104
60,green,1788789492,253034489,570,295,640,480,-3,1,80,255,100
60,green,1788789492,253034489,570,295,640,480,-2,1,80,255,99
60,green,1788789492,253034489,570,295,640,480,-1,1,80,255,98
60,green,1788789492,253034489,570,295,640,480,0,1,80,255,96
60,green,1788789492,253034489,570,295,640,480,1,1,80,255,95
60,green,1788789492,253034489,570,295,640,480,2,1,80,255,93
60,green,1788789492,253034489,570,295,640,480,3,1,80,255,93
60,green,1788789492,253034489,570,295,640,480,4,1,80,250,93
60,green,1788789492,253034489,570,295,640,480,5,1,80,247,94
60,green,1788789492,253034489,570,295,640,480,-5,2,80,247,100
60,green,1788789492,253034489,570,295,640,480,-4,2,80,250,102
60,green,1788789492,253034489,570,295,640,480,-3,2,80,255,99
60,green,1788789492,253034489,570,295,640,480,-2,2,80,255,99
60,green,1788789492,253034489,570,295,640,480,-1,2,80,255,98
60,green,1788789492,253034489,570,295,640,480,0,2,80,255,97
60,green,1788789492,253034489,570,295,640,480,1,2,80,255,96
60,green,1788789492,253034489,570,295,640,480,2,2,80,255,93
60,green,1788789492,253034489,570,295,640,480,3,2,80,255,93
60,green,1788789492,253034489,570,295,640,480,4,2,80,250,93
60,green,1788789492,253034489,570,295,640,480,5,2,80,247,94
60,green,1788789492,253034489,570,295,640,480,-5,3,80,247,100
60,green,1788789492,253034489,570,295,640,480,-4,3,80,248,103
60,green,1788789492,253034489,570,295,640,480,-3,3,80,252,101
60,green,1788789492,253034489,570,295,640,480,-2,3,80,255,99
60,green,1788789492,253034489,570,295,640,480,-1,3,80,255,99
60,green,1788789492,253034489,570,295,640,480,0,3,80,255,97
60,green,1788789492,253034489,570,295,640,480,1,3,80,255,97
60,green,1788789492,253034489,570,295,640,480,2,3,80,252,94
60,green,1788789492,253034489,570,295,640,480,3,3,80,252,94
60,green,1788789492,253034489,570,295,640,480,4,3,80,247,94
60,green,1788789492,253034489,570,295,640,480,5,3,80,250,93
60,green,1788789492,253034489,570,295,640,480,-5,4,80,243,102
60,green,1788789492,253034489,570,295,640,480,-4,4,80,241,106
60,green,1788789492,253034489,570,295,640,480,-3,4,80,245,104
60,green,1788789492,253034489,570,295,640,480,-2,4,80,255,99
60,green,1788789492,253034489,570,295,640,480,-1,4,80,255,99
60,green,1788789492,253034489,570,295,640,480,0,4,80,252,98
60,green,1788789492,253034489,570,295,640,480,1,4,80,252,98
60,green,1788789492,253034489,570,295,640,480,2,4,80,250,95
60,green,1788789492,253034489,570,295,640,480,3,4,80,250,95
60,green,1788789492,253034489,570,295,640,480,4,4,80,247,94
60,green,1788789492,253034489,570,295,640,480,5,4,80,250,93
60,green,1788789492,253034489,570,295,640,480,-5,5,80,243,102
60,green,1788789492,253034489,570,295,640,480,-4,5,80,241,106
60,green,1788789492,253034489,570,295,640,480,-3,5,80,245,104
60,green,1788789492,253034489,570,295,640,480,-2,5,80,255,98
60,green,1788789492,253034489,570,295,640,480,-1,5,80,255,99
60,green,1788789492,253034489,570,295,640,480,0,5,80,250,99
60,green,1788789492,253034489,570,295,640,480,1,5,80,250,99
60,green,1788789492,253034489,570,295,640,480,2,5,80,244,97
60,green,1788789492,253034489,570,295,640,480,3,5,80,250,95
60,green,1788789492,253034489,570,295,640,480,4,5,80,247,94
60,green,1788789492,253034489,570,295,640,480,5,5,80,250,93
61,green,1788789492,376658537,570,295,640,480,-5,-5,80,242,100
61,green,1788789492,376658537,570,295,640,480,-4,-5,80,235,103
61,green,1788789492,376658537,570,295,640,480,-3,-5,80,231,105
61,green,1788789492,376658537,570,295,640,480,-2,-5,80,235,103
61,green,1788789492,376658537,570,295,640,480,-1,-5,80,240,101
61,green,1788789492,376658537,570,295,640,480,0,-5,80,247,98
61,green,1788789492,376658537,570,295,640,480,1,-5,80,255,95
61,green,1788789492,376658537,570,295,640,480,2,-5,80,255,93
61,green,1788789492,376658537,570,295,640,480,3,-5,80,255,93
61,green,1788789492,376658537,570,295,640,480,4,-5,80,255,93
61,green,1788789492,376658537,570,295,640,480,5,-5,80,255,93
61,green,1788789492,376658537,570,295,640,480,-5,-4,80,240,101
61,green,1788789492,376658537,570,295,640,480,-4,-4,80,233,104
61,green,1788789492,376658537,570,295,640,480,-3,-4,80,229,106
61,green,1788789492,376658537,570,295,640,480,-2,-4,80,235,103
61,green,1788789492,376658537,570,295,640,480,-1,-4,80,240,101
61,green,1788789492,376658537,570,295,640,480,0,-4,80,250,97
61,green,1788789492,376658537,570,295,640,480,1,-4,80,255,94
61,green,1788789492,376658537,570,295,640,480,2,-4,80,255,92
61,green,1788789492,376658537,570,295,640,480,3,-4,80,255,93
61,green,1788789492,376658537,570,295,640,480,4,-4,80,255,94
61,green,1788789492,376658537,570,295,640,480,5,-4,80,252,96
61,green,1788789492,376658537,570,295,640,480,-5,-3,80,240,101
61,green,1788789492,376658537,570,295,640,480,-4,-3,80,235,103
61,green,1788789492,376658537,570,295,640,480,-3,-3,80,231,105
61,green,1788789492,376658537,570,295,640,480,-2,-3,80,242,100
61,green,1788789492,376658537,570,295,640,480,-1,-3,80,247,98
61,green,1788789492,376658537,570,295,640,480,0,-3,80,252,96
61,green,1788789492,376658537,570,295,640,480,1,-3,80,255,93
61,green,1788789492,376658537,570,295,640,480,2,-3,80,255,93
61,green,1788789492,376658537,570,295,640,480,3,-3,80,255,94
61,green,1788789492,376658537,570,295,640,480,4,-3,80,250,97
61,green,1788789492,376658537,570,295,640,480,5,-3,80,247,98
61,green,1788789492,376658537,570,295,640,480,-5,-2,80,240,101
61,green,1788789492,376658537,570,295,640,480,-4,-2,80,238,102
61,green,1788789492,376658537,570,295,640,480,-3,-2,80,233,104
61,green,1788789492,376658537,570,295,640,480,-2,-2,80,247,98
61,green,1788789492,376658537,570,295,640,480,-1,-2,80,250,97
61,green,1788789492,376658537,570,295,640,480,0,-2,80,255,95
61,green,1788789492,376658537,570,295,640,480,1,-2,80,255,94
61,green,1788789492,376658537,570,295,640,480,2,-2,80,255,94
61,green,1788789492,376658537,570,295,640,480,3,-2,80,255,95
61,green,1788789492,376658537,570,295,640,480,4,-2,80,250,97
61,green,1788789492,376658537,570,295,640,480,5,-2,80,247,98
61,green,1788789492,376658537,570,295,640,480,-5,-1,80,238,102
61,green,1788789492,376658537,570,295,640,480,-4,-1,80,235,103
61,green,1788789492,376658537,570,295,640,480,-3,-1,80,233,104
61,green,1788789492,376658537,570,295,640,480,-2,-1,80,247,98
61,green,1788789492,376658537,570,295,640,480,-1,-1,80,247,98
61,green,1788789492,376658537,570,295,640,480,0,-1,80,250,97
61,green,1788789492,376658537,570,295,640,480,1,-1,80,250,97
61,green,1788789492,376658537,570,295,640,480,2,-1,80,252,96
61,green,1788789492,376658537,570,295,640,480,3,-1,80,255,95
61,green,1788789492,376658537,570,295,640,480,4,-1,80,255,95
61,green,1788789492,376658537,570,295,640,480,5,-1,80,255,94
61,green,1788789492,376658537,570,295,640,480,-5,0,80,235,103
61,green,1788789492,376658537,570,295,640,480,-4,0,80,233,104
61,green,1788789492,376658537,570,295,640,480,-3,0,80,231,105
61,green,1788789492,376658537,570,295,640,480,-2,0,80,242,100
61,green,1788789492,376658537,570,295,640,480,-1,0,80,242,100
61,green,1788789492,376658537,570,295,640,480,0,0,80,245,99
61,green,1788789492,376658537,570,295,640,480,1,0,80,247,98
61,green,1788789492,376658537,570,295,640,480,2,0,80,250,97
61,green,1788789492,376658537,570,295,640,480,3,0,80,255,94
61,green,1788789492,376658537,570,295,640,480,4,0,80,255,92
61,green,1788789492,376658537,570,295,640,480,5,0,80,255,91
61,green,1788789492,376658537,570,295,640,480,-5,1,80,252,96
61,green,1788789492,376658537,570,295,640,480,-4,1,80,250,97
61,green,1788789492,376658537,570,295,640,480,-3,1,80,242,100
61,green,1788789492,376658537,570,295,640,480,-2,1,80,245,99
61,green,1788789492,376658537,570,295,640,480,-1,1,80,247,98
61,green,1788789492,376658537,570,295,640,480,0,1,80,252,96
61,green,1788789492,376658537,570,295,640,480,1,1,80,255,95
61,green,1788789492,376658537,570,295,640,480,2,1,80,255,93
61,green,1788789492,376658537,570,295,640,480,3,1,80,255,93
61,green,1788789492,376658537,570,295,640,480,4,1,80,255,93
61,green,1788789492,376658537,570,295,640,480,5,1,80,255,93
61,green,1788789492,376658537,570,295,640,480,-5,2,80,252,96
61,green,1788789492,376658537,570,295,640,480,-4,2,80,250,97
61,green,1788789492,376658537,570,295,640,480,-3,2,80,245,99
61,green,1788789492,376658537,570,295,640,480,-2,2,80,245,99
61,green,1788789492,376658537,570,295,640,480,-1,2,80,247,98
61,green,1788789492,376658537,570,295,640,480,0,2,80,252,96
61,green,1788789492,376658537,570,295,640,480,1,2,80,255,95
61,green,1788789492,376658537,570,295,640,480,2,2,80,255,93
61,green,1788789492,376658537,570,295,640,480,3,2,80,255,93
61,green,1788789492,376658537,570,295,640,480,4,2,80,255,93
61,green,1788789492,376658537,570,295,640,480,5,2,80,255,93
61,green,1788789492,376658537,570,295,640,480,-5,3,80,252,96
61,green,1788789492,376658537,570,295,640,480,-4,3,80,250,97
61,green,1788789492,376658537,570,295,640,480,-3,3,80,245,99
61,green,1788789492,376658537,570,295,640,480,-2,3,80,247,98
61,green,1788789492,376658537,570,295,640,480,-1,3,80,250,97
61,green,1788789492,376658537,570,295,640,480,0,3,80,252,96
61,green,1788789492,376658537,570,295,640,480,1,3,80,255,94
61,green,1788789492,376658537,570,295,640,480,2,3,80,255,94
61,green,1788789492,376658537,570,295,640,480,3,3,80,255,93
61,green,1788789492,376658537,570,295,640,480,4,3,80,255,94
61,green,1788789492,376658537,570,295,640,480,5,3,80,255,94
61,green,1788789492,376658537,570,295,640,480,-5,4,80,250,97
61,green,1788789492,376658537,570,295,640,480,-4,4,80,250,97
61,green,1788789492,376658537,570,295,640,480,-3,4,80,247,98
61,green,1788789492,376658537,570,295,640,480,-2,4,80,247,98
61,green,1788789492,376658537,570,295,640,480,-1,4,80,250,97
61,green,1788789492,376658537,570,295,640,480,0,4,80,255,95
61,green,1788789492,376658537,570,295,640,480,1,4,80,255,94
61,green,1788789492,376658537,570,295,640,480,2,4,80,255,94
61,green,1788789492,376658537,570,295,640,480,3,4,80,255,94
61,green,1788789492,376658537,570,295,640,480,4,4,80,255,94
61,green,1788789492,376658537,570,295,640,480,5,4,80,255,94
61,green,1788789492,376658537,570,295,640,480,-5,5,80,250,97
61,green,1788789492,376658537,570,295,640,480,-4,5,80,250,97
61,green,1788789492,376658537,570,295,640,480,-3,5,80,247,98
61,green,1788789492,376658537,570,295,640,480,-2,5,80,250,97
61,green,1788789492,376658537,570,295,640,480,-1,5,80,252,96
61,green,1788789492,376658537,570,295,640,480,0,5,80,255,95
61,green,1788789492,376658537,570,295,640,480,1,5,80,255,94
61,green,1788789492,376658537,570,295,640,480,2,5,80,255,94
61,green,1788789492,376658537,570,295,640,480,3,5,80,255,94
61,green,1788789492,376658537,570,295,640,480,4,5,80,255,95
61,green,1788789492,376658537,570,295,640,480,5,5,80,255,95
62,green,1788789492,749294553,577,323,640,480,-5,-5,80,242,98
62,green,1788789492,749294553,577,323,640,480,-4,-5,80,247,96
62,green,1788789492,749294553,577,323,640,480,-3,-5,80,250,95
62,green,1788789492,749294553,577,323,640,480,-2,-5,80,255,93
62,green,1788789492,749294553,577,323,640,480,-1,-5,79,255,91
62,green,1788789492,749294553,577,323,640,480,0,-5,79,255,90
62,green,1788789492,749294553,577,323,640,480,1,-5,79,255,88
62,green,1788789492,749294553,577,323,640,480,2,-5,79,255,86
62,green,1788789492,749294553,577,323,640,480,3,-5,79,255,85
62,green,1788789492,749294553,577,323,640,480,4,-5,79,255,85
62,green,1788789492,749294553,577,323,640,480,5,-5,79,255,84
62,green,1788789492,749294553,577,323,640,480,-5,-4,80,242,98
62,green,1788789492,749294553,577,323,640,480,-4,-4,80,244,97
62,green,1788789492,749294553,577,323,640,480,-3,-4,80,247,96
62,green,1788789492,749294553,577,323,640,480,-2,-4,80,247,94
62,green,1788789492,749294553,577,323,640,480,-1,-4,79,255,91
62,green,1788789492,749294553,577,323,640,480,0,-4,79,255,89
62,green,1788789492,749294553,577,323,640,480,1,-4,79,255,88
62,green,1788789492,749294553,577,323,640,480,2,-4,79,255,86
62,green,1788789492,749294553,577,323,640,480,3,-4,79,255,85
62,green,1788789492,749294553,577,323,640,480,4,-4,79,255,85
62,green,1788789492,749294553,577,323,640,480,5,-4,79,255,84
62,green,1788789492,749294553,577,323,640,480,-5,-3,79,242,96
62,green,1788789492,749294553,577,323,640,480,-4,-3,79,252,92
62,green,1788789492,749294553,577,323,640,480,-3,-3,79,255,89
62,green,1788789492,749294553,577,323,640,480,-2,-3,79,255,89
62,green,1788789492,749294553,577,323,640,480,-1,-3,79,255,85
62,green,1788789492,749294553,577,323,640,480,0,-3,79,255,85
62,green,1788789492,749294553,577,323,640,480,1,-3,79,255,85
62,green,1788789492,749294553,577,323,640,480,2,-3,79,255,84
62,green,1788789492,749294553,577,323,640,480,3,-3,79,255,85
62,green,1788789492,749294553,577,323,640,480,4,-3,79,255,85
62,green,1788789492,749294553,577,323,640,480,5,-3,79,252,84
62,green,1788789492,749294553,577,323,640,480,-5,-2,79,242,96
62,green,1788789492,749294553,577,323,640,480,-4,-2,79,252,92
62,green,1788789492,749294553,577,323,640,480,-3,-2,79,255,89
62,green,1788789492,749294553,577,323,640,480,-2,-2,79,255,88
62,green,1788789492,749294553,577,323,640,480,-1,-2,79,255,85
62,green,1788789492,749294553,577,323,640,480,0,-2,79,255,85
62,green,1788789492,749294553,577,323,640,480,1,-2,79,255,84
62,green,1788789492,749294553,577,323,640,480,2,-2,79,255,84
62,green,1788789492,749294553,577,323,640,480,3,-2,79,255,85
62,green,1788789492,749294553,577,323,640,480,4,-2,79,255,85
62,green,1788789492,749294553,577,323,640,480,5,-2,79,252,84
62,green,1788789492,749294553,577,323,640,480,-5,-1,79,244,95
62,green,1788789492,749294553,577,323,640,480,-4,-1,79,255,91
62,green,1788789492,749294553,577,323,640,480,-3,-1,79,255,88
62,green,1788789492,749294553,577,323,640,480,-2,-1,79,255,88
62,green,1788789492,749294553,577,323,640,480,-1,-1,79,255,86
62,green,1788789492,749294553,577,323,640,480,0,-1,79,255,86
62,green,1788789492,749294553,577,323,640,480,1,-1,79,255,85
62,green,1788789492,749294553,577,323,640,480,2,-1,79,255,85
62,green,1788789492,749294553,577,323,640,480,3,-1,79,255,84
62,green,1788789492,749294553,577,323,640,480,4,-1,79,255,84
62,green,1788789492,749294553,577,323,640,480,5,-1,79,255,83
62,green,1788789492,749294553,577,323,640,480,-5,0,79,247,94
62,green,1788789492,749294553,577,323,640,480,-4,0,79,255,91
62,green,1788789492,749294553,577,323,640,480,-3,0,79,255,88
62,green,1788789492,749294553,577,323,640,480,-2,0,79,255,88
62,green,1788789492,749294553,577,323,640,480,-1,0,79,255,86
62,green,1788789492,749294553,577,323,640,480,0,0,79,255,86
62,green,1788789492,749294553,577,323,640,480,1,0,79,255,85
62,green,1788789492,749294553,577,323,640,480,2,0,79,255,85
62,green,1788789492,749294553,577,323,640,480,3,0,79,255,84
62,green,1788789492,749294553,577,323,640,480,4,0,79,255,84
62,green,1788789492,749294553,577,323,640,480,5,0,79,255,83
62,green,1788789492,749294553,577,323,640,480,-5,1,79,244,93
62,green,1788789492,749294553,577,323,640,480,-4,1,79,255,89
62,green,1788789492,749294553,577,323,640,480,-3,1,79,255,88
62,green,1788789492,749294553,577,323,640,480,-2,1,79,255,88
62,green,1788789492,749294553,577,323,640,480,-1,1,79,255,87
62,green,1788789492,749294553,577,323,640,480,0,1,79,255,87
62,green,1788789492,749294553,577,323,640,480,1,1,79,255,85
62,green,1788789492,749294553,577,323,640,480,2,1,79,255,85
62,green,1788789492,749294553,577,323,640,480,3,1,79,255,84
62,green,1788789492,749294553,577,323,640,480,4,1,79,255,84
62,green,1788789492,749294553,577,323,640,480,5,1,79,255,82
62,green,1788789492,749294553,577,323,640,480,-5,2,79,247,92
62,green,1788789492,749294553,577,323,640,480,-4,2,79,255,88
62,green,1788789492,749294553,577,323,640,480,-3,2,79,255,87
62,green,1788789492,749294553,577,323,640,480,-2,2,79,255,88
62,green,1788789492,749294553,577,323,640,480,-1,2,79,252,88
62,green,1788789492,749294553,577,323,640,480,0,2,79,255,87
62,green,1788789492,749294553,577,323,640,480,1,2,79,252,86
62,green,1788789492,749294553,577,323,640,480,2,2,79,255,85
62,green,1788789492,749294553,577,323,640,480,3,2,79,255,84
62,green,1788789492,749294553,577,323,640,480,4,2,79,255,83
62,green,1788789492,749294553,577,323,640,480,5,2,79,255,82
62,green,1788789492,749294553,577,323,640,480,-5,3,79,249,91
62,green,1788789492,749294553,577,323,640,480,-4,3,79,255,88
62,green,1788789492,749294553,577,323,640,480,-3,3,79,255,87
62,green,1788789492,749294553,577,323,640,480,-2,3,79,255,88
62,green,1788789492,749294553,577,323,640,480,-1,3,79,252,88
62,green,1788789492,749294553,577,323,640,480,0,3,79,252,88
62,green,1788789492,749294553,577,323,640,480,1,3,79,252,86
62,green,1788789492,749294553,577,323,640,480,2,3,79,255,85
62,green,1788789492,749294553,577,323,640,480,3,3,79,255,84
62,green,1788789492,749294553,577,323,640,480,4,3,79,255,83
62,green,1788789492,749294553,577,323,640,480,5,3,79,255,81
62,green,1788789492,749294553,577,323,640,480,-5,4,79,249,91
62,green,1788789492,749294553,577,323,640,480,-4,4,79,255,88
62,green,1788789492,749294553,577,323,640,480,-3,4,79,255,87
62,green,1788789492,749294553,577,323,640,480,-2,4,79,255,88
62,green,1788789492,749294553,577,323,640,480,-1,4,79,252,88
62,green,1788789492,749294553,577,323,640,480,0,4,79,252,88
62,green,1788789492,749294553,577,323,640,480,1,4,79,252,86
62,green,1788789492,749294553,577,323,640,480,2,4,79,255,85
62,green,1788789492,749294553,577,323,640,480,3,4,79,255,84
62,green,1788789492,749294553,577,323,640,480,4,4,79,255,83
62,green,1788789492,749294553,577,323,640,480,5,4,79,255,81
62,green,1788789492,749294553,577,323,640,480,-5,5,79,236,94
62,green,1788789492,749294553,577,323,640,480,-4,5,79,229,97
62,green,1788789492,749294553,577,323,640,480,-3,5,79,241,94
62,green,1788789492,749294553,577,323,640,480,-2,5,79,252,90
62,green,1788789492,749294553,577,323,640,480,-1,5,79,249,89
62,green,1788789492,749294553,577,323,640,480,0,5,79,249,89
62,green,1788789492,749294553,577,323,640,480,1,5,79,249,87
62,green,1788789492,749294553,577,323,640,480,2,5,79,252,86
62,green,1788789492,749294553,577,323,640,480,3,5,79,255,85
62,green,1788789492,749294553,577,323,640,480,4,5,79,255,84
62,green,1788789492,749294553,577,323,640,480,5,5,79,255,83
63,green,1788789492,999413478,577,323,640,480,-5,-5,80,238,92
63,green,1788789492,999413478,577,323,640,480,-4,-5,80,246,89
63,green,1788789492,999413478,577,323,640,480,-3,-5,80,255,86
63,green,1788789492,999413478,577,323,640,480,-2,-5,80,255,84
63,green,1788789492,999413478,577,323,640,480,-1,-5,79,252,88
63,green,1788789492,999413478,577,323,640,480,0,-5,79,252,88
63,green,1788789492,999413478,577,323,640,480,1,-5,79,246,88
63,green,1788789492,999413478,577,323,640,480,2,-5,79,246,88
63,green,1788789492,999413478,577,323,640,480,3,-5,79,249,87
63,green,1788789492,999413478,577,323,640,480,4,-5,79,255,85
63,green,1788789492,999413478,577,323,640,480,5,-5,79,255,82
63,green,1788789492,999413478,577,323,640,480,-5,-4,80,249,88
63,green,1788789492,999413478,577,323,640,480,-4,-4,80,255,85
63,green,1788789492,999413478,577,323,640,480,-3,-4,79,255,83
63,green,1788789492,999413478,577,323,640,480,-2,-4,79,255,81
63,green,1788789492,999413478,577,323,640,480,-1,-4,79,255,87
63,green,1788789492,999413478,577,323,640,480,0,-4,79,252,88
63,green,1788789492,999413478,577,323,640,480,1,-4,79,246,88
63,green,1788789492,999413478,577,323,640,480,2,-4,79,246,88
63,green,1788789492,999413478,577,323,640,480,3,-4,79,249,87
63,green,1788789492,999413478,577,323,640,480,4,-4,79,255,85
63,green,1788789492,999413478,577,323,640,480,5,-4,79,255,82
63,green,1788789492,999413478,577,323,640,480,-5,-3,80,246,89
63,green,1788789492,999413478,577,323,640,480,-4,-3,80,255,89
63,green,1788789492,999413478,577,323,640,480,-3,-3,81,252,90
63,green,1788789492,999413478,577,323,640,480,-2,-3,80,249,91
63,green,1788789492,999413478,577,323,640,480,-1,-3,79,239,93
63,green,1788789492,999413478,577,323,640,480,0,-3,79,241,92
63,green,1788789492,999413478,577,323,640,480,1,-3,79,246,88
63,green,1788789492,999413478,577,323,640,480,2,-3,79,252,86
63,green,1788789492,999413478,577,323,640,480,3,-3,79,255,84
63,green,1788789492,999413478,577,323,640,480,4,-3,79,255,82
63,green,1788789492,999413478,577,323,640,480,5,-3,79,255,81
63,green,1788789492,999413478,577,323,640,480,-5,-2,80,247,92
63,green,1788789492,999413478,577,323,640,480,-4,-2,80,252,90
63,green,1788789492,999413478,577,323,640,480,-3,-2,81,255,90
63,green,1788789492,999413478,577,323,640,480,-2,-2,80,250,93
63,green,1788789492,999413478,577,323,640,480,-1,-2,80,238,92
63,green,1788789492,999413478,577,323,640,480,0,-2,79,244,91
63,green,1788789492,999413478,577,323,640,480,1,-2,79,246,88
63,green,1788789492,999413478,577,323,640,480,2,-2,79,252,86
63,green,1788789492,999413478,577,323,640,480,3,-2,79,255,84
63,green,1788789492,999413478,577,323,640,480,4,-2,79,255,82
63,green,1788789492,999413478,577,323,640,480,5,-2,79,255,81
63,green,1788789492,999413478,577,323,640,480,-5,-1,80,244,93
63,green,1788789492,999413478,577,323,640,480,-4,-1,80,252,90
63,green,1788789492,999413478,577,323,640,480,-3,-1,81,252,91
63,green,1788789492,999413478,577,323,640,480,-2,-1,80,250,93
63,green,1788789492,999413478,577,323,640,480,-1,-1,80,241,91
63,green,1788789492,999413478,577,323,640,480,0,-1,79,244,91
63,green,1788789492,999413478,577,323,640,480,1,-1,79,246,88
63,green,1788789492,999413478,577,323,640,480,2,-1,79,252,86
63,green,1788789492,999413478,577,323,640,480,3,-1,79,255,84
63,green,1788789492,999413478,577,323,640,480,4,-1,79,255,83
63,green,1788789492,999413478,577,323,640,480,5,-1,79,255,81
63,green,1788789492,999413478,577,323,640,480,-5,0,80,247,92
63,green,1788789492,999413478,577,323,640,480,-4,0,80,255,89
63,green,1788789492,999413478,577,323,640,480,-3,0,81,255,90
63,green,1788789492,999413478,577,323,640,480,-2,0,80,252,92
63,green,1788789492,999413478,577,323,640,480,-1,0,80,241,91
63,green,1788789492,999413478,577,323,640,480,0,0,79,244,91
63,green,1788789492,999413478,577,323,640,480,1,0,79,246,88
63,green,1788789492,999413478,577,323,640,480,2,0,79,252,86
63,green,1788789492,999413478,577,323,640,480,3,0,79,255,84
63,green,1788789492,999413478,577,323,640,480,4,0,79,255,83
63,green,1788789492,999413478,577,323,640,480,5,0,79,255,82
63,green,1788789492,999413478,577,323,640,480,-5,1,80,252,90
63,green,1788789492,999413478,577,323,640,480,-4,1,80,255,88
63,green,1788789492,999413478,577,323,640,480,-3,1,81,255,89
63,green,1788789492,999413478,577,323,640,480,-2,1,80,255,91
63,green,1788789492,999413478,577,323,640,480,-1,1,80,244,90
63,green,1788789492,999413478,577,323,640,480,0,1,79,246,90
63,green,1788789492,999413478,577,323,640,480,1,1,79,249,87
63,green,1788789492,999413478,577,323,640,480,2,1,79,255,85
63,green,1788789492,999413478,577,323,640,480,3,1,79,255,84
63,green,1788789492,999413478,577,323,640,480,4,1,79,255,83
63,green,1788789492,999413478,577,323,640,480,5,1,79,255,82
63,green,1788789492,999413478,577,323,640,480,-5,2,80,252,90
63,green,1788789492,999413478,577,323,640,480,-4,2,80,255,89
63,green,1788789492,999413478,577,323,640,480,-3,2,81,255,89
63,green,1788789492,999413478,577,323,640,480,-2,2,80,252,92
63,green,1788789492,999413478,577,323,640,480,-1,2,80,246,89
63,green,1788789492,999413478,577,323,640,480,0,2,79,249,89
63,green,1788789492,999413478,577,323,640,480,1,2,79,249,87
63,green,1788789492,999413478,577,323,640,480,2,2,79,255,85
63,green,1788789492,999413478,577,323,640,480,3,2,79,255,84
63,green,1788789492,999413478,577,323,640,480,4,2,79,255,84
63,green,1788789492,999413478,577,323,640,480,5,2,79,255,83
63,green,1788789492,999413478,577,323,640,480,-5,3,80,247,92
63,green,1788789492,999413478,577,323,640,480,-4,3,80,249,91
63,green,1788789492,999413478,577,323,640,480,-3,3,81,249,92
63,green,1788789492,999413478,577,323,640,480,-2,3,80,244,95
63,green,1788789492,999413478,577,323,640,480,-1,3,80,246,89
63,green,1788789492,999413478,577,323,640,480,0,3,79,249,89
63,green,1788789492,999413478,577,323,640,480,1,3,79,249,87
63,green,1788789492,999413478,577,323,640,480,2,3,79,255,85
63,green,1788789492,999413478,577,323,640,480,3,3,79,255,84
63,green,1788789492,999413478,577,323,640,480,4,3,79,255,84
63,green,1788789492,999413478,577,323,640,480,5,3,79,255,83
63,green,1788789492,999413478,577,323,640,480,-5,4,80,244,93
63,green,1788789492,999413478,577,323,640,480,-4,4,80,244,93
63,green,1788789492,999413478,577,323,640,480,-3,4,81,242,95
63,green,1788789492,999413478,577,323,640,480,-2,4,80,237,98
63,green,1788789492,999413478,577,323,640,480,-1,4,80,246,89
63,green,1788789492,999413478,577,323,640,480,0,4,79,249,89
63,green,1788789492,999413478,577,323,640,480,1,4,79,252,86
63,green,1788789492,999413478,577,323,640,480,2,4,79,255,85
63,green,1788789492,999413478,577,323,640,480,3,4,79,255,84
63,green,1788789492,999413478,577,323,640,480,4,4,79,255,84
63,green,1788789492,999413478,577,323,640,480,5,4,79,252,84
63,green,1788789492,999413478,577,323,640,480,-5,5,80,244,93
63,green,1788789492,999413478,577,323,640,480,-4,5,80,247,92
63,green,1788789492,999413478,577,323,640,480,-3,5,81,247,93
63,green,1788789492,999413478,577,323,640,480,-2,5,80,239,97
63,green,1788789492,999413478,577,323,640,480,-1,5,80,236,93
63,green,1788789492,999413478,577,323,640,480,0,5,79,244,91
63,green,1788789492,999413478,577,323,640,480,1,5,79,249,87
63,green,1788789492,999413478,577,323,640,480,2,5,79,252,86
63,green,1788789492,999413478,577,323,640,480,3,5,79,252,86
63,green,1788789492,999413478,577,323,640,480,4,5,79,252,86
63,green,1788789492,999413478,577,323,640,480,5,5,79,255,83
64,green,1788789493,377754899,565,347,640,480,-5,-5,79,199,101
64,green,1788789493,377754899,565,347,640,480,-4,-5,79,210,96
64,green,1788789493,377754899,565,347,640,480,-3,-5,79,224,91
64,green,1788789493,377754899,565,347,640,480,-2,-5,79,224,91
64,green,1788789493,377754899,565,347,640,480,-1,-5,79,217,94
64,green,1788789493,377754899,565,347,640,480,0,-5,79,215,95
64,green,1788789493,377754899,565,347,640,480,1,-5,79,230,92
64,green,1788789493,377754899,565,347,640,480,2,-5,79,241,88
64,green,1788789493,377754899,565,347,640,480,3,-5,79,244,89
64,green,1788789493,377754899,565,347,640,480,4,-5,79,241,90
64,green,1788789493,377754899,565,347,640,480,5,-5,79,238,91
64,green,1788789493,377754899,565,347,640,480,-5,-4,79,198,102
64,green,1788789493,377754899,565,347,640,480,-4,-4,79,210,96
64,green,1788789493,377754899,565,347,640,480,-3,-4,79,221,91
64,green,1788789493,377754899,565,347,640,480,-2,-4,79,224,91
64,green,1788789493,377754899,565,347,640,480,-1,-4,79,215,95
64,green,1788789493,377754899,565,347,640,480,0,-4,79,213,96
64,green,1788789493,377754899,565,347,640,480,1,-4,79,222,92
64,green,1788789493,377754899,565,347,640,480,2,-4,79,241,88
64,green,1788789493,377754899,565,347,640,480,3,-4,79,241,88
64,green,1788789493,377754899,565,347,640,480,4,-4,79,241,90
64,green,1788789493,377754899,565,347,640,480,5,-4,79,241,90
64,green,1788789493,377754899,565,347,640,480,-5,-3,79,188,103
64,green,1788789493,377754899,565,347,640,480,-4,-3,79,201,100
64,green,1788789493,377754899,565,347,640,480,-3,-3,79,210,96
64,green,1788789493,377754899,565,347,640,480,-2,-3,79,210,96
64,green,1788789493,377754899,565,347,640,480,-1,-3,79,206,98
64,green,1788789493,377754899,565,347,640,480,0,-3,79,210,97
64,green,1788789493,377754899,565,347,640,480,1,-3,79,222,92
64,green,1788789493,377754899,565,347,640,480,2,-3,79,241,88
64,green,1788789493,377754899,565,347,640,480,3,-3,79,249,85
64,green,1788789493,377754899,565,347,640,480,4,-3,79,243,87
64,green,1788789493,377754899,565,347,640,480,5,-3,79,238,89
64,green,1788789493,377754899,565,347,640,480,-5,-2,79,198,98
64,green,1788789493,377754899,565,347,640,480,-4,-2,79,196,99
64,green,1788789493,377754899,565,347,640,480,-3,-2,79,201,100
64,green,1788789493,377754899,565,347,640,480,-2,-2,79,206,98
64,green,1788789493,377754899,565,347,640,480,-1,-2,79,210,96
64,green,1788789493,377754899,565,347,640,480,0,-2,79,217,93
64,green,1788789493,377754899,565,347,640,480,1,-2,79,224,91
64,green,1788789493,377754899,565,347,640,480,2,-2,79,224,91
64,green,1788789493,377754899,565,347,640,480,3,-2,79,229,89
64,green,1788789493,377754899,565,347,640,480,4,-2,79,238,89
64,green,1788789493,377754899,565,347,640,480,5,-2,79,241,88
64,green,1788789493,377754899,565,347,640,480,-5,-1,79,204,95
64,green,1788789493,377754899,565,347,640,480,-4,-1,79,196,99
64,green,1788789493,377754899,565,347,640,480,-3,-1,79,190,102
64,green,1788789493,377754899,565,347,640,480,-2,-1,79,196,99
64,green,1788789493,377754899,565,347,640,480,-1,-1,79,217,93
64,green,1788789493,377754899,565,347,640,480,0,-1,79,226,89
64,green,1788789493,377754899,565,347,640,480,1,-1,79,221,91
64,green,1788789493,377754899,565,347,640,480,2,-1,79,217,94
64,green,1788789493,377754899,565,347,640,480,3,-1,79,222,92
64,green,1788789493,377754899,565,347,640,480,4,-1,79,227,90
64,green,1788789493,377754899,565,347,640,480,5,-1,79,238,89
64,green,1788789493,377754899,565,347,640,480,-5,0,79,204,95
64,green,1788789493,377754899,565,347,640,480,-4,0,79,198,98
64,green,1788789493,377754899,565,347,640,480,-3,0,79,196,99
64,green,1788789493,377754899,565,347,640,480,-2,0,79,200,97
64,green,1788789493,377754899,565,347,640,480,-1,0,79,214,94
64,green,1788789493,377754899,565,347,640,480,0,0,79,221,91
64,green,1788789493,377754899,565,347,640,480,1,0,79,221,91
64,green,1788789493,377754899,565,347,640,480,2,0,79,219,92
64,green,1788789493,377754899,565,347,640,480,3,0,79,219,93
64,green,1788789493,377754899,565,347,640,480,4,0,79,224,91
64,green,1788789493,377754899,565,347,640,480,5,0,79,235,90
64,green,1788789493,377754899,565,347,640,480,-5,1,79,195,97
64,green,1788789493,377754899,565,347,640,480,-4,1,79,199,95
64,green,1788789493,377754899,565,347,640,480,-3,1,79,206,94
64,green,1788789493,377754899,565,347,640,480,-2,1,79,206,94
64,green,1788789493,377754899,565,347,640,480,-1,1,79,204,95
64,green,1788789493,377754899,565,347,640,480,0,1,79,204,95
64,green,1788789493,377754899,565,347,640,480,1,1,79,219,92
64,green,1788789493,377754899,565,347,640,480,2,1,79,226,89
64,green,1788789493,377754899,565,347,640,480,3,1,79,227,90
64,green,1788789493,377754899,565,347,640,480,4,1,79,227,90
64,green,1788789493,377754899,565,347,640,480,5,1,79,224,91
64,green,1788789493,377754899,565,347,640,480,-5,2,79,195,97
64,green,1788789493,377754899,565,347,640,480,-4,2,79,203,93
64,green,1788789493,377754899,565,347,640,480,-3,2,79,213,91
64,green,1788789493,377754899,565,347,640,480,-2,2,79,208,93
64,green,1788789493,377754899,565,347,640,480,-1,2,79,202,96
64,green,1788789493,377754899,565,347,640,480,0,2,79,202,96
64,green,1788789493,377754899,565,347,640,480,1,2,79,219,92
64,green,1788789493,377754899,565,347,640,480,2,2,79,232,87
64,green,1788789493,377754899,565,347,640,480,3,2,79,229,88
64,green,1788789493,377754899,565,347,640,480,4,2,79,227,90
64,green,1788789493,377754899,565,347,640,480,5,2,79,224,91
64,green,1788789493,377754899,565,347,640,480,-5,3,79,201,94
64,green,1788789493,377754899,565,347,640,480,-4,3,79,203,93
64,green,1788789493,377754899,565,347,640,480,-3,3,79,203,93
64,green,1788789493,377754899,565,347,640,480,-2,3,79,203,93
64,green,1788789493,377754899,565,347,640,480,-1,3,79,206,94
64,green,1788789493,377754899,565,347,640,480,0,3,79,208,93
64,green,1788789493,377754899,565,347,640,480,1,3,79,213,91
64,green,1788789493,377754899,565,347,640,480,2,3,79,224,90
64,green,1788789493,377754899,565,347,640,480,3,3,79,224,90
64,green,1788789493,377754899,565,347,640,480,4,3,79,224,90
64,green,1788789493,377754899,565,347,640,480,5,3,79,229,89
64,green,1788789493,377754899,565,347,640,480,-5,4,78,213,91
64,green,1788789493,377754899,565,347,640,480,-4,4,79,204,95
64,green,1788789493,377754899,565,347,640,480,-3,4,79,198,98
64,green,1788789493,377754899,565,347,640,480,-2,4,79,202,96
64,green,1788789493,377754899,565,347,640,480,-1,4,79,219,92
64,green,1788789493,377754899,565,347,640,480,0,4,79,224,90
64,green,1788789493,377754899,565,347,640,480,1,4,79,221,91
64,green,1788789493,377754899,565,347,640,480,2,4,79,214,94
64,green,1788789493,377754899,565,347,640,480,3,4,79,219,93
64,green,1788789493,377754899,565,347,640,480,4,4,79,224,91
64,green,1788789493,377754899,565,347,640,480,5,4,79,234,87
64,green,1788789493,377754899,565,347,640,480,-5,5,78,214,94
64,green,1788789493,377754899,565,347,640,480,-4,5,78,211,98
64,green,1788789493,377754899,565,347,640,480,-3,5,78,209,99
64,green,1788789493,377754899,565,347,640,480,-2,5,78,213,97
64,green,1788789493,377754899,565,347,640,480,-1,5,78,228,94
64,green,1788789493,377754899,565,347,640,480,0,5,78,233,92
64,green,1788789493,377754899,565,347,640,480,1,5,79,230,92
64,green,1788789493,377754899,565,347,640,480,2,5,79,225,94
64,green,1788789493,377754899,565,347,640,480,3,5,80,246,86
64,green,1788789493,377754899,565,347,640,480,4,5,80,243,87
64,green,1788789493,377754899,565,347,640,480,5,5,80,246,86
65,green,1788789493,627561780,565,347,640,480,-5,-5,79,228,95
65,green,1788789493,627561780,565,347,640,480,-4,-5,79,241,92
65,green,1788789493,627561780,565,347,640,480,-3,-5,79,244,91
65,green,1788789493,627561780,565,347,640,480,-2,-5,79,231,96
65,green,1788789493,627561780,565,347,640,480,-1,-5,79,229,97
65,green,1788789493,627561780,565,347,640,480,0,-5,79,241,94
65,green,1788789493,627561780,565,347,640,480,1,-5,79,247,92
65,green,1788789493,627561780,565,347,640,480,2,-5,79,241,94
65,green,1788789493,627561780,565,347,640,480,3,-5,79,227,100
65,green,1788789493,627561780,565,347,640,480,4,-5,79,234,97
65,green,1788789493,627561780,565,347,640,480,5,-5,79,241,94
65,green,1788789493,627561780,565,347,640,480,-5,-4,79,220,101
65,green,1788789493,627561780,565,347,640,480,-4,-4,79,244,93
65,green,1788789493,627561780,565,347,640,480,-3,-4,79,255,88
65,green,1788789493,627561780,565,347,640,480,-2,-4,79,247,92
65,green,1788789493,627561780,565,347,640,480,-1,-4,79,236,96
65,green,1788789493,627561780,565,347,640,480,0,-4,79,239,95
65,green,1788789493,627561780,565,347,640,480,1,-4,79,239,95
65,green,1788789493,627561780,565,347,640,480,2,-4,79,236,96
65,green,1788789493,627561780,565,347,640,480,3,-4,79,225,101
65,green,1788789493,627561780,565,347,640,480,4,-4,79,232,98
65,green,1788789493,627561780,565,347,640,480,5,-4,79,244,95
65,green,1788789493,627561780,565,347,640,480,-5,-3,79,234,95
65,green,1788789493,627561780,565,347,640,480,-4,-3,79,237,98
65,green,1788789493,627561780,565,347,640,480,-3,-3,79,230,101
65,green,1788789493,627561780,565,347,640,480,-2,-3,79,232,100
65,green,1788789493,627561780,565,347,640,480,-1,-3,79,239,97
65,green,1788789493,627561780,565,347,640,480,0,-3,79,247,94
65,green,1788789493,627561780,565,347,640,480,1,-3,79,247,92
65,green,1788789493,627561780,565,347,640,480,2,-3,79,247,92
65,green,1788789493,627561780,565,347,640,480,3,-3,79,252,90
65,green,1788789493,627561780,565,347,640,480,4,-3,79,241,94
65,green,1788789493,627561780,565,347,640,480,5,-3,79,241,94
65,green,1788789493,627561780,565,347,640,480,-5,-2,79,236,96
65,green,1788789493,627561780,565,347,640,480,-4,-2,79,232,100
65,green,1788789493,627561780,565,347,640,480,-3,-2,79,230,101
65,green,1788789493,627561780,565,347,640,480,-2,-2,79,232,100
65,green,1788789493,627561780,565,347,640,480,-1,-2,79,239,97
65,green,1788789493,627561780,565,347,640,480,0,-2,79,247,94
65,green,1788789493,627561780,565,347,640,480,1,-2,79,249,91
65,green,1788789493,627561780,565,347,640,480,2,-2,79,249,91
65,green,1788789493,627561780,565,347,640,480,3,-2,79,249,91
65,green,1788789493,627561780,565,347,640,480,4,-2,79,239,95
65,green,1788789493,627561780,565,347,640,480,5,-2,79,239,95
65,green,1788789493,627561780,565,347,640,480,-5,-1,79,236,96
65,green,1788789493,627561780,565,347,640,480,-4,-1,79,232,100
65,green,1788789493,627561780,565,347,640,480,-3,-1,79,225,101
65,green,1788789493,627561780,565,347,640,480,-2,-1,79,227,100
65,green,1788789493,627561780,565,347,640,480,-1,-1,79,236,96
65,green,1788789493,627561780,565,347,640,480,0,-1,79,244,93
65,green,1788789493,627561780,565,347,640,480,1,-1,79,241,92
65,green,1788789493,627561780,565,347,640,480,2,-1,79,241,92
65,green,1788789493,627561780,565,347,640,480,3,-1,79,244,91
65,green,1788789493,627561780,565,347,640,480,4,-1,79,234,95
65,green,1788789493,627561780,565,347,640,480,5,-1,79,234,95
65,green,1788789493,627561780,565,347,640,480,-5,0,79,241,94
65,green,1788789493,627561780,565,347,640,480,-4,0,79,237,98
65,green,1788789493,627561780,565,347,640,480,-3,0,79,227,100
65,green,1788789493,627561780,565,347,640,480,-2,0,79,227,100
65,green,1788789493,627561780,565,347,640,480,-1,0,79,234,97
65,green,1788789493,627561780,565,347,640,480,0,0,79,239,95
65,green,1788789493,627561780,565,347,640,480,1,0,79,236,94
65,green,1788789493,627561780,565,347,640,480,2,0,79,234,95
65,green,1788789493,627561780,565,347,640,480,3,0,79,246,90
65,green,1788789493,627561780,565,347,640,480,4,0,79,233,93
65,green,1788789493,627561780,565,347,640,480,5,0,79,236,92
65,green,1788789493,627561780,565,347,640,480,-5,1,79,249,91
65,green,1788789493,627561780,565,347,640,480,-4,1,79,239,95
65,green,1788789493,627561780,565,347,640,480,-3,1,79,226,98
65,green,1788789493,627561780,565,347,640,480,-2,1,79,224,99
65,green,1788789493,627561780,565,347,640,480,-1,1,79,226,98
65,green,1788789493,627561780,565,347,640,480,0,1,79,229,97
65,green,1788789493,627561780,565,347,640,480,1,1,79,223,97
65,green,1788789493,627561780,565,347,640,480,2,1,79,221,98
65,green,1788789493,627561780,565,347,640,480,3,1,79,246,88
65,green,1788789493,627561780,565,347,640,480,4,1,79,235,90
65,green,1788789493,627561780,565,347,640,480,5,1,79,238,89
65,green,1788789493,627561780,565,347,640,480,-5,2,79,244,91
65,green,1788789493,627561780,565,347,640,480,-4,2,79,239,95
65,green,1788789493,627561780,565,347,640,480,-3,2,79,226,98
65,green,1788789493,627561780,565,347,640,480,-2,2,79,222,100
65,green,1788789493,627561780,565,347,640,480,-1,2,79,224,99
65,green,1788789493,627561780,565,347,640,480,0,2,79,223,97
65,green,1788789493,627561780,565,347,640,480,1,2,79,221,98
65,green,1788789493,627561780,565,347,640,480,2,2,79,216,98
65,green,1788789493,627561780,565,347,640,480,3,2,79,241,88
65,green,1788789493,627561780,565,347,640,480,4,2,79,229,89
65,green,1788789493,627561780,565,347,640,480,5,2,79,232,88
65,green,1788789493,627561780,565,347,640,480,-5,3,79,236,94
65,green,1788789493,627561780,565,347,640,480,-4,3,79,229,97
65,green,1788789493,627561780,565,347,640,480,-3,3,79,219,99
65,green,1788789493,627561780,565,347,640,480,-2,3,79,217,100
65,green,1788789493,627561780,565,347,640,480,-1,3,79,221,98
65,green,1788789493,627561780,565,347,640,480,0,3,79,223,95
65,green,1788789493,627561780,565,347,640,480,1,3,79,223,95
65,green,1788789493,627561780,565,347,640,480,2,3,79,217,94
65,green,1788789493,627561780,565,347,640,480,3,3,79,227,90
65,green,1788789493,627561780,565,347,640,480,4,3,79,221,91
65,green,1788789493,627561780,565,347,640,480,5,3,79,224,90
65,green,1788789493,627561780,565,347,640,480,-5,4,78,221,97
65,green,1788789493,627561780,565,347,640,480,-4,4,79,216,98
65,green,1788789493,627561780,565,347,640,480,-3,4,79,212,100
65,green,1788789493,627561780,565,347,640,480,-2,4,79,206,99
65,green,1788789493,627561780,565,347,640,480,-1,4,79,215,95
65,green,1788789493,627561780,565,347,640,480,0,4,79,222,92
65,green,1788789493,627561780,565,347,640,480,1,4,79,221,91
65,green,1788789493,627561780,565,347,640,480,2,4,79,221,91
65,green,1788789493,627561780,565,347,640,480,3,4,79,219,92
65,green,1788789493,627561780,565,347,640,480,4,4,79,208,93
65,green,1788789493,627561780,565,347,640,480,5,4,79,213,91
65,green,1788789493,627561780,565,347,640,480,-5,5,78,200,97
65,green,1788789493,627561780,565,347,640,480,-4,5,78,202,96
65,green,1788789493,627561780,565,347,640,480,-3,5,78,211,92
65,green,1788789493,627561780,565,347,640,480,-2,5,78,220,87
65,green,1788789493,627561780,565,347,640,480,-1,5,78,220,87
65,green,1788789493,627561780,565,347,640,480,0,5,78,208,92
65,green,1788789493,627561780,565,347,640,480,1,5,78,208,92
65,green,1788789493,627561780,565,347,640,480,2,5,78,217,88
65,green,1788789493,627561780,565,347,640,480,3,5,78,233,82
65,green,1788789493,627561780,565,347,640,480,4,5,78,217,88
65,green,1788789493,627561780,565,347,640,480,5,5,78,208,92
66,green,1788789493,875965954,565,347,640,480,-5,-5,78,206,98
66,green,1788789493,875965954,565,347,640,480,-4,-5,79,215,95
66,green,1788789493,875965954,565,347,640,480,-3,-5,79,219,93
66,green,1788789493,875965954,565,347,640,480,-2,-5,79,222,92
66,green,1788789493,875965954,565,347,640,480,-1,-5,79,225,94
66,green,1788789493,875965954,565,347,640,480,0,-5,79,223,95
66,green,1788789493,875965954,565,347,640,480,1,-5,79,228,95
66,green,1788789493,875965954,565,347,640,480,2,-5,79,233,93
66,green,1788789493,875965954,565,347,640,480,3,-5,79,226,96
66,green,1788789493,875965954,565,347,640,480,4,-5,79,219,99
66,green,1788789493,875965954,565,347,640,480,5,-5,79,226,98
66,green,1788789493,875965954,565,347,640,480,-5,-4,78,211,98
66,green,1788789493,875965954,565,347,640,480,-4,-4,79,217,94
66,green,1788789493,875965954,565,347,640,480,-3,-4,79,224,91
66,green,1788789493,875965954,565,347,640,480,-2,-4,79,227,90
66,green,1788789493,875965954,565,347,640,480,-1,-4,79,230,92
66,green,1788789493,875965954,565,347,640,480,0,-4,79,230,92
66,green,1788789493,875965954,565,347,640,480,1,-4,79,236,92
66,green,1788789493,875965954,565,347,640,480,2,-4,79,241,90
66,green,1788789493,875965954,565,347,640,480,3,-4,79,228,95
66,green,1788789493,875965954,565,347,640,480,4,-4,79,219,99
66,green,1788789493,875965954,565,347,640,480,5,-4,79,226,98
66,green,1788789493,875965954,565,347,640,480,-5,-3,78,213,97
66,green,1788789493,875965954,565,347,640,480,-4,-3,79,210,97
66,green,1788789493,875965954,565,347,640,480,-3,-3,79,210,97
66,green,1788789493,875965954,565,347,640,480,-2,-3,79,213,96
66,green,1788789493,875965954,565,347,640,480,-1,-3,79,225,94
66,green,1788789493,875965954,565,347,640,480,0,-3,79,238,89
66,green,1788789493,875965954,565,347,640,480,1,-3,79,255,85
66,green,1788789493,875965954,565,347,640,480,2,-3,79,255,82
66,green,1788789493,875965954,565,347,640,480,3,-3,79,246,88
66,green,1788789493,875965954,565,347,640,480,4,-3,79,244,89
66,green,1788789493,875965954,565,347,640,480,5,-3,79,244,91
66,green,1788789493,875965954,565,347,640,480,-5,-2,79,204,100
66,green,1788789493,875965954,565,347,640,480,-4,-2,79,206,99
66,green,1788789493,875965954,565,347,640,480,-3,-2,79,208,98
66,green,1788789493,875965954,565,347,640,480,-2,-2,79,213,96
66,green,1788789493,875965954,565,347,640,480,-1,-2,79,225,94
66,green,1788789493,875965954,565,347,640,480,0,-2,79,233,91
66,green,1788789493,875965954,565,347,640,480,1,-2,79,244,89
66,green,1788789493,875965954,565,347,640,480,2,-2,79,246,88
66,green,1788789493,875965954,565,347,640,480,3,-2,79,238,91
66,green,1788789493,875965954,565,347,640,480,4,-2,79,238,91
66,green,1788789493,875965954,565,347,640,480,5,-2,79,239,93
66,green,1788789493,875965954,565,347,640,480,-5,-1,79,202,101
66,green,1788789493,875965954,565,347,640,480,-4,-1,79,202,101
66,green,1788789493,875965954,565,347,640,480,-3,-1,79,206,99
66,green,1788789493,875965954,565,347,640,480,-2,-1,79,210,97
66,green,1788789493,875965954,565,347,640,480,-1,-1,79,220,96
66,green,1788789493,875965954,565,347,640,480,0,-1,79,225,94
66,green,1788789493,875965954,565,347,640,480,1,-1,79,231,94
66,green,1788789493,875965954,565,347,640,480,2,-1,79,233,93
66,green,1788789493,875965954,565,347,640,480,3,-1,79,231,94
66,green,1788789493,875965954,565,347,640,480,4,-1,79,231,94
66,green,1788789493,875965954,565,347,640,480,5,-1,79,236,94
66,green,1788789493,875965954,565,347,640,480,-5,0,79,208,98
66,green,1788789493,875965954,565,347,640,480,-4,0,79,208,98
66,green,1788789493,875965954,565,347,640,480,-3,0,79,206,99
66,green,1788789493,875965954,565,347,640,480,-2,0,79,206,99
66,green,1788789493,875965954,565,347,640,480,-1,0,79,216,98
66,green,1788789493,875965954,565,347,640,480,0,0,79,220,96
66,green,1788789493,875965954,565,347,640,480,1,0,79,228,95
66,green,1788789493,875965954,565,347,640,480,2,0,79,233,93
66,green,1788789493,875965954,565,347,640,480,3,0,79,228,95
66,green,1788789493,875965954,565,347,640,480,4,0,79,228,95
66,green,1788789493,875965954,565,347,640,480,5,0,79,236,94
66,green,1788789493,875965954,565,347,640,480,-5,1,79,222,92
66,green,1788789493,875965954,565,347,640,480,-4,1,79,217,94
66,green,1788789493,875965954,565,347,640,480,-3,1,79,210,97
66,green,1788789493,875965954,565,347,640,480,-2,1,79,206,99
66,green,1788789493,875965954,565,347,640,480,-1,1,79,214,99
66,green,1788789493,875965954,565,347,640,480,0,1,79,223,95
66,green,1788789493,875965954,565,347,640,480,1,1,79,236,92
66,green,1788789493,875965954,565,347,640,480,2,1,79,244,89
66,green,1788789493,875965954,565,347,640,480,3,1,79,228,95
66,green,1788789493,875965954,565,347,640,480,4,1,79,233,93
66,green,1788789493,875965954,565,347,640,480,5,1,79,241,92
66,green,1788789493,875965954,565,347,640,480,-5,2,79,227,90
66,green,1788789493,875965954,565,347,640,480,-4,2,79,222,92
66,green,1788789493,875965954,565,347,640,480,-3,2,79,217,94
66,green,1788789493,875965954,565,347,640,480,-2,2,79,215,95
66,green,1788789493,875965954,565,347,640,480,-1,2,79,223,95
66,green,1788789493,875965954,565,347,640,480,0,2,79,230,92
66,green,1788789493,875965954,565,347,640,480,1,2,79,244,89
66,green,1788789493,875965954,565,347,640,480,2,2,79,252,86
66,green,1788789493,875965954,565,347,640,480,3,2,79,233,93
66,green,1788789493,875965954,565,347,640,480,4,2,79,236,92
66,green,1788789493,875965954,565,347,640,480,5,2,79,244,91
66,green,1788789493,875965954,565,347,640,480,-5,3,79,217,94
66,green,1788789493,875965954,565,347,640,480,-4,3,79,219,93
66,green,1788789493,875965954,565,347,640,480,-3,3,79,224,91
66,green,1788789493,875965954,565,347,640,480,-2,3,79,229,89
66,green,1788789493,875965954,565,347,640,480,-1,3,79,241,88
66,green,1788789493,875965954,565,347,640,480,0,3,79,243,87
66,green,1788789493,875965954,565,347,640,480,1,3,79,246,88
66,green,1788789493,875965954,565,347,640,480,2,3,79,246,88
66,green,1788789493,875965954,565,347,640,480,3,3,79,231,94
66,green,1788789493,875965954,565,347,640,480,4,3,79,236,92
66,green,1788789493,875965954,565,347,640,480,5,3,79,244,91
66,green,1788789493,875965954,565,347,640,480,-5,4,79,206,99
66,green,1788789493,875965954,565,347,640,480,-4,4,79,215,95
66,green,1788789493,875965954,565,347,640,480,-3,4,79,229,89
66,green,1788789493,875965954,565,347,640,480,-2,4,79,243,84
66,green,1788789493,875965954,565,347,640,480,-1,4,79,255,83
66,green,1788789493,875965954,565,347,640,480,0,4,79,249,85
66,green,1788789493,875965954,565,347,640,480,1,4,79,241,88
66,green,1788789493,875965954,565,347,640,480,2,4,79,238,91
66,green,1788789493,875965954,565,347,640,480,3,4,79,228,93
66,green,1788789493,875965954,565,347,640,480,4,4,80,233,93
66,green,1788789493,875965954,565,347,640,480,5,4,80,241,90
66,green,1788789493,875965954,565,347,640,480,-5,5,79,225,94
66,green,1788789493,875965954,565,347,640,480,-4,5,79,233,91
66,green,1788789493,875965954,565,347,640,480,-3,5,79,238,89
66,green,1788789493,875965954,565,347,640,480,-2,5,79,238,89
66,green,1788789493,875965954,565,347,640,480,-1,5,80,227,90
66,green,1788789493,875965954,565,347,640,480,0,5,80,224,91
66,green,1788789493,875965954,565,347,640,480,1,5,80,224,91
66,green,1788789493,875965954,565,347,640,480,2,5,80,235,90
66,green,1788789493,875965954,565,347,640,480,3,5,80,229,89
66,green,1788789493,875965954,565,347,640,480,4,5,81,232,88
66,green,1788789493,875965954,565,347,640,480,5,5,81,234,87
67,green,1788789494,839582,565,347,640,480,-5,-5,77,185,95
67,green,1788789494,839582,565,347,640,480,-4,-5,77,185,95
67,green,1788789494,839582,565,347,640,480,-3,-5,77,185,95
67,green,1788789494,839582,565,347,640,480,-2,-5,76,185,98
67,green,1788789494,839582,565,347,640,480,-1,-5,76,185,98
67,green,1788789494,839582,565,347,640,480,0,-5,77,195,97
67,green,1788789494,839582,565,347,640,480,1,-5,78,205,91
67,green,1788789494,839582,565,347,640,480,2,-5,78,217,88
67,green,1788789494,839582,565,347,640,480,3,-5,78,225,86
67,green,1788789494,839582,565,347,640,480,4,-5,78,226,89
67,green,1788789494,839582,565,347,640,480,5,-5,79,221,91
67,green,1788789494,839582,565,347,640,480,-5,-4,77,191,92
67,green,1788789494,839582,565,347,640,480,-4,-4,76,184,93
67,green,1788789494,839582,565,347,640,480,-3,-4,77,183,96
67,green,1788789494,839582,565,347,640,480,-2,-4,77,178,99
67,green,1788789494,839582,565,347,640,480,-1,-4,76,179,101
67,green,1788789494,839582,565,347,640,480,0,-4,76,183,99
67,green,1788789494,839582,565,347,640,480,1,-4,78,200,93
67,green,1788789494,839582,565,347,640,480,2,-4,78,215,89
67,green,1788789494,839582,565,347,640,480,3,-4,78,220,87
67,green,1788789494,839582,565,347,640,480,4,-4,78,213,91
67,green,1788789494,839582,565,347,640,480,5,-4,79,208,97
67,green,1788789494,839582,565,347,640,480,-5,-3,77,187,94
67,green,1788789494,839582,565,347,640,480,-4,-3,76,182,94
67,green,1788789494,839582,565,347,640,480,-3,-3,77,181,97
67,green,1788789494,839582,565,347,640,480,-2,-3,77,178,99
67,green,1788789494,839582,565,347,640,480,-1,-3,76,181,100
67,green,1788789494,839582,565,347,640,480,0,-3,76,187,97
67,green,1788789494,839582,565,347,640,480,1,-3,78,205,91
67,green,1788789494,839582,565,347,640,480,2,-3,78,220,87
67,green,1788789494,839582,565,347,640,480,3,-3,78,215,89
67,green,1788789494,839582,565,347,640,480,4,-3,78,204,95
67,green,1788789494,839582,565,347,640,480,5,-3,79,201,100
67,green,1788789494,839582,565,347,640,480,-5,-2,77,187,94
67,green,1788789494,839582,565,347,640,480,-4,-2,77,183,96
67,green,1788789494,839582,565,347,640,480,-3,-2,77,180,98
67,green,1788789494,839582,565,347,640,480,-2,-2,76,183,99
67,green,1788789494,839582,565,347,640,480,-1,-2,76,187,97
67,green,1788789494,839582,565,347,640,480,0,-2,77,201,94
67,green,1788789494,839582,565,347,640,480,1,-2,78,207,90
67,green,1788789494,839582,565,347,640,480,2,-2,78,215,89
67,green,1788789494,839582,565,347,640,480,3,-2,78,211,92
67,green,1788789494,839582,565,347,640,480,4,-2,78,210,96
67,green,1788789494,839582,565,347,640,480,5,-2,79,206,98
67,green,1788789494,839582,565,347,640,480,-5,-1,76,187,97
67,green,1788789494,839582,565,347,640,480,-4,-1,76,181,100
67,green,1788789494,839582,565,347,640,480,-3,-1,76,179,101
67,green,1788789494,839582,565,347,640,480,-2,-1,76,183,99
67,green,1788789494,839582,565,347,640,480,-1,-1,76,195,93
67,green,1788789494,839582,565,347,640,480,0,-1,77,210,90
67,green,1788789494,839582,565,347,640,480,1,-1,78,212,90
67,green,1788789494,839582,565,347,640,480,2,-1,78,211,93
67,green,1788789494,839582,565,347,640,480,3,-1,78,208,93
67,green,1788789494,839582,565,347,640,480,4,-1,78,212,95
67,green,1788789494,839582,565,347,640,480,5,-1,79,215,95
67,green,1788789494,839582,565,347,640,480,-5,0,77,189,100
67,green,1788789494,839582,565,347,640,480,-4,0,77,181,104
67,green,1788789494,839582,565,347,640,480,-3,0,76,174,104
67,green,1788789494,839582,565,347,640,480,-2,0,77,189,100
67,green,1788789494,839582,565,347,640,480,-1,0,77,205,92
67,green,1788789494,839582,565,347,640,480,0,0,77,217,88
67,green,1788789494,839582,565,347,640,480,1,0,78,216,91
67,green,1788789494,839582,565,347,640,480,2,0,78,210,96
67,green,1788789494,839582,565,347,640,480,3,0,78,221,91
67,green,1788789494,839582,565,347,640,480,4,0,78,220,94
67,green,1788789494,839582,565,347,640,480,5,0,79,225,94
67,green,1788789494,839582,565,347,640,480,-5,1,77,187,101
67,green,1788789494,839582,565,347,640,480,-4,1,77,184,104
67,green,1788789494,839582,565,347,640,480,-3,1,77,180,105
67,green,1788789494,839582,565,347,640,480,-2,1,77,193,99
67,green,1788789494,839582,565,347,640,480,-1,1,77,210,91
67,green,1788789494,839582,565,347,640,480,0,1,77,223,88
67,green,1788789494,839582,565,347,640,480,1,1,78,219,92
67,green,1788789494,839582,565,347,640,480,2,1,78,211,98
67,green,1788789494,839582,565,347,640,480,3,1,78,237,87
67,green,1788789494,839582,565,347,640,480,4,1,78,235,91
67,green,1788789494,839582,565,347,640,480,5,1,79,231,94
67,green,1788789494,839582,565,347,640,480,-5,2,77,195,98
67,green,1788789494,839582,565,347,640,480,-4,2,77,191,100
67,green,1788789494,839582,565,347,640,480,-3,2,77,191,100
67,green,1788789494,839582,565,347,640,480,-2,2,77,202,97
67,green,1788789494,839582,565,347,640,480,-1,2,77,213,92
67,green,1788789494,839582,565,347,640,480,0,2,77,227,90
67,green,1788789494,839582,565,347,640,480,1,2,78,227,91
67,green,1788789494,839582,565,347,640,480,2,2,78,225,95
67,green,1788789494,839582,565,347,640,480,3,2,78,249,86
67,green,1788789494,839582,565,347,640,480,4,2,78,246,88
67,green,1788789494,839582,565,347,640,480,5,2,79,239,93
67,green,1788789494,839582,565,347,640,480,-5,3,77,203,94
67,green,1788789494,839582,565,347,640,480,-4,3,77,207,95
67,green,1788789494,839582,565,347,640,480,-3,3,77,209,94
67,green,1788789494,839582,565,347,640,480,-2,3,77,219,93
67,green,1788789494,839582,565,347,640,480,-1,3,77,224,91
67,green,1788789494,839582,565,347,640,480,0,3,77,232,90
67,green,1788789494,839582,565,347,640,480,1,3,78,235,88
67,green,1788789494,839582,565,347,640,480,2,3,78,241,89
67,green,1788789494,839582,565,347,640,480,3,3,78,249,87
67,green,1788789494,839582,565,347,640,480,4,3,78,252,88
67,green,1788789494,839582,565,347,640,480,5,3,79,246,90
67,green,1788789494,839582,565,347,640,480,-5,4,78,221,91
67,green,1788789494,839582,565,347,640,480,-4,4,78,229,90
67,green,1788789494,839582,565,347,640,480,-3,4,78,232,89
67,green,1788789494,839582,565,347,640,480,-2,4,78,235,91
67,green,1788789494,839582,565,347,640,480,-1,4,78,235,91
67,green,1788789494,839582,565,347,640,480,0,4,78,238,90
67,green,1788789494,839582,565,347,640,480,1,4,78,249,87
67,green,1788789494,839582,565,347,640,480,2,4,78,255,84
67,green,1788789494,839582,565,347,640,480,3,4,79,246,90
67,green,1788789494,839582,565,347,640,480,4,4,79,249,89
67,green,1788789494,839582,565,347,640,480,5,4,80,255,87
67,green,1788789494,839582,565,347,640,480,-5,5,78,236,92
67,green,1788789494,839582,565,347,640,480,-4,5,78,246,90
67,green,1788789494,839582,565,347,640,480,-3,5,78,252,88
67,green,1788789494,839582,565,347,640,480,-2,5,78,255,89
67,green,1788789494,839582,565,347,640,480,-1,5,79,255,89
67,green,1788789494,839582,565,347,640,480,0,5,79,252,90
67,green,1788789494,839582,565,347,640,480,1,5,79,249,89
67,green,1788789494,839582,565,347,640,480,2,5,79,252,88
67,green,1788789494,839582,565,347,640,480,3,5,80,255,88
67,green,1788789494,839582,565,347,640,480,4,5,80,255,88
67,green,1788789494,839582,565,347,640,480,5,5,81,255,86
68,green,1788789494,499736047,558,385,640,480,-5,-5,74,145,93
68,green,1788789494,499736047,558,385,640,480,-4,-5,73,139,92
68,green,1788789494,499736047,558,385,640,480,-3,-5,73,137,93
68,green,1788789494,499736047,558,385,640,480,-2,-5,72,134,93
68,green,1788789494,499736047,558,385,640,480,-1,-5,72,134,93
68,green,1788789494,499736047,558,385,640,480,0,-5,71,129,91
68,green,1788789494,499736047,558,385,640,480,1,-5,71,129,91
68,green,1788789494,499736047,558,385,640,480,2,-5,72,137,91
68,green,1788789494,499736047,558,385,640,480,3,-5,73,139,92
68,green,1788789494,499736047,558,385,640,480,4,-5,74,139,92
68,green,1788789494,499736047,558,385,640,480,5,-5,74,149,94
68,green,1788789494,499736047,558,385,640,480,-5,-4,74,147,92
68,green,1788789494,499736047,558,385,640,480,-4,-4,73,139,92
68,green,1788789494,499736047,558,385,640,480,-3,-4,73,137,93
68,green,1788789494,499736047,558,385,640,480,-2,-4,72,134,93
68,green,1788789494,499736047,558,385,640,480,-1,-4,72,134,93
68,green,1788789494,499736047,558,385,640,480,0,-4,71,127,92
68,green,1788789494,499736047,558,385,640,480,1,-4,71,129,91
68,green,1788789494,499736047,558,385,640,480,2,-4,72,136,92
68,green,1788789494,499736047,558,385,640,480,3,-4,73,140,91
68,green,1788789494,499736047,558,385,640,480,4,-4,74,142,90
68,green,1788789494,499736047,558,385,640,480,5,-4,74,152,92
68,green,1788789494,499736047,558,385,640,480,-5,-3,74,147,92
68,green,1788789494,499736047,558,385,640,480,-4,-3,73,139,92
68,green,1788789494,499736047,558,385,640,480,-3,-3,73,137,93
68,green,1788789494,499736047,558,385,640,480,-2,-3,72,133,94
68,green,1788789494,499736047,558,385,640,480,-1,-3,72,134,93
68,green,1788789494,499736047,558,385,640,480,0,-3,71,127,92
68,green,1788789494,499736047,558,385,640,480,1,-3,71,127,92
68,green,1788789494,499736047,558,385,640,480,2,-3,72,134,93
68,green,1788789494,499736047,558,385,640,480,3,-3,73,142,90
68,green,1788789494,499736047,558,385,640,480,4,-3,74,145,88
68,green,1788789494,499736047,558,385,640,480,5,-3,74,156,90
68,green,1788789494,499736047,558,385,640,480,-5,-2,74,149,91
68,green,1788789494,499736047,558,385,640,480,-4,-2,74,139,92
68,green,1788789494,499736047,558,385,640,480,-3,-2,73,137,93
68,green,1788789494,499736047,558,385,640,480,-2,-2,72,133,94
68,green,1788789494,499736047,558,385,640,480,-1,-2,72,133,94
68,green,1788789494,499736047,558,385,640,480,0,-2,72,127,92
68,green,1788789494,499736047,558,385,640,480,1,-2,72,127,92
68,green,1788789494,499736047,558,385,640,480,2,-2,72,133,94
68,green,1788789494,499736047,558,385,640,480,3,-2,72,139,90
68,green,1788789494,499736047,558,385,640,480,4,-2,74,148,86
68,green,1788789494,499736047,558,385,640,480,5,-2,74,155,87
68,green,1788789494,499736047,558,385,640,480,-5,-1,75,150,90
68,green,1788789494,499736047,558,385,640,480,-4,-1,75,143,89
68,green,1788789494,499736047,558,385,640,480,-3,-1,74,143,89
68,green,1788789494,499736047,558,385,640,480,-2,-1,74,141,87
68,green,1788789494,499736047,558,385,640,480,-1,-1,74,141,87
68,green,1788789494,499736047,558,385,640,480,0,-1,74,141,87
68,green,1788789494,499736047,558,385,640,480,1,-1,74,141,87
68,green,1788789494,499736047,558,385,640,480,2,-1,72,129,91
68,green,1788789494,499736047,558,385,640,480,3,-1,72,139,90
68,green,1788789494,499736047,558,385,640,480,4,-1,74,141,87
68,green,1788789494,499736047,558,385,640,480,5,-1,74,145,88
68,green,1788789494,499736047,558,385,640,480,-5,0,75,149,91
68,green,1788789494,499736047,558,385,640,480,-4,0,75,143,89
68,green,1788789494,499736047,558,385,640,480,-3,0,75,143,89
68,green,1788789494,499736047,558,385,640,480,-2,0,75,139,88
68,green,1788789494,499736047,558,385,640,480,-1,0,75,141,87
68,green,1788789494,499736047,558,385,640,480,0,0,75,141,87
68,green,1788789494,499736047,558,385,640,480,1,0,74,141,87
68,green,1788789494,499736047,558,385,640,480,2,0,72,129,91
68,green,1788789494,499736047,558,385,640,480,3,0,72,137,91
68,green,1788789494,499736047,558,385,640,480,4,0,74,139,88
68,green,1788789494,499736047,558,385,640,480,5,0,74,143,89
68,green,1788789494,499736047,558,385,640,480,-5,1,74,149,91
68,green,1788789494,499736047,558,385,640,480,-4,1,74,142,90
68,green,1788789494,499736047,558,385,640,480,-3,1,74,143,89
68,green,1788789494,499736047,558,385,640,480,-2,1,74,139,88
68,green,1788789494,499736047,558,385,640,480,-1,1,74,141,87
68,green,1788789494,499736047,558,385,640,480,0,1,73,135,87
68,green,1788789494,499736047,558,385,640,480,1,1,73,135,87
68,green,1788789494,499736047,558,385,640,480,2,1,72,134,93
68,green,1788789494,499736047,558,385,640,480,3,1,72,137,91
68,green,1788789494,499736047,558,385,640,480,4,1,74,138,89
68,green,1788789494,499736047,558,385,640,480,5,1,74,142,90
68,green,1788789494,499736047,558,385,640,480,-5,2,74,140,91
68,green,1788789494,499736047,558,385,640,480,-4,2,74,140,91
68,green,1788789494,499736047,558,385,640,480,-3,2,74,138,89
68,green,1788789494,499736047,558,385,640,480,-2,2,74,139,88
68,green,1788789494,499736047,558,385,640,480,-1,2,74,141,87
68,green,1788789494,499736047,558,385,640,480,0,2,73,135,87
68,green,1788789494,499736047,558,385,640,480,1,2,73,136,86
68,green,1788789494,499736047,558,385,640,480,2,2,72,136,92
68,green,1788789494,499736047,558,385,640,480,3,2,73,140,91
68,green,1788789494,499736047,558,385,640,480,4,2,74,142,90
68,green,1788789494,499736047,558,385,640,480,5,2,74,147,92
68,green,1788789494,499736047,558,385,640,480,-5,3,74,135,91
68,green,1788789494,499736047,558,385,640,480,-4,3,74,135,91
68,green,1788789494,499736047,558,385,640,480,-3,3,73,130,90
68,green,1788789494,499736047,558,385,640,480,-2,3,73,133,88
68,green,1788789494,499736047,558,385,640,480,-1,3,73,135,87
68,green,1788789494,499736047,558,385,640,480,0,3,73,130,86
68,green,1788789494,499736047,558,385,640,480,1,3,73,136,86
68,green,1788789494,499736047,558,385,640,480,2,3,72,137,91
68,green,1788789494,499736047,558,385,640,480,3,3,73,142,90
68,green,1788789494,499736047,558,385,640,480,4,3,74,149,91
68,green,1788789494,499736047,558,385,640,480,5,3,74,151,93
68,green,1788789494,499736047,558,385,640,480,-5,4,73,127,92
68,green,1788789494,499736047,558,385,640,480,-4,4,73,125,90
68,green,1788789494,499736047,558,385,640,480,-3,4,73,126,89
68,green,1788789494,499736047,558,385,640,480,-2,4,73,127,88
68,green,1788789494,499736047,558,385,640,480,-1,4,73,129,87
68,green,1788789494,499736047,558,385,640,480,0,4,73,130,86
68,green,1788789494,499736047,558,385,640,480,1,4,73,132,85
68,green,1788789494,499736047,558,385,640,480,2,4,72,140,89
68,green,1788789494,499736047,558,385,640,480,3,4,73,143,89
68,green,1788789494,499736047,558,385,640,480,4,4,74,150,90
68,green,1788789494,499736047,558,385,640,480,5,4,74,151,93
68,green,1788789494,499736047,558,385,640,480,-5,5,72,122,92
68,green,1788789494,499736047,558,385,640,480,-4,5,71,120,91
68,green,1788789494,499736047,558,385,640,480,-3,5,71,122,90
68,green,1788789494,499736047,558,385,640,480,-2,5,71,125,88
68,green,1788789494,499736047,558,385,640,480,-1,5,71,126,87
68,green,1788789494,499736047,558,385,640,480,0,5,71,127,86
68,green,1788789494,499736047,558,385,640,480,1,5,72,132,85
68,green,1788789494,499736047,558,385,640,480,2,5,72,144,87
68,green,1788789494,499736047,558,385,640,480,3,5,73,147,87
68,green,1788789494,499736047,558,385,640,480,4,5,74,152,89
68,green,1788789494,499736047,558,385,640,480,5,5,74,152,92
69,green,1788789494,499736047,558,385,640,480,-5,-5,74,145,93
69,green,1788789494,499736047,558,385,640,480,-4,-5,73,139,92
69,green,1788789494,499736047,558,385,640,480,-3,-5,73,137,93
69,green,1788789494,499736047,558,385,640,480,-2,-5,72,134,93
69,green,1788789494,499736047,558,385,640,480,-1,-5,72,134,93
69,green,1788789494,499736047,558,385,640,480,0,-5,71,129,91
69,green,1788789494,499736047,558,385,640,480,1,-5,71,129,91
69,green,1788789494,499736047,558,385,640,480,2,-5,72,137,91
69,green,1788789494,499736047,558,385,640,480,3,-5,73,139,92
69,green,1788789494,499736047,558,385,640,480,4,-5,74,139,92
69,green,1788789494,499736047,558,385,640,480,5,-5,74,149,94
69,green,1788789494,499736047,558,385,640,480,-5,-4,74,147,92
69,green,1788789494,499736047,558,385,640,480,-4,-4,73,139,92
69,green,1788789494,499736047,558,385,640,480,-3,-4,73,137,93
69,green,1788789494,499736047,558,385,640,480,-2,-4,72,134,93
69,green,1788789494,499736047,558,385,640,480,-1,-4,72,134,93
69,green,1788789494,499736047,558,385,640,480,0,-4,71,127,92
69,green,1788789494,499736047,558,385,640,480,1,-4,71,129,91
69,green,1788789494,499736047,558,385,640,480,2,-4,72,136,92
69,green,1788789494,499736047,558,385,640,480,3,-4,73,140,91
69,green,1788789494,499736047,558,385,640,480,4,-4,74,142,90
69,green,1788789494,499736047,558,385,640,480,5,-4,74,152,92
69,green,1788789494,499736047,558,385,640,480,-5,-3,74,147,92
69,green,1788789494,499736047,558,385,640,480,-4,-3,73,139,92
69,green,1788789494,499736047,558,385,640,480,-3,-3,73,137,93
69,green,1788789494,499736047,558,385,640,480,-2,-3,72,133,94
69,green,1788789494,499736047,558,385,640,480,-1,-3,72,134,93
69,green,1788789494,499736047,558,385,640,480,0,-3,71,127,92
69,green,1788789494,499736047,558,385,640,480,1,-3,71,127,92
69,green,1788789494,499736047,558,385,640,480,2,-3,72,134,93
69,green,1788789494,499736047,558,385,640,480,3,-3,73,142,90
69,green,1788789494,499736047,558,385,640,480,4,-3,74,145,88
69,green,1788789494,499736047,558,385,640,480,5,-3,74,156,90
69,green,1788789494,499736047,558,385,640,480,-5,-2,74,149,91
69,green,1788789494,499736047,558,385,640,480,-4,-2,74,139,92
69,green,1788789494,499736047,558,385,640,480,-3,-2,73,137,93
69,green,1788789494,499736047,558,385,640,480,-2,-2,72,133,94
69,green,1788789494,499736047,558,385,640,480,-1,-2,72,133,94
69,green,1788789494,499736047,558,385,640,480,0,-2,72,127,92
69,green,1788789494,499736047,558,385,640,480,1,-2,72,127,92
69,green,1788789494,499736047,558,385,640,480,2,-2,72,133,94
69,green,1788789494,499736047,558,385,640,480,3,-2,72,139,90
69,green,1788789494,499736047,558,385,640,480,4,-2,74,148,86
69,green,1788789494,499736047,558,385,640,480,5,-2,74,155,87
69,green,1788789494,499736047,558,385,640,480,-5,-1,75,150,90
69,green,1788789494,499736047,558,385,640,480,-4,-1,75,143,89
69,green,1788789494,499736047,558,385,640,480,-3,-1,74,143,89
69,green,1788789494,499736047,558,385,640,480,-2,-1,74,141,87
69,green,1788789494,499736047,558,385,640,480,-1,-1,74,141,87
69,green,1788789494,499736047,558,385,640,480,0,-1,74,141,87
69,green,1788789494,499736047,558,385,640,480,1,-1,74,141,87
69,green,1788789494,499736047,558,385,640,480,2,-1,72,129,91
69,green,1788789494,499736047,558,385,640,480,3,-1,72,139,90
69,green,1788789494,499736047,558,385,640,480,4,-1,74,141,87
69,green,1788789494,499736047,558,385,640,480,5,-1,74,145,88
69,green,1788789494,499736047,558,385,640,480,-5,0,75,149,91
69,green,1788789494,499736047,558,385,640,480,-4,0,75,143,89
69,green,1788789494,499736047,558,385,640,480,-3,0,75,143,89
69,green,1788789494,499736047,558,385,640,480,-2,0,75,139,88
69,green,1788789494,499736047,558,385,640,480,-1,0,75,141,87
69,green,1788789494,499736047,558,385,640,480,0,0,75,141,87
69,green,1788789494,499736047,558,385,640,480,1,0,74,141,87
69,green,1788789494,499736047,558,385,640,480,2,0,72,129,91
69,green,1788789494,499736047,558,385,640,480,3,0,72,137,91
69,green,1788789494,499736047,558,385,640,480,4,0,74,139,88
69,green,1788789494,499736047,558,385,640,480,5,0,74,143,89
69,green,1788789494,499736047,558,385,640,480,-5,1,74,149,91
69,green,1788789494,499736047,558,385,640,480,-4,1,74,142,90
69,green,1788789494,499736047,558,385,640,480,-3,1,74,143,89
69,green,1788789494,499736047,558,385,640,480,-2,1,74,139,88
69,green,1788789494,499736047,558,385,640,480,-1,1,74,141,87
69,green,1788789494,499736047,558,385,640,480,0,1,73,135,87
69,green,1788789494,499736047,558,385,640,480,1,1,73,135,87
69,green,1788789494,499736047,558,385,640,480,2,1,72,134,93
69,green,1788789494,499736047,558,385,640,480,3,1,72,137,91
69,green,1788789494,499736047,558,385,640,480,4,1,74,138,89
69,green,1788789494,499736047,558,385,640,480,5,1,74,142,90
69,green,1788789494,499736047,558,385,640,480,-5,2,74,140,91
69,green,1788789494,499736047,558,385,640,480,-4,2,74,140,91
69,green,1788789494,499736047,558,385,640,480,-3,2,74,138,89
69,green,1788789494,499736047,558,385,640,480,-2,2,74,139,88
69,green,1788789494,499736047,558,385,640,480,-1,2,74,141,87
69,green,1788789494,499736047,558,385,640,480,0,2,73,135,87
69,green,1788789494,499736047,558,385,640,480,1,2,73,136,86
69,green,1788789494,499736047,558,385,640,480,2,2,72,136,92
69,green,1788789494,499736047,558,385,640,480,3,2,73,140,91
69,green,1788789494,499736047,558,385,640,480,4,2,74,142,90
69,green,1788789494,499736047,558,385,640,480,5,2,74,147,92
69,green,1788789494,499736047,558,385,640,480,-5,3,74,135,91
69,green,1788789494,499736047,558,385,640,480,-4,3,74,135,91
69,green,1788789494,499736047,558,385,640,480,-3,3,73,130,90
69,green,1788789494,499736047,558,385,640,480,-2,3,73,133,88
69,green,1788789494,499736047,558,385,640,480,-1,3,73,135,87
69,green,1788789494,499736047,558,385,640,480,0,3,73,130,86
69,green,1788789494,499736047,558,385,640,480,1,3,73,136,86
69,green,1788789494,499736047,558,385,640,480,2,3,72,137,91
69,green,1788789494,499736047,558,385,640,480,3,3,73,142,90
69,green,1788789494,499736047,558,385,640,480,4,3,74,149,91
69,green,1788789494,499736047,558,385,640,480,5,3,74,151,93
69,green,1788789494,499736047,558,385,640,480,-5,4,73,127,92
69,green,1788789494,499736047,558,385,640,480,-4,4,73,125,90
69,green,1788789494,499736047,558,385,640,480,-3,4,73,126,89
69,green,1788789494,499736047,558,385,640,480,-2,4,73,127,88
69,green,1788789494,499736047,558,385,640,480,-1,4,73,129,87
69,green,1788789494,499736047,558,385,640,480,0,4,73,130,86
69,green,1788789494,499736047,558,385,640,480,1,4,73,132,85
69,green,1788789494,499736047,558,385,640,480,2,4,72,140,89
69,green,1788789494,499736047,558,385,640,480,3,4,73,143,89
69,green,1788789494,499736047,558,385,640,480,4,4,74,150,90
69,green,1788789494,499736047,558,385,640,480,5,4,74,151,93
69,green,1788789494,499736047,558,385,640,480,-5,5,72,122,92
69,green,1788789494,499736047,558,385,640,480,-4,5,71,120,91
69,green,1788789494,499736047,558,385,640,480,-3,5,71,122,90
69,green,1788789494,499736047,558,385,640,480,-2,5,71,125,88
69,green,1788789494,499736047,558,385,640,480,-1,5,71,126,87
69,green,1788789494,499736047,558,385,640,480,0,5,71,127,86
69,green,1788789494,499736047,558,385,640,480,1,5,72,132,85
69,green,1788789494,499736047,558,385,640,480,2,5,72,144,87
69,green,1788789494,499736047,558,385,640,480,3,5,73,147,87
69,green,1788789494,499736047,558,385,640,480,4,5,74,152,89
69,green,1788789494,499736047,558,385,640,480,5,5,74,152,92
70,green,1788789494,499736047,558,385,640,480,-5,-5,74,145,93
70,green,1788789494,499736047,558,385,640,480,-4,-5,73,139,92
70,green,1788789494,499736047,558,385,640,480,-3,-5,73,137,93
70,green,1788789494,499736047,558,385,640,480,-2,-5,72,134,93
70,green,1788789494,499736047,558,385,640,480,-1,-5,72,134,93
70,green,1788789494,499736047,558,385,640,480,0,-5,71,129,91
70,green,1788789494,499736047,558,385,640,480,1,-5,71,129,91
70,green,1788789494,499736047,558,385,640,480,2,-5,72,137,91
70,green,1788789494,499736047,558,385,640,480,3,-5,73,139,92
70,green,1788789494,499736047,558,385,640,480,4,-5,74,139,92
70,green,1788789494,499736047,558,385,640,480,5,-5,74,149,94
70,green,1788789494,499736047,558,385,640,480,-5,-4,74,147,92
70,green,1788789494,499736047,558,385,640,480,-4,-4,73,139,92
70,green,1788789494,499736047,558,385,640,480,-3,-4,73,137,93
70,green,1788789494,499736047,558,385,640,480,-2,-4,72,134,93
70,green,1788789494,499736047,558,385,640,480,-1,-4,72,134,93
70,green,1788789494,499736047,558,385,640,480,0,-4,71,127,92
70,green,1788789494,499736047,558,385,640,480,1,-4,71,129,91
70,green,1788789494,499736047,558,385,640,480,2,-4,72,136,92
70,green,1788789494,499736047,558,385,640,480,3,-4,73,140,91
70,green,1788789494,499736047,558,385,640,480,4,-4,74,142,90
70,green,1788789494,499736047,558,385,640,480,5,-4,74,152,92
70,green,1788789494,499736047,558,385,640,480,-5,-3,74,147,92
70,green,1788789494,499736047,558,385,640,480,-4,-3,73,139,92
70,green,1788789494,499736047,558,385,640,480,-3,-3,73,137,93
70,green,1788789494,499736047,558,385,640,480,-2,-3,72,133,94
70,green,1788789494,499736047,558,385,640,480,-1,-3,72,134,93
70,green,1788789494,499736047,558,385,640,480,0,-3,71,127,92
70,green,1788789494,499736047,558,385,640,480,1,-3,71,127,92
70,green,1788789494,499736047,558,385,640,480,2,-3,72,134,93
70,green,1788789494,499736047,558,385,640,480,3,-3,73,142,90
70,green,1788789494,499736047,558,385,640,480,4,-3,74,145,88
70,green,1788789494,499736047,558,385,640,480,5,-3,74,156,90
70,green,1788789494,499736047,558,385,640,480,-5,-2,74,149,91
70,green,1788789494,499736047,558,385,640,480,-4,-2,74,139,92
70,green,1788789494,499736047,558,385,640,480,-3,-2,73,137,93
70,green,1788789494,499736047,558,385,640,480,-2,-2,72,133,94
70,green,1788789494,499736047,558,385,640,480,-1,-2,72,133,94
70,green,1788789494,499736047,558,385,640,480,0,-2,72,127,92
70,green,1788789494,499736047,558,385,640,480,1,-2,72,127,92
70,green,1788789494,499736047,558,385,640,480,2,-2,72,133,94
70,green,1788789494,499736047,558,385,640,480,3,-2,72,139,90
70,green,1788789494,499736047,558,385,640,480,4,-2,74,148,86
70,green,1788789494,499736047,558,385,640,480,5,-2,74,155,87
70,green,1788789494,499736047,558,385,640,480,-5,-1,75,150,90
70,green,1788789494,499736047,558,385,640,480,-4,-1,75,143,89
70,green,1788789494,499736047,558,385,640,480,-3,-1,74,143,89
70,green,1788789494,499736047,558,385,640,480,-2,-1,74,141,87
70,green,1788789494,499736047,558,385,640,480,-1,-1,74,141,87
70,green,1788789494,499736047,558,385,640,480,0,-1,74,141,87
70,green,1788789494,499736047,558,385,640,480,1,-1,74,141,87
70,green,1788789494,499736047,558,385,640,480,2,-1,72,129,91
70,green,1788789494,499736047,558,385,640,480,3,-1,72,139,90
70,green,1788789494,499736047,558,385,640,480,4,-1,74,141,87
70,green,1788789494,499736047,558,385,640,480,5,-1,74,145,88
70,green,1788789494,499736047,558,385,640,480,-5,0,75,149,91
70,green,1788789494,499736047,558,385,640,480,-4,0,75,143,89
70,green,1788789494,499736047,558,385,640,480,-3,0,75,143,89
70,green,1788789494,499736047,558,385,640,480,-2,0,75,139,88
70,green,1788789494,499736047,558,385,640,480,-1,0,75,141,87
70,green,1788789494,499736047,558,385,640,480,0,0,75,141,87
70,green,1788789494,499736047,558,385,640,480,1,0,74,141,87
70,green,1788789494,499736047,558,385,640,480,2,0,72,129,91
70,green,1788789494,499736047,558,385,640,480,3,0,72,137,91
70,green,1788789494,499736047,558,385,640,480,4,0,74,139,88
70,green,1788789494,499736047,558,385,640,480,5,0,74,143,89
70,green,1788789494,499736047,558,385,640,480,-5,1,74,149,91
70,green,1788789494,499736047,558,385,640,480,-4,1,74,142,90
70,green,1788789494,499736047,558,385,640,480,-3,1,74,143,89
70,green,1788789494,499736047,558,385,640,480,-2,1,74,139,88
70,green,1788789494,499736047,558,385,640,480,-1,1,74,141,87
70,green,1788789494,499736047,558,385,640,480,0,1,73,135,87
70,green,1788789494,499736047,558,385,640,480,1,1,73,135,87
70,green,1788789494,499736047,558,385,640,480,2,1,72,134,93
70,green,1788789494,499736047,558,385,640,480,3,1,72,137,91
70,green,1788789494,499736047,558,385,640,480,4,1,74,138,89
70,green,1788789494,499736047,558,385,640,480,5,1,74,142,90
70,green,1788789494,499736047,558,385,640,480,-5,2,74,140,91
70,green,1788789494,499736047,558,385,640,480,-4,2,74,140,91
70,green,1788789494,499736047,558,385,640,480,-3,2,74,138,89
70,green,1788789494,499736047,558,385,640,480,-2,2,74,139,88
70,green,1788789494,499736047,558,385,640,480,-1,2,74,141,87
70,green,1788789494,499736047,558,385,640,480,0,2,73,135,87
70,green,1788789494,499736047,558,385,640,480,1,2,73,136,86
70,green,1788789494,499736047,558,385,640,480,2,2,72,136,92
70,green,1788789494,499736047,558,385,640,480,3,2,73,140,91
70,green,1788789494,499736047,558,385,640,480,4,2,74,142,90
70,green,1788789494,499736047,558,385,640,480,5,2,74,147,92
70,green,1788789494,499736047,558,385,640,480,-5,3,74,135,91
70,green,1788789494,499736047,558,385,640,480,-4,3,74,135,91
70,green,1788789494,499736047,558,385,640,480,-3,3,73,130,90
70,green,1788789494,499736047,558,385,640,480,-2,3,73,133,88
70,green,1788789494,499736047,558,385,640,480,-1,3,73,135,87
70,green,1788789494,499736047,558,385,640,480,0,3,73,130,86
70,green,1788789494,499736047,558,385,640,480,1,3,73,136,86
70,green,1788789494,499736047,558,385,640,480,2,3,72,137,91
70,green,1788789494,499736047,558,385,640,480,3,3,73,142,90
70,green,1788789494,499736047,558,385,640,480,4,3,74,149,91
70,green,1788789494,499736047,558,385,640,480,5,3,74,151,93
70,green,1788789494,499736047,558,385,640,480,-5,4,73,127,92
70,green,1788789494,499736047,558,385,640,480,-4,4,73,125,90
70,green,1788789494,499736047,558,385,640,480,-3,4,73,126,89
70,green,1788789494,499736047,558,385,640,480,-2,4,73,127,88
70,green,1788789494,499736047,558,385,640,480,-1,4,73,129,87
70,green,1788789494,499736047,558,385,640,480,0,4,73,130,86
70,green,1788789494,499736047,558,385,640,480,1,4,73,132,85
70,green,1788789494,499736047,558,385,640,480,2,4,72,140,89
70,green,1788789494,499736047,558,385,640,480,3,4,73,143,89
70,green,1788789494,499736047,558,385,640,480,4,4,74,150,90
70,green,1788789494,499736047,558,385,640,480,5,4,74,151,93
70,green,1788789494,499736047,558,385,640,480,-5,5,72,122,92
70,green,1788789494,499736047,558,385,640,480,-4,5,71,120,91
70,green,1788789494,499736047,558,385,640,480,-3,5,71,122,90
70,green,1788789494,499736047,558,385,640,480,-2,5,71,125,88
70,green,1788789494,499736047,558,385,640,480,-1,5,71,126,87
70,green,1788789494,499736047,558,385,640,480,0,5,71,127,86
70,green,1788789494,499736047,558,385,640,480,1,5,72,132,85
70,green,1788789494,499736047,558,385,640,480,2,5,72,144,87
70,green,1788789494,499736047,558,385,640,480,3,5,73,147,87
70,green,1788789494,499736047,558,385,640,480,4,5,74,152,89
70,green,1788789494,499736047,558,385,640,480,5,5,74,152,92
71,green,1788789494,499736047,548,384,640,480,-5,-5,77,176,87
71,green,1788789494,499736047,548,384,640,480,-4,-5,77,183,88
71,green,1788789494,499736047,548,384,640,480,-3,-5,77,185,87
71,green,1788789494,499736047,548,384,640,480,-2,-5,77,182,84
71,green,1788789494,499736047,548,384,640,480,-1,-5,77,178,86
71,green,1788789494,499736047,548,384,640,480,0,-5,76,167,90
71,green,1788789494,499736047,548,384,640,480,1,-5,76,160,94
71,green,1788789494,499736047,548,384,640,480,2,-5,74,149,96
71,green,1788789494,499736047,548,384,640,480,3,-5,74,146,98
71,green,1788789494,499736047,548,384,640,480,4,-5,74,145,93
71,green,1788789494,499736047,548,384,640,480,5,-5,74,145,93
71,green,1788789494,499736047,548,384,640,480,-5,-4,77,168,91
71,green,1788789494,499736047,548,384,640,480,-4,-4,77,175,92
71,green,1788789494,499736047,548,384,640,480,-3,-4,77,181,89
71,green,1788789494,499736047,548,384,640,480,-2,-4,77,180,85
71,green,1788789494,499736047,548,384,640,480,-1,-4,77,176,87
71,green,1788789494,499736047,548,384,640,480,0,-4,76,164,92
71,green,1788789494,499736047,548,384,640,480,1,-4,76,155,97
71,green,1788789494,499736047,548,384,640,480,2,-4,74,144,99
71,green,1788789494,499736047,548,384,640,480,3,-4,74,143,100
71,green,1788789494,499736047,548,384,640,480,4,-4,74,147,92
71,green,1788789494,499736047,548,384,640,480,5,-4,74,145,93
71,green,1788789494,499736047,548,384,640,480,-5,-3,77,165,93
71,green,1788789494,499736047,548,384,640,480,-4,-3,77,169,95
71,green,1788789494,499736047,548,384,640,480,-3,-3,77,178,90
71,green,1788789494,499736047,548,384,640,480,-2,-3,77,180,85
71,green,1788789494,499736047,548,384,640,480,-1,-3,77,178,86
71,green,1788789494,499736047,548,384,640,480,0,-3,76,164,92
71,green,1788789494,499736047,548,384,640,480,1,-3,76,154,98
71,green,1788789494,499736047,548,384,640,480,2,-3,74,144,99
71,green,1788789494,499736047,548,384,640,480,3,-3,74,144,99
71,green,1788789494,499736047,548,384,640,480,4,-3,74,149,91
71,green,1788789494,499736047,548,384,640,480,5,-3,74,147,92
71,green,1788789494,499736047,548,384,640,480,-5,-2,77,163,94
71,green,1788789494,499736047,548,384,640,480,-4,-2,77,167,96
71,green,1788789494,499736047,548,384,640,480,-3,-2,77,178,90
71,green,1788789494,499736047,548,384,640,480,-2,-2,77,184,83
71,green,1788789494,499736047,548,384,640,480,-1,-2,77,184,83
71,green,1788789494,499736047,548,384,640,480,0,-2,76,167,90
71,green,1788789494,499736047,548,384,640,480,1,-2,76,158,95
71,green,1788789494,499736047,548,384,640,480,2,-2,74,149,96
71,green,1788789494,499736047,548,384,640,480,3,-2,74,150,95
71,green,1788789494,499736047,548,384,640,480,4,-2,74,149,91
71,green,1788789494,499736047,548,384,640,480,5,-2,74,147,92
71,green,1788789494,499736047,548,384,640,480,-5,-1,77,165,93
71,green,1788789494,499736047,548,384,640,480,-4,-1,77,169,95
71,green,1788789494,499736047,548,384,640,480,-3,-1,77,183,88
71,green,1788789494,499736047,548,384,640,480,-2,-1,77,189,81
71,green,1788789494,499736047,548,384,640,480,-1,-1,77,189,81
71,green,1788789494,499736047,548,384,640,480,0,-1,76,173,87
71,green,1788789494,499736047,548,384,640,480,1,-1,76,162,93
71,green,1788789494,499736047,548,384,640,480,2,-1,74,154,93
71,green,1788789494,499736047,548,384,640,480,3,-1,74,152,92
71,green,1788789494,499736047,548,384,640,480,4,-1,74,149,91
71,green,1788789494,499736047,548,384,640,480,5,-1,74,149,91
71,green,1788789494,499736047,548,384,640,480,-5,0,77,177,91
71,green,1788789494,499736047,548,384,640,480,-4,0,76,174,88
71,green,1788789494,499736047,548,384,640,480,-3,0,76,172,89
71,green,1788789494,499736047,548,384,640,480,-2,0,76,173,87
71,green,1788789494,499736047,548,384,640,480,-1,0,76,181,83
71,green,1788789494,499736047,548,384,640,480,0,0,76,179,84
71,green,1788789494,499736047,548,384,640,480,1,0,76,165,91
71,green,1788789494,499736047,548,384,640,480,2,0,76,150,95
71,green,1788789494,499736047,548,384,640,480,3,0,76,148,93
71,green,1788789494,499736047,548,384,640,480,4,0,75,150,90
71,green,1788789494,499736047,548,384,640,480,5,0,75,150,90
71,green,1788789494,499736047,548,384,640,480,-5,1,77,178,86
71,green,1788789494,499736047,548,384,640,480,-4,1,76,174,88
71,green,1788789494,499736047,548,384,640,480,-3,1,76,170,90
71,green,1788789494,499736047,548,384,640,480,-2,1,76,171,88
71,green,1788789494,499736047,548,384,640,480,-1,1,76,181,83
71,green,1788789494,499736047,548,384,640,480,0,1,76,177,85
71,green,1788789494,499736047,548,384,640,480,1,1,76,157,91
71,green,1788789494,499736047,548,384,640,480,2,1,76,146,94
71,green,1788789494,499736047,548,384,640,480,3,1,76,146,94
71,green,1788789494,499736047,548,384,640,480,4,1,75,149,91
71,green,1788789494,499736047,548,384,640,480,5,1,75,149,91
71,green,1788789494,499736047,548,384,640,480,-5,2,77,168,88
71,green,1788789494,499736047,548,384,640,480,-4,2,76,171,88
71,green,1788789494,499736047,548,384,640,480,-3,2,75,167,90
71,green,1788789494,499736047,548,384,640,480,-2,2,74,164,87
71,green,1788789494,499736047,548,384,640,480,-1,2,74,174,82
71,green,1788789494,499736047,548,384,640,480,0,2,74,170,84
71,green,1788789494,499736047,548,384,640,480,1,2,74,157,91
71,green,1788789494,499736047,548,384,640,480,2,2,74,148,95
71,green,1788789494,499736047,548,384,640,480,3,2,74,148,95
71,green,1788789494,499736047,548,384,640,480,4,2,74,147,92
71,green,1788789494,499736047,548,384,640,480,5,2,74,149,91
71,green,1788789494,499736047,548,384,640,480,-5,3,76,166,86
71,green,1788789494,499736047,548,384,640,480,-4,3,76,166,86
71,green,1788789494,499736047,548,384,640,480,-3,3,74,162,88
71,green,1788789494,499736047,548,384,640,480,-2,3,74,166,86
71,green,1788789494,499736047,548,384,640,480,-1,3,74,173,81
71,green,1788789494,499736047,548,384,640,480,0,3,74,169,83
71,green,1788789494,499736047,548,384,640,480,1,3,74,156,90
71,green,1788789494,499736047,548,384,640,480,2,3,74,149,94
71,green,1788789494,499736047,548,384,640,480,3,3,74,147,92
71,green,1788789494,499736047,548,384,640,480,4,3,74,145,93
71,green,1788789494,499736047,548,384,640,480,5,3,74,140,91
71,green,1788789494,499736047,548,384,640,480,-5,4,75,180,75
71,green,1788789494,499736047,548,384,640,480,-4,4,76,166,83
71,green,1788789494,499736047,548,384,640,480,-3,4,74,163,86
71,green,1788789494,499736047,548,384,640,480,-2,4,74,167,84
71,green,1788789494,499736047,548,384,640,480,-1,4,74,171,79
71,green,1788789494,499736047,548,384,640,480,0,4,74,169,80
71,green,1788789494,499736047,548,384,640,480,1,4,74,155,87
71,green,1788789494,499736047,548,384,640,480,2,4,74,149,91
71,green,1788789494,499736047,548,384,640,480,3,4,74,142,90
71,green,1788789494,499736047,548,384,640,480,4,4,74,137,93
71,green,1788789494,499736047,548,384,640,480,5,4,74,135,91
71,green,1788789494,499736047,548,384,640,480,-5,5,75,168,73
71,green,1788789494,499736047,548,384,640,480,-4,5,74,149,82
71,green,1788789494,499736047,548,384,640,480,-3,5,74,152,84
71,green,1788789494,499736047,548,384,640,480,-2,5,74,155,82
71,green,1788789494,499736047,548,384,640,480,-1,5,74,163,78
71,green,1788789494,499736047,548,384,640,480,0,5,74,157,78
71,green,1788789494,499736047,548,384,640,480,1,5,74,144,85
71,green,1788789494,499736047,548,384,640,480,2,5,74,136,90
71,green,1788789494,499736047,548,384,640,480,3,5,74,138,89
71,green,1788789494,499736047,548,384,640,480,4,5,73,126,93
71,green,1788789494,499736047,548,384,640,480,5,5,73,127,92
72,green,1788789495,627750131,548,384,640,480,-5,-5,77,164,90
72,green,1788789495,627750131,548,384,640,480,-4,-5,77,170,84
72,green,1788789495,627750131,548,384,640,480,-3,-5,77,168,85
72,green,1788789495,627750131,548,384,640,480,-2,-5,77,162,88
72,green,1788789495,627750131,548,384,640,480,-1,-5,77,159,90
72,green,1788789495,627750131,548,384,640,480,0,-5,76,153,90
72,green,1788789495,627750131,548,384,640,480,1,-5,75,149,91
72,green,1788789495,627750131,548,384,640,480,2,-5,74,139,92
72,green,1788789495,627750131,548,384,640,480,3,-5,74,137,93
72,green,1788789495,627750131,548,384,640,480,4,-5,74,136,90
72,green,1788789495,627750131,548,384,640,480,5,-5,73,129,91
72,green,1788789495,627750131,548,384,640,480,-5,-4,77,170,87
72,green,1788789495,627750131,548,384,640,480,-4,-4,77,170,84
72,green,1788789495,627750131,548,384,640,480,-3,-4,77,170,84
72,green,1788789495,627750131,548,384,640,480,-2,-4,77,164,84
72,green,1788789495,627750131,548,384,640,480,-1,-4,77,160,86
72,green,1788789495,627750131,548,384,640,480,0,-4,75,152,89
72,green,1788789495,627750131,548,384,640,480,1,-4,75,147,92
72,green,1788789495,627750131,548,384,640,480,2,-4,74,139,92
72,green,1788789495,627750131,548,384,640,480,3,-4,74,139,92
72,green,1788789495,627750131,548,384,640,480,4,-4,74,135,91
72,green,1788789495,627750131,548,384,640,480,5,-4,73,129,91
72,green,1788789495,627750131,548,384,640,480,-5,-3,77,174,85
72,green,1788789495,627750131,548,384,640,480,-4,-3,77,166,86
72,green,1788789495,627750131,548,384,640,480,-3,-3,77,170,84
72,green,1788789495,627750131,548,384,640,480,-2,-3,77,170,81
72,green,1788789495,627750131,548,384,640,480,-1,-3,77,166,83
72,green,1788789495,627750131,548,384,640,480,0,-3,75,155,87
72,green,1788789495,627750131,548,384,640,480,1,-3,75,149,91
72,green,1788789495,627750131,548,384,640,480,2,-3,74,139,92
72,green,1788789495,627750131,548,384,640,480,3,-3,74,139,92
72,green,1788789495,627750131,548,384,640,480,4,-3,73,129,91
72,green,1788789495,627750131,548,384,640,480,5,-3,73,129,91
72,green,1788789495,627750131,548,384,640,480,-5,-2,77,172,86
72,green,1788789495,627750131,548,384,640,480,-4,-2,77,160,89
72,green,1788789495,627750131,548,384,640,480,-3,-2,77,168,85
72,green,1788789495,627750131,548,384,640,480,-2,-2,77,172,80
72,green,1788789495,627750131,548,384,640,480,-1,-2,77,172,80
72,green,1788789495,627750131,548,384,640,480,0,-2,75,161,84
72,green,1788789495,627750131,548,384,640,480,1,-2,75,152,89
72,green,1788789495,627750131,548,384,640,480,2,-2,74,140,91
72,green,1788789495,627750131,548,384,640,480,3,-2,74,139,92
72,green,1788789495,627750131,548,384,640,480,4,-2,73,127,92
72,green,1788789495,627750131,548,384,640,480,5,-2,73,127,92
72,green,1788789495,627750131,548,384,640,480,-5,-1,77,166,89
72,green,1788789495,627750131,548,384,640,480,-4,-1,78,163,91
72,green,1788789495,627750131,548,384,640,480,-3,-1,77,166,86
72,green,1788789495,627750131,548,384,640,480,-2,-1,77,179,80
72,green,1788789495,627750131,548,384,640,480,-1,-1,77,177,78
72,green,1788789495,627750131,548,384,640,480,0,-1,77,168,82
72,green,1788789495,627750131,548,384,640,480,1,-1,75,154,88
72,green,1788789495,627750131,548,384,640,480,2,-1,75,147,92
72,green,1788789495,627750131,548,384,640,480,3,-1,74,139,92
72,green,1788789495,627750131,548,384,640,480,4,-1,74,133,92
72,green,1788789495,627750131,548,384,640,480,5,-1,74,133,92
72,green,1788789495,627750131,548,384,640,480,-5,0,78,165,93
72,green,1788789495,627750131,548,384,640,480,-4,0,79,171,88
72,green,1788789495,627750131,548,384,640,480,-3,0,78,174,85
72,green,1788789495,627750131,548,384,640,480,-2,0,78,185,80
72,green,1788789495,627750131,548,384,640,480,-1,0,77,183,78
72,green,1788789495,627750131,548,384,640,480,0,0,77,179,80
72,green,1788789495,627750131,548,384,640,480,1,0,76,164,87
72,green,1788789495,627750131,548,384,640,480,2,0,76,146,94
72,green,1788789495,627750131,548,384,640,480,3,0,75,135,100
72,green,1788789495,627750131,548,384,640,480,4,0,74,150,90
72,green,1788789495,627750131,548,384,640,480,5,0,74,142,90
72,green,1788789495,627750131,548,384,640,480,-5,1,79,171,88
72,green,1788789495,627750131,548,384,640,480,-4,1,79,165,91
72,green,1788789495,627750131,548,384,640,480,-3,1,79,173,87
72,green,1788789495,627750131,548,384,640,480,-2,1,78,180,82
72,green,1788789495,627750131,548,384,640,480,-1,1,78,187,79
72,green,1788789495,627750131,548,384,640,480,0,1,77,185,80
72,green,1788789495,627750131,548,384,640,480,1,1,77,166,86
72,green,1788789495,627750131,548,384,640,480,2,1,76,150,92
72,green,1788789495,627750131,548,384,640,480,3,1,76,142,97
72,green,1788789495,627750131,548,384,640,480,4,1,74,149,91
72,green,1788789495,627750131,548,384,640,480,5,1,74,149,91
72,green,1788789495,627750131,548,384,640,480,-5,2,78,163,91
72,green,1788789495,627750131,548,384,640,480,-4,2,78,159,93
72,green,1788789495,627750131,548,384,640,480,-3,2,78,166,89
72,green,1788789495,627750131,548,384,640,480,-2,2,77,169,83
72,green,1788789495,627750131,548,384,640,480,-1,2,77,178,79
72,green,1788789495,627750131,548,384,640,480,0,2,77,176,81
72,green,1788789495,627750131,548,384,640,480,1,2,77,168,85
72,green,1788789495,627750131,548,384,640,480,2,2,76,153,90
72,green,1788789495,627750131,548,384,640,480,3,2,76,146,94
72,green,1788789495,627750131,548,384,640,480,4,2,74,149,91
72,green,1788789495,627750131,548,384,640,480,5,2,74,149,91
72,green,1788789495,627750131,548,384,640,480,-5,3,77,154,91
72,green,1788789495,627750131,548,384,640,480,-4,3,77,152,92
72,green,1788789495,627750131,548,384,640,480,-3,3,77,159,88
72,green,1788789495,627750131,548,384,640,480,-2,3,77,169,83
72,green,1788789495,627750131,548,384,640,480,-1,3,77,172,80
72,green,1788789495,627750131,548,384,640,480,0,3,77,170,81
72,green,1788789495,627750131,548,384,640,480,1,3,76,162,85
72,green,1788789495,627750131,548,384,640,480,2,3,76,151,91
72,green,1788789495,627750131,548,384,640,480,3,3,74,144,94
72,green,1788789495,627750131,548,384,640,480,4,3,74,147,92
72,green,1788789495,627750131,548,384,640,480,5,3,74,140,91
72,green,1788789495,627750131,548,384,640,480,-5,4,77,162,82
72,green,1788789495,627750131,548,384,640,480,-4,4,77,155,89
72,green,1788789495,627750131,548,384,640,480,-3,4,77,158,87
72,green,1788789495,627750131,548,384,640,480,-2,4,77,166,83
72,green,1788789495,627750131,548,384,640,480,-1,4,75,167,81
72,green,1788789495,627750131,548,384,640,480,0,4,75,165,82
72,green,1788789495,627750131,548,384,640,480,1,4,75,155,87
72,green,1788789495,627750131,548,384,640,480,2,4,75,147,92
72,green,1788789495,627750131,548,384,640,480,3,4,74,134,95
72,green,1788789495,627750131,548,384,640,480,4,4,74,140,91
72,green,1788789495,627750131,548,384,640,480,5,4,72,137,91
72,green,1788789495,627750131,548,384,640,480,-5,5,75,155,79
72,green,1788789495,627750131,548,384,640,480,-4,5,75,141,87
72,green,1788789495,627750131,548,384,640,480,-3,5,75,150,85
72,green,1788789495,627750131,548,384,640,480,-2,5,75,155,82
72,green,1788789495,627750131,548,384,640,480,-1,5,75,157,81
72,green,1788789495,627750131,548,384,640,480,0,5,75,149,82
72,green,1788789495,627750131,548,384,640,480,1,5,74,142,86
72,green,1788789495,627750131,548,384,640,480,2,5,74,135,91
72,green,1788789495,627750131,548,384,640,480,3,5,74,130,94
72,green,1788789495,627750131,548,384,640,480,4,5,72,129,91
72,green,1788789495,627750131,548,384,640,480,5,5,72,129,91
73,green,1788789495,627750131,548,384,640,480,-5,-5,77,164,90
73,green,1788789495,627750131,548,384,640,480,-4,-5,77,170,84
73,green,1788789495,627750131,548,384,640,480,-3,-5,77,168,85
73,green,1788789495,627750131,548,384,640,480,-2,-5,77,162,88
73,green,1788789495,627750131,548,384,640,480,-1,-5,77,159,90
73,green,1788789495,627750131,548,384,640,480,0,-5,76,153,90
73,green,1788789495,627750131,548,384,640,480,1,-5,75,149,91
73,green,1788789495,627750131,548,384,640,480,2,-5,74,139,92
73,green,1788789495,627750131,548,384,640,480,3,-5,74,137,93
73,green,1788789495,627750131,548,384,640,480,4,-5,74,136,90
73,green,1788789495,627750131,548,384,640,480,5,-5,73,129,91
73,green,1788789495,627750131,548,384,640,480,-5,-4,77,170,87
73,green,1788789495,627750131,548,384,640,480,-4,-4,77,170,84
73,green,1788789495,627750131,548,384,640,480,-3,-4,77,170,84
73,green,1788789495,627750131,548,384,640,480,-2,-4,77,164,84
73,green,1788789495,627750131,548,384,640,480,-1,-4,77,160,86
73,green,1788789495,627750131,548,384,640,480,0,-4,75,152,89
73,green,1788789495,627750131,548,384,640,480,1,-4,75,147,92
73,green,1788789495,627750131,548,384,640,480,2,-4,74,139,92
73,green,1788789495,627750131,548,384,640,480,3,-4,74,139,92
73,green,1788789495,627750131,548,384,640,480,4,-4,74,135,91
73,green,1788789495,627750131,548,384,640,480,5,-4,73,129,91
73,green,1788789495,627750131,548,384,640,480,-5,-3,77,174,85
73,green,1788789495,627750131,548,384,640,480,-4,-3,77,166,86
73,green,1788789495,627750131,548,384,640,480,-3,-3,77,170,84
73,green,1788789495,627750131,548,384,640,480,-2,-3,77,170,81
73,green,1788789495,627750131,548,384,640,480,-1,-3,77,166,83
73,green,1788789495,627750131,548,384,640,480,0,-3,75,155,87
73,green,1788789495,627750131,548,384,640,480,1,-3,75,149,91
73,green,1788789495,627750131,548,384,640,480,2,-3,74,139,92
73,green,1788789495,627750131,548,384,640,480,3,-3,74,139,92
73,green,1788789495,627750131,548,384,640,480,4,-3,73,129,91
73,green,1788789495,627750131,548,384,640,480,5,-3,73,129,91
73,green,1788789495,627750131,548,384,640,480,-5,-2,77,172,86
73,green,1788789495,627750131,548,384,640,480,-4,-2,77,160,89
73,green,1788789495,627750131,548,384,640,480,-3,-2,77,168,85
73,green,1788789495,627750131,548,384,640,480,-2,-2,77,172,80
73,green,1788789495,627750131,548,384,640,480,-1,-2,77,172,80
73,green,1788789495,627750131,548,384,640,480,0,-2,75,161,84
73,green,1788789495,627750131,548,384,640,480,1,-2,75,152,89
73,green,1788789495,627750131,548,384,640,480,2,-2,74,140,91
73,green,1788789495,627750131,548,384,640,480,3,-2,74,139,92
73,green,1788789495,627750131,548,384,640,480,4,-2,73,127,92
73,green,1788789495,627750131,548,384,640,480,5,-2,73,127,92
73,green,1788789495,627750131,548,384,640,480,-5,-1,77,166,89
73,green,1788789495,627750131,548,384,640,480,-4,-1,78,163,91
73,green,1788789495,627750131,548,384,640,480,-3,-1,77,166,86
73,green,1788789495,627750131,548,384,640,480,-2,-1,77,179,80
73,green,1788789495,627750131,548,384,640,480,-1,-1,77,177,78
73,green,1788789495,627750131,548,384,640,480,0,-1,77,168,82
73,green,1788789495,627750131,548,384,640,480,1,-1,75,154,88
73,green,1788789495,627750131,548,384,640,480,2,-1,75,147,92
73,green,1788789495,627750131,548,384,640,480,3,-1,74,139,92
73,green,1788789495,627750131,548,384,640,480,4,-1,74,133,92
73,green,1788789495,627750131,548,384,640,480,5,-1,74,133,92
73,green,1788789495,627750131,548,384,640,480,-5,0,78,165,93
73,green,1788789495,627750131,548,384,640,480,-4,0,79,171,88
73,green,1788789495,627750131,548,384,640,480,-3,0,78,174,85
73,green,1788789495,627750131,548,384,640,480,-2,0,78,185,80
73,green,1788789495,627750131,548,384,640,480,-1,0,77,183,78
73,green,1788789495,627750131,548,384,640,480,0,0,77,179,80
73,green,1788789495,627750131,548,384,640,480,1,0,76,164,87
73,green,1788789495,627750131,548,384,640,480,2,0,76,146,94
73,green,1788789495,627750131,548,384,640,480,3,0,75,135,100
73,green,1788789495,627750131,548,384,640,480,4,0,74,150,90
73,green,1788789495,627750131,548,384,640,480,5,0,74,142,90
73,green,1788789495,627750131,548,384,640,480,-5,1,79,171,88
73,green,1788789495,627750131,548,384,640,480,-4,1,79,165,91
73,green,1788789495,627750131,548,384,640,480,-3,1,79,173,87
73,green,1788789495,627750131,548,384,640,480,-2,1,78,180,82
73,green,1788789495,627750131,548,384,640,480,-1,1,78,187,79
73,green,1788789495,627750131,548,384,640,480,0,1,77,185,80
73,green,1788789495,627750131,548,384,640,480,1,1,77,166,86
73,green,1788789495,627750131,548,384,640,480,2,1,76,150,92
73,green,1788789495,627750131,548,384,640,480,3,1,76,142,97
73,green,1788789495,627750131,548,384,640,480,4,1,74,149,91
73,green,1788789495,627750131,548,384,640,480,5,1,74,149,91
73,green,1788789495,627750131,548,384,640,480,-5,2,78,163,91
73,green,1788789495,627750131,548,384,640,480,-4,2,78,159,93
73,green,1788789495,627750131,548,384,640,480,-3,2,78,166,89
73,green,1788789495,627750131,548,384,640,480,-2,2,77,169,83
73,green,1788789495,627750131,548,384,640,480,-1,2,77,178,79
73,green,1788789495,627750131,548,384,640,480,0,2,77,176,81
73,green,1788789495,627750131,548,384,640,480,1,2,77,168,85
73,green,1788789495,627750131,548,384,640,480,2,2,76,153,90
73,green,1788789495,627750131,548,384,640,480,3,2,76,146,94
73,green,1788789495,627750131,548,384,640,480,4,2,74,149,91
73,green,1788789495,627750131,548,384,640,480,5,2,74,149,91
73,green,1788789495,627750131,548,384,640,480,-5,3,77,154,91
73,green,1788789495,627750131,548,384,640,480,-4,3,77,152,92
73,green,1788789495,627750131,548,384,640,480,-3,3,77,159,88
73,green,1788789495,627750131,548,384,640,480,-2,3,77,169,83
73,green,1788789495,627750131,548,384,640,480,-1,3,77,172,80
73,green,1788789495,627750131,548,384,640,480,0,3,77,170,81
73,green,1788789495,627750131,548,384,640,480,1,3,76,162,85
73,green,1788789495,627750131,548,384,640,480,2,3,76,151,91
73,green,1788789495,627750131,548,384,640,480,3,3,74,144,94
73,green,1788789495,627750131,548,384,640,480,4,3,74,147,92
73,green,1788789495,627750131,548,384,640,480,5,3,74,140,91
73,green,1788789495,627750131,548,384,640,480,-5,4,77,162,82
73,green,1788789495,627750131,548,384,640,480,-4,4,77,155,89
73,green,1788789495,627750131,548,384,640,480,-3,4,77,158,87
73,green,1788789495,627750131,548,384,640,480,-2,4,77,166,83
73,green,1788789495,627750131,548,384,640,480,-1,4,75,167,81
73,green,1788789495,627750131,548,384,640,480,0,4,75,165,82
73,green,1788789495,627750131,548,384,640,480,1,4,75,155,87
73,green,1788789495,627750131,548,384,640,480,2,4,75,147,92
73,green,1788789495,627750131,548,384,640,480,3,4,74,134,95
73,green,1788789495,627750131,548,384,640,480,4,4,74,140,91
73,green,1788789495,627750131,548,384,640,480,5,4,72,137,91
73,green,1788789495,627750131,548,384,640,480,-5,5,75,155,79
73,green,1788789495,627750131,548,384,640,480,-4,5,75,141,87
73,green,1788789495,627750131,548,384,640,480,-3,5,75,150,85
73,green,1788789495,627750131,548,384,640,480,-2,5,75,155,82
73,green,1788789495,627750131,548,384,640,480,-1,5,75,157,81
73,green,1788789495,627750131,548,384,640,480,0,5,75,149,82
73,green,1788789495,627750131,548,384,640,480,1,5,74,142,86
73,green,1788789495,627750131,548,384,640,480,2,5,74,135,91
73,green,1788789495,627750131,548,384,640,480,3,5,74,130,94
73,green,1788789495,627750131,548,384,640,480,4,5,72,129,91
73,green,1788789495,627750131,548,384,640,480,5,5,72,129,91
74,green,1788789497,127553532,538,117,640,480,-5,-5,82,250,105
74,green,1788789497,127553532,538,117,640,480,-4,-5,82,250,106
74,green,1788789497,127553532,538,117,640,480,-3,-5,82,250,106
74,green,1788789497,127553532,538,117,640,480,-2,-5,82,241,110
74,green,1788789497,127553532,538,117,640,480,-1,-5,82,243,109
74,green,1788789497,127553532,538,117,640,480,0,-5,82,255,107
74,green,1788789497,127553532,538,117,640,480,1,-5,82,255,105
74,green,1788789497,127553532,538,117,640,480,2,-5,82,255,105
74,green,1788789497,127553532,538,117,640,480,3,-5,82,255,106
74,green,1788789497,127553532,538,117,640,480,4,-5,82,255,107
74,green,1788789497,127553532,538,117,640,480,5,-5,82,255,107
74,green,1788789497,127553532,538,117,640,480,-5,-4,82,250,105
74,green,1788789497,127553532,538,117,640,480,-4,-4,82,253,105
74,green,1788789497,127553532,538,117,640,480,-3,-4,82,250,106
74,green,1788789497,127553532,538,117,640,480,-2,-4,82,241,110
74,green,1788789497,127553532,538,117,640,480,-1,-4,82,243,109
74,green,1788789497,127553532,538,117,640,480,0,-4,82,253,108
74,green,1788789497,127553532,538,117,640,480,1,-4,82,255,107
74,green,1788789497,127553532,538,117,640,480,2,-4,82,255,107
74,green,1788789497,127553532,538,117,640,480,3,-4,82,255,108
74,green,1788789497,127553532,538,117,640,480,4,-4,82,255,109
74,green,1788789497,127553532,538,117,640,480,5,-4,82,253,110
74,green,1788789497,127553532,538,117,640,480,-5,-3,82,253,104
74,green,1788789497,127553532,538,117,640,480,-4,-3,82,253,105
74,green,1788789497,127553532,538,117,640,480,-3,-3,82,253,105
74,green,1788789497,127553532,538,117,640,480,-2,-3,82,243,109
74,green,1788789497,127553532,538,117,640,480,-1,-3,82,246,108
74,green,1788789497,127553532,538,117,640,480,0,-3,82,253,108
74,green,1788789497,127553532,538,117,640,480,1,-3,82,255,107
74,green,1788789497,127553532,538,117,640,480,2,-3,82,255,109
74,green,1788789497,127553532,538,117,640,480,3,-3,82,253,110
74,green,1788789497,127553532,538,117,640,480,4,-3,82,248,112
74,green,1788789497,127553532,538,117,640,480,5,-3,82,246,113
74,green,1788789497,127553532,538,117,640,480,-5,-2,82,253,104
74,green,1788789497,127553532,538,117,640,480,-4,-2,82,253,105
74,green,1788789497,127553532,538,117,640,480,-3,-2,82,253,105
74,green,1788789497,127553532,538,117,640,480,-2,-2,82,248,107
74,green,1788789497,127553532,538,117,640,480,-1,-2,82,250,106
74,green,1788789497,127553532,538,117,640,480,0,-2,82,255,106
74,green,1788789497,127553532,538,117,640,480,1,-2,82,255,106
74,green,1788789497,127553532,538,117,640,480,2,-2,82,255,108
74,green,1788789497,127553532,538,117,640,480,3,-2,82,253,110
74,green,1788789497,127553532,538,117,640,480,4,-2,82,246,113
74,green,1788789497,127553532,538,117,640,480,5,-2,82,244,114
74,green,1788789497,127553532,538,117,640,480,-5,-1,82,253,104
74,green,1788789497,127553532,538,117,640,480,-4,-1,82,255,104
74,green,1788789497,127553532,538,117,640,480,-3,-1,82,255,104
74,green,1788789497,127553532,538,117,640,480,-2,-1,82,253,105
74,green,1788789497,127553532,538,117,640,480,-1,-1,82,255,104
74,green,1788789497,127553532,538,117,640,480,0,-1,82,255,104
74,green,1788789497,127553532,538,117,640,480,1,-1,82,255,105
74,green,1788789497,127553532,538,117,640,480,2,-1,82,255,107
74,green,1788789497,127553532,538,117,640,480,3,-1,82,255,109
74,green,1788789497,127553532,538,117,640,480,4,-1,82,248,112
74,green,1788789497,127553532,538,117,640,480,5,-1,82,244,114
74,green,1788789497,127553532,538,117,640,480,-5,0,82,255,103
74,green,1788789497,127553532,538,117,640,480,-4,0,82,255,103
74,green,1788789497,127553532,538,117,640,480,-3,0,82,255,104
74,green,1788789497,127553532,538,117,640,480,-2,0,82,253,105
74,green,1788789497,127553532,538,117,640,480,-1,0,82,255,104
74,green,1788789497,127553532,538,117,640,480,0,0,82,255,104
74,green,1788789497,127553532,538,117,640,480,1,0,82,255,104
74,green,1788789497,127553532,538,117,640,480,2,0,82,255,106
74,green,1788789497,127553532,538,117,640,480,3,0,82,255,108
74,green,1788789497,127553532,538,117,640,480,4,0,82,250,111
74,green,1788789497,127553532,538,117,640,480,5,0,82,248,112
74,green,1788789497,127553532,538,117,640,480,-5,1,82,255,103
74,green,1788789497,127553532,538,117,640,480,-4,1,82,255,103
74,green,1788789497,127553532,538,117,640,480,-3,1,82,255,103
74,green,1788789497,127553532,538,117,640,480,-2,1,82,248,107
74,green,1788789497,127553532,538,117,640,480,-1,1,82,250,106
74,green,1788789497,127553532,538,117,640,480,0,1,82,255,106
74,green,1788789497,127553532,538,117,640,480,1,1,82,255,105
74,green,1788789497,127553532,538,117,640,480,2,1,82,255,107
74,green,1788789497,127553532,538,117,640,480,3,1,82,255,109
74,green,1788789497,127553532,538,117,640,480,4,1,82,250,111
74,green,1788789497,127553532,538,117,640,480,5,1,82,246,113
74,green,1788789497,127553532,538,117,640,480,-5,2,82,255,103
74,green,1788789497,127553532,538,117,640,480,-4,2,82,255,103
74,green,1788789497,127553532,538,117,640,480,-3,2,82,255,103
74,green,1788789497,127553532,538,117,640,480,-2,2,82,243,109
74,green,1788789497,127553532,538,117,640,480,-1,2,82,246,108
74,green,1788789497,127553532,538,117,640,480,0,2,82,253,108
74,green,1788789497,127553532,538,117,640,480,1,2,82,255,107
74,green,1788789497,127553532,538,117,640,480,2,2,82,255,108
74,green,1788789497,127553532,538,117,640,480,3,2,82,253,110
74,green,1788789497,127553532,538,117,640,480,4,2,82,248,112
74,green,1788789497,127553532,538,117,640,480,5,2,82,246,113
74,green,1788789497,127553532,538,117,640,480,-5,3,82,243,108
74,green,1788789497,127553532,538,117,640,480,-4,3,82,253,105
74,green,1788789497,127553532,538,117,640,480,-3,3,82,255,104
74,green,1788789497,127553532,538,117,640,480,-2,3,82,248,107
74,green,1788789497,127553532,538,117,640,480,-1,3,82,250,106
74,green,1788789497,127553532,538,117,640,480,0,3,82,255,106
74,green,1788789497,127553532,538,117,640,480,1,3,82,255,106
74,green,1788789497,127553532,538,117,640,480,2,3,82,255,107
74,green,1788789497,127553532,538,117,640,480,3,3,82,255,107
74,green,1788789497,127553532,538,117,640,480,4,3,82,255,108
74,green,1788789497,127553532,538,117,640,480,5,3,82,255,109
74,green,1788789497,127553532,538,117,640,480,-5,4,82,250,105
74,green,1788789497,127553532,538,117,640,480,-4,4,82,253,105
74,green,1788789497,127553532,538,117,640,480,-3,4,82,253,105
74,green,1788789497,127553532,538,117,640,480,-2,4,82,248,107
74,green,1788789497,127553532,538,117,640,480,-1,4,82,250,106
74,green,1788789497,127553532,538,117,640,480,0,4,82,255,106
74,green,1788789497,127553532,538,117,640,480,1,4,82,255,106
74,green,1788789497,127553532,538,117,640,480,2,4,82,255,107
74,green,1788789497,127553532,538,117,640,480,3,4,82,255,107
74,green,1788789497,127553532,538,117,640,480,4,4,82,255,108
74,green,1788789497,127553532,538,117,640,480,5,4,82,255,109
74,green,1788789497,127553532,538,117,640,480,-5,5,82,255,102
74,green,1788789497,127553532,538,117,640,480,-4,5,82,255,104
74,green,1788789497,127553532,538,117,640,480,-3,5,82,253,105
74,green,1788789497,127553532,538,117,640,480,-2,5,82,248,107
74,green,1788789497,127553532,538,117,640,480,-1,5,82,250,106
74,green,1788789497,127553532,538,117,640,480,0,5,82,255,106
74,green,1788789497,127553532,538,117,640,480,1,5,82,255,106
74,green,1788789497,127553532,538,117,640,480,2,5,82,255,107
74,green,1788789497,127553532,538,117,640,480,3,5,82,255,107
74,green,1788789497,127553532,538,117,640,480,4,5,82,255,108
74,green,1788789497,127553532,538,117,640,480,5,5,82,255,109
75,green,1788789497,749374604,543,156,640,480,-5,-5,82,255,104
75,green,1788789497,749374604,543,156,640,480,-4,-5,82,253,105
75,green,1788789497,749374604,543,156,640,480,-3,-5,82,246,108
75,green,1788789497,749374604,543,156,640,480,-2,-5,82,243,109
75,green,1788789497,749374604,543,156,640,480,-1,-5,82,255,107
75,green,1788789497,749374604,543,156,640,480,0,-5,82,255,104
75,green,1788789497,749374604,543,156,640,480,1,-5,82,255,108
75,green,1788789497,749374604,543,156,640,480,2,-5,82,253,110
75,green,1788789497,749374604,543,156,640,480,3,-5,82,250,111
75,green,1788789497,749374604,543,156,640,480,4,-5,82,250,111
75,green,1788789497,749374604,543,156,640,480,5,-5,82,255,110
75,green,1788789497,749374604,543,156,640,480,-5,-4,82,241,110
75,green,1788789497,749374604,543,156,640,480,-4,-4,82,243,109
75,green,1788789497,749374604,543,156,640,480,-3,-4,82,246,108
75,green,1788789497,749374604,543,156,640,480,-2,-4,82,246,108
75,green,1788789497,749374604,543,156,640,480,-1,-4,82,250,109
75,green,1788789497,749374604,543,156,640,480,0,-4,82,248,110
75,green,1788789497,749374604,543,156,640,480,1,-4,82,255,104
75,green,1788789497,749374604,543,156,640,480,2,-4,82,255,107
75,green,1788789497,749374604,543,156,640,480,3,-4,82,253,110
75,green,1788789497,749374604,543,156,640,480,4,-4,82,253,110
75,green,1788789497,749374604,543,156,640,480,5,-4,82,255,108
75,green,1788789497,749374604,543,156,640,480,-5,-3,82,243,109
75,green,1788789497,749374604,543,156,640,480,-4,-3,82,246,108
75,green,1788789497,749374604,543,156,640,480,-3,-3,82,246,108
75,green,1788789497,749374604,543,156,640,480,-2,-3,82,246,108
75,green,1788789497,749374604,543,156,640,480,-1,-3,82,248,110
75,green,1788789497,749374604,543,156,640,480,0,-3,82,246,111
75,green,1788789497,749374604,543,156,640,480,1,-3,82,255,107
75,green,1788789497,749374604,543,156,640,480,2,-3,82,253,110
75,green,1788789497,749374604,543,156,640,480,3,-3,82,246,113
75,green,1788789497,749374604,543,156,640,480,4,-3,82,246,113
75,green,1788789497,749374604,543,156,640,480,5,-3,82,255,110
75,green,1788789497,749374604,543,156,640,480,-5,-2,82,246,108
75,green,1788789497,749374604,543,156,640,480,-4,-2,82,246,108
75,green,1788789497,749374604,543,156,640,480,-3,-2,82,246,108
75,green,1788789497,749374604,543,156,640,480,-2,-2,82,243,109
75,green,1788789497,749374604,543,156,640,480,-1,-2,82,246,111
75,green,1788789497,749374604,543,156,640,480,0,-2,82,244,112
75,green,1788789497,749374604,543,156,640,480,1,-2,82,253,110
75,green,1788789497,749374604,543,156,640,480,2,-2,82,248,112
75,green,1788789497,749374604,543,156,640,480,3,-2,82,244,114
75,green,1788789497,749374604,543,156,640,480,4,-2,82,246,113
75,green,1788789497,749374604,543,156,640,480,5,-2,82,255,110
75,green,1788789497,749374604,543,156,640,480,-5,-1,82,248,107
75,green,1788789497,749374604,543,156,640,480,-4,-1,82,248,107
75,green,1788789497,749374604,543,156,640,480,-3,-1,82,246,108
75,green,1788789497,749374604,543,156,640,480,-2,-1,82,243,109
75,green,1788789497,749374604,543,156,640,480,-1,-1,82,246,111
75,green,1788789497,749374604,543,156,640,480,0,-1,82,244,112
75,green,1788789497,749374604,543,156,640,480,1,-1,82,250,111
75,green,1788789497,749374604,543,156,640,480,2,-1,82,246,113
75,green,1788789497,749374604,543,156,640,480,3,-1,82,244,114
75,green,1788789497,749374604,543,156,640,480,4,-1,82,248,112
75,green,1788789497,749374604,543,156,640,480,5,-1,82,255,109
75,green,1788789497,749374604,543,156,640,480,-5,0,82,248,107
75,green,1788789497,749374604,543,156,640,480,-4,0,82,248,107
75,green,1788789497,749374604,543,156,640,480,-3,0,82,248,107
75,green,1788789497,749374604,543,156,640,480,-2,0,82,243,109
75,green,1788789497,749374604,543,156,640,480,-1,0,82,246,111
75,green,1788789497,749374604,543,156,640,480,0,0,82,244,112
75,green,1788789497,749374604,543,156,640,480,1,0,82,242,115
75,green,1788789497,749374604,543,156,640,480,2,0,82,240,116
75,green,1788789497,749374604,543,156,640,480,3,0,82,240,116
75,green,1788789497,749374604,543,156,640,480,4,0,82,244,114
75,green,1788789497,749374604,543,156,640,480,5,0,82,253,111
75,green,1788789497,749374604,543,156,640,480,-5,1,82,248,107
75,green,1788789497,749374604,543,156,640,480,-4,1,82,250,106
75,green,1788789497,749374604,543,156,640,480,-3,1,82,248,107
75,green,1788789497,749374604,543,156,640,480,-2,1,82,246,108
75,green,1788789497,749374604,543,156,640,480,-1,1,82,248,110
75,green,1788789497,749374604,543,156,640,480,0,1,82,248,110
75,green,1788789497,749374604,543,156,640,480,1,1,82,236,118
75,green,1788789497,749374604,543,156,640,480,2,1,82,234,119
75,green,1788789497,749374604,543,156,640,480,3,1,82,234,119
75,green,1788789497,749374604,543,156,640,480,4,1,82,238,117
75,green,1788789497,749374604,543,156,640,480,5,1,82,246,114
75,green,1788789497,749374604,543,156,640,480,-5,2,82,248,107
75,green,1788789497,749374604,543,156,640,480,-4,2,82,250,106
75,green,1788789497,749374604,543,156,640,480,-3,2,82,250,106
75,green,1788789497,749374604,543,156,640,480,-2,2,82,250,106
75,green,1788789497,749374604,543,156,640,480,-1,2,82,253,108
75,green,1788789497,749374604,543,156,640,480,0,2,82,253,108
75,green,1788789497,749374604,543,156,640,480,1,2,82,242,115
75,green,1788789497,749374604,543,156,640,480,2,2,82,240,116
75,green,1788789497,749374604,543,156,640,480,3,2,82,240,116
75,green,1788789497,749374604,543,156,640,480,4,2,82,244,114
75,green,1788789497,749374604,543,156,640,480,5,2,82,250,112
75,green,1788789497,749374604,543,156,640,480,-5,3,82,246,108
75,green,1788789497,749374604,543,156,640,480,-4,3,82,250,106
75,green,1788789497,749374604,543,156,640,480,-3,3,82,250,106
75,green,1788789497,749374604,543,156,640,480,-2,3,82,255,107
75,green,1788789497,749374604,543,156,640,480,-1,3,82,255,107
75,green,1788789497,749374604,543,156,640,480,0,3,82,255,107
75,green,1788789497,749374604,543,156,640,480,1,3,82,253,110
75,green,1788789497,749374604,543,156,640,480,2,3,82,250,111
75,green,1788789497,749374604,543,156,640,480,3,3,82,250,111
75,green,1788789497,749374604,543,156,640,480,4,3,82,255,109
75,green,1788789497,749374604,543,156,640,480,5,3,82,255,107
75,green,1788789497,749374604,543,156,640,480,-5,4,82,243,109
75,green,1788789497,749374604,543,156,640,480,-4,4,82,246,111
75,green,1788789497,749374604,543,156,640,480,-3,4,82,248,110
75,green,1788789497,749374604,543,156,640,480,-2,4,82,253,110
75,green,1788789497,749374604,543,156,640,480,-1,4,82,255,109
75,green,1788789497,749374604,543,156,640,480,0,4,82,255,108
75,green,1788789497,749374604,543,156,640,480,1,4,82,239,114
75,green,1788789497,749374604,543,156,640,480,2,4,82,244,112
75,green,1788789497,749374604,543,156,640,480,3,4,81,248,112
75,green,1788789497,749374604,543,156,640,480,4,4,81,250,111
75,green,1788789497,749374604,543,156,640,480,5,4,81,248,112
75,green,1788789497,749374604,543,156,640,480,-5,5,82,248,110
75,green,1788789497,749374604,543,156,640,480,-4,5,82,248,110
75,green,1788789497,749374604,543,156,640,480,-3,5,82,253,110
75,green,1788789497,749374604,543,156,640,480,-2,5,82,253,110
75,green,1788789497,749374604,543,156,640,480,-1,5,82,255,109
75,green,1788789497,749374604,543,156,640,480,0,5,82,255,109
75,green,1788789497,749374604,543,156,640,480,1,5,82,241,113
75,green,1788789497,749374604,543,156,640,480,2,5,82,244,112
75,green,1788789497,749374604,543,156,640,480,3,5,81,248,112
75,green,1788789497,749374604,543,156,640,480,4,5,81,248,112
75,green,1788789497,749374604,543,156,640,480,5,5,81,248,112
76,green,1788789498,376536957,543,168,640,480,-5,-5,81,250,111
76,green,1788789498,376536957,543,168,640,480,-4,-5,81,250,111
76,green,1788789498,376536957,543,168,640,480,-3,-5,82,248,110
76,green,1788789498,376536957,543,168,640,480,-2,-5,82,253,108
76,green,1788789498,376536957,543,168,640,480,-1,-5,81,250,107
76,green,1788789498,376536957,543,168,640,480,0,-5,81,255,106
76,green,1788789498,376536957,543,168,640,480,1,-5,82,253,108
76,green,1788789498,376536957,543,168,640,480,2,-5,81,253,110
76,green,1788789498,376536957,543,168,640,480,3,-5,81,253,110
76,green,1788789498,376536957,543,168,640,480,4,-5,81,253,110
76,green,1788789498,376536957,543,168,640,480,5,-5,81,253,110
76,green,1788789498,376536957,543,168,640,480,-5,-4,81,248,112
76,green,1788789498,376536957,543,168,640,480,-4,-4,81,248,112
76,green,1788789498,376536957,543,168,640,480,-3,-4,82,248,110
76,green,1788789498,376536957,543,168,640,480,-2,-4,82,250,109
76,green,1788789498,376536957,543,168,640,480,-1,-4,81,248,108
76,green,1788789498,376536957,543,168,640,480,0,-4,82,255,107
76,green,1788789498,376536957,543,168,640,480,1,-4,82,253,108
76,green,1788789498,376536957,543,168,640,480,2,-4,81,255,109
76,green,1788789498,376536957,543,168,640,480,3,-4,81,255,109
76,green,1788789498,376536957,543,168,640,480,4,-4,81,253,110
76,green,1788789498,376536957,543,168,640,480,5,-4,81,250,111
76,green,1788789498,376536957,543,168,640,480,-5,-3,81,248,112
76,green,1788789498,376536957,543,168,640,480,-4,-3,81,248,112
76,green,1788789498,376536957,543,168,640,480,-3,-3,82,246,111
76,green,1788789498,376536957,543,168,640,480,-2,-3,82,248,110
76,green,1788789498,376536957,543,168,640,480,-1,-3,81,246,109
76,green,1788789498,376536957,543,168,640,480,0,-3,82,253,108
76,green,1788789498,376536957,543,168,640,480,1,-3,82,255,107
76,green,1788789498,376536957,543,168,640,480,2,-3,81,255,108
76,green,1788789498,376536957,543,168,640,480,3,-3,81,255,109
76,green,1788789498,376536957,543,168,640,480,4,-3,81,253,110
76,green,1788789498,376536957,543,168,640,480,5,-3,81,250,111
76,green,1788789498,376536957,543,168,640,480,-5,-2,81,250,111
76,green,1788789498,376536957,543,168,640,480,-4,-2,81,248,112
76,green,1788789498,376536957,543,168,640,480,-3,-2,82,246,111
76,green,1788789498,376536957,543,168,640,480,-2,-2,82,246,111
76,green,1788789498,376536957,543,168,640,480,-1,-2,81,241,111
76,green,1788789498,376536957,543,168,640,480,0,-2,82,248,110
76,green,1788789498,376536957,543,168,640,480,1,-2,82,255,107
76,green,1788789498,376536957,543,168,640,480,2,-2,81,255,108
76,green,1788789498,376536957,543,168,640,480,3,-2,81,255,109
76,green,1788789498,376536957,543,168,640,480,4,-2,81,253,110
76,green,1788789498,376536957,543,168,640,480,5,-2,81,250,111
76,green,1788789498,376536957,543,168,640,480,-5,-1,81,250,111
76,green,1788789498,376536957,543,168,640,480,-4,-1,81,248,112
76,green,1788789498,376536957,543,168,640,480,-3,-1,82,244,112
76,green,1788789498,376536957,543,168,640,480,-2,-1,82,244,112
76,green,1788789498,376536957,543,168,640,480,-1,-1,81,239,112
76,green,1788789498,376536957,543,168,640,480,0,-1,82,246,111
76,green,1788789498,376536957,543,168,640,480,1,-1,81,255,106
76,green,1788789498,376536957,543,168,640,480,2,-1,81,255,108
76,green,1788789498,376536957,543,168,640,480,3,-1,81,255,109
76,green,1788789498,376536957,543,168,640,480,4,-1,81,253,110
76,green,1788789498,376536957,543,168,640,480,5,-1,81,250,111
76,green,1788789498,376536957,543,168,640,480,-5,0,81,255,107
76,green,1788789498,376536957,543,168,640,480,-4,0,81,255,107
76,green,1788789498,376536957,543,168,640,480,-3,0,82,255,107
76,green,1788789498,376536957,543,168,640,480,-2,0,82,250,109
76,green,1788789498,376536957,543,168,640,480,-1,0,81,241,111
76,green,1788789498,376536957,543,168,640,480,0,0,82,244,112
76,green,1788789498,376536957,543,168,640,480,1,0,82,239,114
76,green,1788789498,376536957,543,168,640,480,2,0,81,246,113
76,green,1788789498,376536957,543,168,640,480,3,0,81,250,111
76,green,1788789498,376536957,543,168,640,480,4,0,81,255,109
76,green,1788789498,376536957,543,168,640,480,5,0,81,255,109
76,green,1788789498,376536957,543,168,640,480,-5,1,81,255,106
76,green,1788789498,376536957,543,168,640,480,-4,1,81,255,106
76,green,1788789498,376536957,543,168,640,480,-3,1,81,255,106
76,green,1788789498,376536957,543,168,640,480,-2,1,82,253,108
76,green,1788789498,376536957,543,168,640,480,-1,1,81,243,110
76,green,1788789498,376536957,543,168,640,480,0,1,82,246,111
76,green,1788789498,376536957,543,168,640,480,1,1,82,246,111
76,green,1788789498,376536957,543,168,640,480,2,1,81,250,111
76,green,1788789498,376536957,543,168,640,480,3,1,81,255,109
76,green,1788789498,376536957,543,168,640,480,4,1,81,255,107
76,green,1788789498,376536957,543,168,640,480,5,1,81,255,108
76,green,1788789498,376536957,543,168,640,480,-5,2,81,255,108
76,green,1788789498,376536957,543,168,640,480,-4,2,81,255,108
76,green,1788789498,376536957,543,168,640,480,-3,2,82,253,108
76,green,1788789498,376536957,543,168,640,480,-2,2,82,248,110
76,green,1788789498,376536957,543,168,640,480,-1,2,81,241,111
76,green,1788789498,376536957,543,168,640,480,0,2,82,244,112
76,green,1788789498,376536957,543,168,640,480,1,2,82,253,108
76,green,1788789498,376536957,543,168,640,480,2,2,81,255,108
76,green,1788789498,376536957,543,168,640,480,3,2,81,255,107
76,green,1788789498,376536957,543,168,640,480,4,2,81,255,106
76,green,1788789498,376536957,543,168,640,480,5,2,81,255,107
76,green,1788789498,376536957,543,168,640,480,-5,3,81,250,111
76,green,1788789498,376536957,543,168,640,480,-4,3,81,250,111
76,green,1788789498,376536957,543,168,640,480,-3,3,82,246,111
76,green,1788789498,376536957,543,168,640,480,-2,3,82,244,112
76,green,1788789498,376536957,543,168,640,480,-1,3,81,237,113
76,green,1788789498,376536957,543,168,640,480,0,3,82,239,114
76,green,1788789498,376536957,543,168,640,480,1,3,82,255,107
76,green,1788789498,376536957,543,168,640,480,2,3,81,255,107
76,green,1788789498,376536957,543,168,640,480,3,3,81,255,107
76,green,1788789498,376536957,543,168,640,480,4,3,81,255,108
76,green,1788789498,376536957,543,168,640,480,5,3,81,255,109
76,green,1788789498,376536957,543,168,640,480,-5,4,81,253,110
76,green,1788789498,376536957,543,168,640,480,-4,4,81,250,111
76,green,1788789498,376536957,543,168,640,480,-3,4,82,246,111
76,green,1788789498,376536957,543,168,640,480,-2,4,82,244,112
76,green,1788789498,376536957,543,168,640,480,-1,4,81,239,112
76,green,1788789498,376536957,543,168,640,480,0,4,82,244,112
76,green,1788789498,376536957,543,168,640,480,1,4,82,253,108
76,green,1788789498,376536957,543,168,640,480,2,4,81,255,109
76,green,1788789498,376536957,543,168,640,480,3,4,81,255,109
76,green,1788789498,376536957,543,168,640,480,4,4,81,253,110
76,green,1788789498,376536957,543,168,640,480,5,4,81,250,111
76,green,1788789498,376536957,543,168,640,480,-5,5,81,255,107
76,green,1788789498,376536957,543,168,640,480,-4,5,81,255,109
76,green,1788789498,376536957,543,168,640,480,-3,5,82,250,109
76,green,1788789498,376536957,543,168,640,480,-2,5,82,250,109
76,green,1788789498,376536957,543,168,640,480,-1,5,81,246,109
76,green,1788789498,376536957,543,168,640,480,0,5,82,250,109
76,green,1788789498,376536957,543,168,640,480,1,5,82,250,109
76,green,1788789498,376536957,543,168,640,480,2,5,81,253,110
76,green,1788789498,376536957,543,168,640,480,3,5,81,250,111
76,green,1788789498,376536957,543,168,640,480,4,5,81,250,111
76,green,1788789498,376536957,543,168,640,480,5,5,81,248,112
77,green,1788789498,999386729,542,196,640,480,-5,-5,82,238,105
77,green,1788789498,999386729,542,196,640,480,-4,-5,82,236,106
77,green,1788789498,999386729,542,196,640,480,-3,-5,82,236,108
77,green,1788789498,999386729,542,196,640,480,-2,-5,82,232,110
77,green,1788789498,999386729,542,196,640,480,-1,-5,82,228,112
77,green,1788789498,999386729,542,196,640,480,0,-5,82,224,114
77,green,1788789498,999386729,542,196,640,480,1,-5,82,226,116
77,green,1788789498,999386729,542,196,640,480,2,-5,82,239,110
77,green,1788789498,999386729,542,196,640,480,3,-5,81,243,110
77,green,1788789498,999386729,542,196,640,480,4,-5,82,248,106
77,green,1788789498,999386729,542,196,640,480,5,-5,81,255,105
77,green,1788789498,999386729,542,196,640,480,-5,-4,82,245,100
77,green,1788789498,999386729,542,196,640,480,-4,-4,82,245,100
77,green,1788789498,999386729,542,196,640,480,-3,-4,82,240,105
77,green,1788789498,999386729,542,196,640,480,-2,-4,82,227,111
77,green,1788789498,999386729,542,196,640,480,-1,-4,82,221,114
77,green,1788789498,999386729,542,196,640,480,0,-4,82,223,113
77,green,1788789498,999386729,542,196,640,480,1,-4,82,232,110
77,green,1788789498,999386729,542,196,640,480,2,-4,81,233,115
77,green,1788789498,999386729,542,196,640,480,3,-4,81,237,116
77,green,1788789498,999386729,542,196,640,480,4,-4,81,239,112
77,green,1788789498,999386729,542,196,640,480,5,-4,81,250,110
77,green,1788789498,999386729,542,196,640,480,-5,-3,82,242,101
77,green,1788789498,999386729,542,196,640,480,-4,-3,82,242,101
77,green,1788789498,999386729,542,196,640,480,-3,-3,82,238,106
77,green,1788789498,999386729,542,196,640,480,-2,-3,82,229,110
77,green,1788789498,999386729,542,196,640,480,-1,-3,82,225,112
77,green,1788789498,999386729,542,196,640,480,0,-3,82,227,111
77,green,1788789498,999386729,542,196,640,480,1,-3,81,234,110
77,green,1788789498,999386729,542,196,640,480,2,-3,81,229,117
77,green,1788789498,999386729,542,196,640,480,3,-3,81,235,117
77,green,1788789498,999386729,542,196,640,480,4,-3,81,239,115
77,green,1788789498,999386729,542,196,640,480,5,-3,81,246,112
77,green,1788789498,999386729,542,196,640,480,-5,-2,82,243,104
77,green,1788789498,999386729,542,196,640,480,-4,-2,82,243,104
77,green,1788789498,999386729,542,196,640,480,-3,-2,82,241,106
77,green,1788789498,999386729,542,196,640,480,-2,-2,82,234,109
77,green,1788789498,999386729,542,196,640,480,-1,-2,82,232,110
77,green,1788789498,999386729,542,196,640,480,0,-2,82,234,109
77,green,1788789498,999386729,542,196,640,480,1,-2,81,238,108
77,green,1788789498,999386729,542,196,640,480,2,-2,81,229,117
77,green,1788789498,999386729,542,196,640,480,3,-2,81,229,117
77,green,1788789498,999386729,542,196,640,480,4,-2,81,231,116
77,green,1788789498,999386729,542,196,640,480,5,-2,81,237,113
77,green,1788789498,999386729,542,196,640,480,-5,-1,82,241,106
77,green,1788789498,999386729,542,196,640,480,-4,-1,82,241,106
77,green,1788789498,999386729,542,196,640,480,-3,-1,82,243,108
77,green,1788789498,999386729,542,196,640,480,-2,-1,82,236,108
77,green,1788789498,999386729,542,196,640,480,-1,-1,82,243,108
77,green,1788789498,999386729,542,196,640,480,0,-1,82,241,106
77,green,1788789498,999386729,542,196,640,480,1,-1,81,248,106
77,green,1788789498,999386729,542,196,640,480,2,-1,81,237,113
77,green,1788789498,999386729,542,196,640,480,3,-1,81,233,115
77,green,1788789498,999386729,542,196,640,480,4,-1,81,231,116
77,green,1788789498,999386729,542,196,640,480,5,-1,81,235,114
77,green,1788789498,999386729,542,196,640,480,-5,0,82,243,108
77,green,1788789498,999386729,542,196,640,480,-4,0,82,243,108
77,green,1788789498,999386729,542,196,640,480,-3,0,81,246,109
77,green,1788789498,999386729,542,196,640,480,-2,0,82,245,107
77,green,1788789498,999386729,542,196,640,480,-1,0,81,250,107
77,green,1788789498,999386729,542,196,640,480,0,0,82,250,105
77,green,1788789498,999386729,542,196,640,480,1,0,81,253,106
77,green,1788789498,999386729,542,196,640,480,2,0,81,248,108
77,green,1788789498,999386729,542,196,640,480,3,0,81,241,111
77,green,1788789498,999386729,542,196,640,480,4,0,81,237,113
77,green,1788789498,999386729,542,196,640,480,5,0,81,237,113
77,green,1788789498,999386729,542,196,640,480,-5,1,81,248,108
77,green,1788789498,999386729,542,196,640,480,-4,1,81,243,110
77,green,1788789498,999386729,542,196,640,480,-3,1,81,246,109
77,green,1788789498,999386729,542,196,640,480,-2,1,81,250,107
77,green,1788789498,999386729,542,196,640,480,-1,1,81,255,105
77,green,1788789498,999386729,542,196,640,480,0,1,81,255,105
77,green,1788789498,999386729,542,196,640,480,1,1,81,253,106
77,green,1788789498,999386729,542,196,640,480,2,1,81,255,105
77,green,1788789498,999386729,542,196,640,480,3,1,81,248,108
77,green,1788789498,999386729,542,196,640,480,4,1,81,243,110
77,green,1788789498,999386729,542,196,640,480,5,1,81,241,111
77,green,1788789498,999386729,542,196,640,480,-5,2,81,248,108
77,green,1788789498,999386729,542,196,640,480,-4,2,81,243,110
77,green,1788789498,999386729,542,196,640,480,-3,2,82,250,109
77,green,1788789498,999386729,542,196,640,480,-2,2,81,255,106
77,green,1788789498,999386729,542,196,640,480,-1,2,81,255,105
77,green,1788789498,999386729,542,196,640,480,0,2,81,255,105
77,green,1788789498,999386729,542,196,640,480,1,2,81,255,108
77,green,1788789498,999386729,542,196,640,480,2,2,81,253,106
77,green,1788789498,999386729,542,196,640,480,3,2,81,246,108
77,green,1788789498,999386729,542,196,640,480,4,2,81,243,109
77,green,1788789498,999386729,542,196,640,480,5,2,81,243,109
77,green,1788789498,999386729,542,196,640,480,-5,3,81,250,107
77,green,1788789498,999386729,542,196,640,480,-4,3,82,248,110
77,green,1788789498,999386729,542,196,640,480,-3,3,82,250,109
77,green,1788789498,999386729,542,196,640,480,-2,3,81,255,106
77,green,1788789498,999386729,542,196,640,480,-1,3,81,255,104
77,green,1788789498,999386729,542,196,640,480,0,3,81,255,107
77,green,1788789498,999386729,542,196,640,480,1,3,81,253,109
77,green,1788789498,999386729,542,196,640,480,2,3,81,248,108
77,green,1788789498,999386729,542,196,640,480,3,3,81,243,109
77,green,1788789498,999386729,542,196,640,480,4,3,81,243,109
77,green,1788789498,999386729,542,196,640,480,5,3,81,246,108
77,green,1788789498,999386729,542,196,640,480,-5,4,81,253,106
77,green,1788789498,999386729,542,196,640,480,-4,4,82,250,109
77,green,1788789498,999386729,542,196,640,480,-3,4,82,246,111
77,green,1788789498,999386729,542,196,640,480,-2,4,82,246,111
77,green,1788789498,999386729,542,196,640,480,-1,4,82,248,110
77,green,1788789498,999386729,542,196,640,480,0,4,81,255,109
77,green,1788789498,999386729,542,196,640,480,1,4,81,255,107
77,green,1788789498,999386729,542,196,640,480,2,4,81,248,106
77,green,1788789498,999386729,542,196,640,480,3,4,81,243,106
77,green,1788789498,999386729,542,196,640,480,4,4,81,238,108
77,green,1788789498,999386729,542,196,640,480,5,4,81,234,110
77,green,1788789498,999386729,542,196,640,480,-5,5,81,253,106
77,green,1788789498,999386729,542,196,640,480,-4,5,81,248,108
77,green,1788789498,999386729,542,196,640,480,-3,5,82,250,109
77,green,1788789498,999386729,542,196,640,480,-2,5,82,248,110
77,green,1788789498,999386729,542,196,640,480,-1,5,82,250,109
77,green,1788789498,999386729,542,196,640,480,0,5,82,253,108
77,green,1788789498,999386729,542,196,640,480,1,5,81,255,108
77,green,1788789498,999386729,542,196,640,480,2,5,81,250,105
77,green,1788789498,999386729,542,196,640,480,3,5,81,243,106
77,green,1788789498,999386729,542,196,640,480,4,5,81,238,108
77,green,1788789498,999386729,542,196,640,480,5,5,81,234,110
78,green,1788789499,377648248,542,213,640,480,-5,-5,82,240,102
78,green,1788789499,377648248,542,213,640,480,-4,-5,82,245,103
78,green,1788789499,377648248,542,213,640,480,-3,-5,82,245,103
78,green,1788789499,377648248,542,213,640,480,-2,-5,82,248,103
78,green,1788789499,377648248,542,213,640,480,-1,-5,82,245,104
78,green,1788789499,377648248,542,213,640,480,0,-5,82,248,106
78,green,1788789499,377648248,542,213,640,480,1,-5,82,248,106
78,green,1788789499,377648248,542,213,640,480,2,-5,82,241,109
78,green,1788789499,377648248,542,213,640,480,3,-5,82,241,109
78,green,1788789499,377648248,542,213,640,480,4,-5,82,243,108
78,green,1788789499,377648248,542,213,640,480,5,-5,82,248,106
78,green,1788789499,377648248,542,213,640,480,-5,-4,82,247,99
78,green,1788789499,377648248,542,213,640,480,-4,-4,82,252,100
78,green,1788789499,377648248,542,213,640,480,-3,-4,82,250,101
78,green,1788789499,377648248,542,213,640,480,-2,-4,82,250,102
78,green,1788789499,377648248,542,213,640,480,-1,-4,82,245,104
78,green,1788789499,377648248,542,213,640,480,0,-4,82,248,106
78,green,1788789499,377648248,542,213,640,480,1,-4,82,245,107
78,green,1788789499,377648248,542,213,640,480,2,-4,82,239,110
78,green,1788789499,377648248,542,213,640,480,3,-4,82,239,110
78,green,1788789499,377648248,542,213,640,480,4,-4,82,241,109
78,green,1788789499,377648248,542,213,640,480,5,-4,82,245,107
78,green,1788789499,377648248,542,213,640,480,-5,-3,82,245,100
78,green,1788789499,377648248,542,213,640,480,-4,-3,82,248,102
78,green,1788789499,377648248,542,213,640,480,-3,-3,82,243,104
78,green,1788789499,377648248,542,213,640,480,-2,-3,82,243,105
78,green,1788789499,377648248,542,213,640,480,-1,-3,82,238,107
78,green,1788789499,377648248,542,213,640,480,0,-3,82,241,109
78,green,1788789499,377648248,542,213,640,480,1,-3,82,239,110
78,green,1788789499,377648248,542,213,640,480,2,-3,82,237,111
78,green,1788789499,377648248,542,213,640,480,3,-3,82,237,111
78,green,1788789499,377648248,542,213,640,480,4,-3,82,239,110
78,green,1788789499,377648248,542,213,640,480,5,-3,82,245,107
78,green,1788789499,377648248,542,213,640,480,-5,-2,82,233,105
78,green,1788789499,377648248,542,213,640,480,-4,-2,82,236,107
78,green,1788789499,377648248,542,213,640,480,-3,-2,82,232,109
78,green,1788789499,377648248,542,213,640,480,-2,-2,82,232,110
78,green,1788789499,377648248,542,213,640,480,-1,-2,82,230,111
78,green,1788789499,377648248,542,213,640,480,0,-2,82,235,112
78,green,1788789499,377648248,542,213,640,480,1,-2,82,235,112
78,green,1788789499,377648248,542,213,640,480,2,-2,82,237,111
78,green,1788789499,377648248,542,213,640,480,3,-2,82,237,111
78,green,1788789499,377648248,542,213,640,480,4,-2,82,237,111
78,green,1788789499,377648248,542,213,640,480,5,-2,82,243,108
78,green,1788789499,377648248,542,213,640,480,-5,-1,82,227,108
78,green,1788789499,377648248,542,213,640,480,-4,-1,82,229,110
78,green,1788789499,377648248,542,213,640,480,-3,-1,82,229,110
78,green,1788789499,377648248,542,213,640,480,-2,-1,82,232,110
78,green,1788789499,377648248,542,213,640,480,-1,-1,82,234,109
78,green,1788789499,377648248,542,213,640,480,0,-1,82,241,109
78,green,1788789499,377648248,542,213,640,480,1,-1,82,243,108
78,green,1788789499,377648248,542,213,640,480,2,-1,82,239,110
78,green,1788789499,377648248,542,213,640,480,3,-1,82,237,111
78,green,1788789499,377648248,542,213,640,480,4,-1,82,237,111
78,green,1788789499,377648248,542,213,640,480,5,-1,82,241,109
78,green,1788789499,377648248,542,213,640,480,-5,0,82,235,104
78,green,1788789499,377648248,542,213,640,480,-4,0,82,236,107
78,green,1788789499,377648248,542,213,640,480,-3,0,82,236,107
78,green,1788789499,377648248,542,213,640,480,-2,0,82,241,106
78,green,1788789499,377648248,542,213,640,480,-1,0,82,245,104
78,green,1788789499,377648248,542,213,640,480,0,0,82,255,103
78,green,1788789499,377648248,542,213,640,480,1,0,81,255,101
78,green,1788789499,377648248,542,213,640,480,2,0,82,243,108
78,green,1788789499,377648248,542,213,640,480,3,0,82,239,110
78,green,1788789499,377648248,542,213,640,480,4,0,82,237,111
78,green,1788789499,377648248,542,213,640,480,5,0,82,241,109
78,green,1788789499,377648248,542,213,640,480,-5,1,82,242,101
78,green,1788789499,377648248,542,213,640,480,-4,1,82,243,104
78,green,1788789499,377648248,542,213,640,480,-3,1,82,240,105
78,green,1788789499,377648248,542,213,640,480,-2,1,82,243,105
78,green,1788789499,377648248,542,213,640,480,-1,1,82,248,103
78,green,1788789499,377648248,542,213,640,480,0,1,81,255,102
78,green,1788789499,377648248,542,213,640,480,1,1,81,255,100
78,green,1788789499,377648248,542,213,640,480,2,1,82,248,106
78,green,1788789499,377648248,542,213,640,480,3,1,82,243,108
78,green,1788789499,377648248,542,213,640,480,4,1,82,239,110
78,green,1788789499,377648248,542,213,640,480,5,1,82,239,110
78,green,1788789499,377648248,542,213,640,480,-5,2,82,245,100
78,green,1788789499,377648248,542,213,640,480,-4,2,82,243,104
78,green,1788789499,377648248,542,213,640,480,-3,2,82,238,106
78,green,1788789499,377648248,542,213,640,480,-2,2,82,238,107
78,green,1788789499,377648248,542,213,640,480,-1,2,82,241,106
78,green,1788789499,377648248,542,213,640,480,0,2,82,250,105
78,green,1788789499,377648248,542,213,640,480,1,2,82,255,103
78,green,1788789499,377648248,542,213,640,480,2,2,82,250,105
78,green,1788789499,377648248,542,213,640,480,3,2,82,245,107
78,green,1788789499,377648248,542,213,640,480,4,2,82,241,109
78,green,1788789499,377648248,542,213,640,480,5,2,82,239,110
78,green,1788789499,377648248,542,213,640,480,-5,3,82,245,100
78,green,1788789499,377648248,542,213,640,480,-4,3,82,240,105
78,green,1788789499,377648248,542,213,640,480,-3,3,82,227,111
78,green,1788789499,377648248,542,213,640,480,-2,3,82,228,112
78,green,1788789499,377648248,542,213,640,480,-1,3,82,238,107
78,green,1788789499,377648248,542,213,640,480,0,3,82,250,105
78,green,1788789499,377648248,542,213,640,480,1,3,82,248,106
78,green,1788789499,377648248,542,213,640,480,2,3,82,250,105
78,green,1788789499,377648248,542,213,640,480,3,3,82,250,105
78,green,1788789499,377648248,542,213,640,480,4,3,82,250,105
78,green,1788789499,377648248,542,213,640,480,5,3,82,248,106
78,green,1788789499,377648248,542,213,640,480,-5,4,82,238,103
78,green,1788789499,377648248,542,213,640,480,-4,4,82,238,106
78,green,1788789499,377648248,542,213,640,480,-3,4,82,225,112
78,green,1788789499,377648248,542,213,640,480,-2,4,82,230,111
78,green,1788789499,377648248,542,213,640,480,-1,4,82,241,106
78,green,1788789499,377648248,542,213,640,480,0,4,82,255,103
78,green,1788789499,377648248,542,213,640,480,1,4,82,250,105
78,green,1788789499,377648248,542,213,640,480,2,4,82,245,107
78,green,1788789499,377648248,542,213,640,480,3,4,82,248,106
78,green,1788789499,377648248,542,213,640,480,4,4,82,253,104
78,green,1788789499,377648248,542,213,640,480,5,4,82,255,103
78,green,1788789499,377648248,542,213,640,480,-5,5,82,235,104
78,green,1788789499,377648248,542,213,640,480,-4,5,82,236,107
78,green,1788789499,377648248,542,213,640,480,-3,5,82,225,112
78,green,1788789499,377648248,542,213,640,480,-2,5,82,230,111
78,green,1788789499,377648248,542,213,640,480,-1,5,82,243,105
78,green,1788789499,377648248,542,213,640,480,0,5,82,255,103
78,green,1788789499,377648248,542,213,640,480,1,5,82,253,104
78,green,1788789499,377648248,542,213,640,480,2,5,82,243,108
78,green,1788789499,377648248,542,213,640,480,3,5,82,245,107
78,green,1788789499,377648248,542,213,640,480,4,5,82,250,105
78,green,1788789499,377648248,542,213,640,480,5,5,82,255,103
79,green,1788789500,127982627,540,241,640,480,-5,-5,81,221,104
79,green,1788789500,127982627,540,241,640,480,-4,-5,81,220,108
79,green,1788789500,127982627,540,241,640,480,-3,-5,80,222,109
79,green,1788789500,127982627,540,241,640,480,-2,-5,80,227,109
79,green,1788789500,127982627,540,241,640,480,-1,-5,80,231,107
79,green,1788789500,127982627,540,241,640,480,0,-5,81,240,105
79,green,1788789500,127982627,540,241,640,480,1,-5,81,243,104
79,green,1788789500,127982627,540,241,640,480,2,-5,81,238,106
79,green,1788789500,127982627,540,241,640,480,3,-5,80,229,108
79,green,1788789500,127982627,540,241,640,480,4,-5,80,231,105
79,green,1788789500,127982627,540,241,640,480,5,-5,81,224,106
79,green,1788789500,127982627,540,241,640,480,-5,-4,81,223,103
79,green,1788789500,127982627,540,241,640,480,-4,-4,81,222,107
79,green,1788789500,127982627,540,241,640,480,-3,-4,81,224,106
79,green,1788789500,127982627,540,241,640,480,-2,-4,80,229,106
79,green,1788789500,127982627,540,241,640,480,-1,-4,80,231,107
79,green,1788789500,127982627,540,241,640,480,0,-4,80,233,106
79,green,1788789500,127982627,540,241,640,480,1,-4,81,238,106
79,green,1788789500,127982627,540,241,640,480,2,-4,81,236,107
79,green,1788789500,127982627,540,241,640,480,3,-4,80,229,108
79,green,1788789500,127982627,540,241,640,480,4,-4,80,231,105
79,green,1788789500,127982627,540,241,640,480,5,-4,81,220,108
79,green,1788789500,127982627,540,241,640,480,-5,-3,81,221,104
79,green,1788789500,127982627,540,241,640,480,-4,-3,81,224,106
79,green,1788789500,127982627,540,241,640,480,-3,-3,81,226,105
79,green,1788789500,127982627,540,241,640,480,-2,-3,80,231,105
79,green,1788789500,127982627,540,241,640,480,-1,-3,80,233,106
79,green,1788789500,127982627,540,241,640,480,0,-3,80,231,107
79,green,1788789500,127982627,540,241,640,480,1,-3,80,229,108
79,green,1788789500,127982627,540,241,640,480,2,-3,81,234,108
79,green,1788789500,127982627,540,241,640,480,3,-3,80,229,108
79,green,1788789500,127982627,540,241,640,480,4,-3,80,233,104
79,green,1788789500,127982627,540,241,640,480,5,-3,81,222,107
79,green,1788789500,127982627,540,241,640,480,-5,-2,81,214,106
79,green,1788789500,127982627,540,241,640,480,-4,-2,81,221,104
79,green,1788789500,127982627,540,241,640,480,-3,-2,81,228,104
79,green,1788789500,127982627,540,241,640,480,-2,-2,81,228,104
79,green,1788789500,127982627,540,241,640,480,-1,-2,80,231,105
79,green,1788789500,127982627,540,241,640,480,0,-2,80,226,107
79,green,1788789500,127982627,540,241,640,480,1,-2,80,227,109
79,green,1788789500,127982627,540,241,640,480,2,-2,80,229,108
79,green,1788789500,127982627,540,241,640,480,3,-2,80,229,108
79,green,1788789500,127982627,540,241,640,480,4,-2,80,238,102
79,green,1788789500,127982627,540,241,640,480,5,-2,80,229,106
79,green,1788789500,127982627,540,241,640,480,-5,-1,80,205,107
79,green,1788789500,127982627,540,241,640,480,-4,-1,80,215,102
79,green,1788789500,127982627,540,241,640,480,-3,-1,80,218,104
79,green,1788789500,127982627,540,241,640,480,-2,-1,80,217,107
79,green,1788789500,127982627,540,241,640,480,-1,-1,80,218,109
79,green,1788789500,127982627,540,241,640,480,0,-1,80,216,110
79,green,1788789500,127982627,540,241,640,480,1,-1,80,220,110
79,green,1788789500,127982627,540,241,640,480,2,-1,80,226,107
79,green,1788789500,127982627,540,241,640,480,3,-1,80,233,104
79,green,1788789500,127982627,540,241,640,480,4,-1,80,240,101
79,green,1788789500,127982627,540,241,640,480,5,-1,80,231,107
79,green,1788789500,127982627,540,241,640,480,-5,0,80,199,109
79,green,1788789500,127982627,540,241,640,480,-4,0,80,211,104
79,green,1788789500,127982627,540,241,640,480,-3,0,80,214,106
79,green,1788789500,127982627,540,241,640,480,-2,0,80,212,107
79,green,1788789500,127982627,540,241,640,480,-1,0,80,211,110
79,green,1788789500,127982627,540,241,640,480,0,0,80,214,111
79,green,1788789500,127982627,540,241,640,480,1,0,80,216,110
79,green,1788789500,127982627,540,241,640,480,2,0,80,222,107
79,green,1788789500,127982627,540,241,640,480,3,0,80,229,106
79,green,1788789500,127982627,540,241,640,480,4,0,80,235,103
79,green,1788789500,127982627,540,241,640,480,5,0,80,229,108
79,green,1788789500,127982627,540,241,640,480,-5,1,80,197,110
79,green,1788789500,127982627,540,241,640,480,-4,1,80,209,105
79,green,1788789500,127982627,540,241,640,480,-3,1,80,210,108
79,green,1788789500,127982627,540,241,640,480,-2,1,80,208,109
79,green,1788789500,127982627,540,241,640,480,-1,1,80,209,111
79,green,1788789500,127982627,540,241,640,480,0,1,80,214,111
79,green,1788789500,127982627,540,241,640,480,1,1,80,216,110
79,green,1788789500,127982627,540,241,640,480,2,1,80,220,108
79,green,1788789500,127982627,540,241,640,480,3,1,80,224,108
79,green,1788789500,127982627,540,241,640,480,4,1,80,229,106
79,green,1788789500,127982627,540,241,640,480,5,1,80,223,111
79,green,1788789500,127982627,540,241,640,480,-5,2,80,203,107
79,green,1788789500,127982627,540,241,640,480,-4,2,80,209,105
79,green,1788789500,127982627,540,241,640,480,-3,2,80,205,107
79,green,1788789500,127982627,540,241,640,480,-2,2,80,206,110
79,green,1788789500,127982627,540,241,640,480,-1,2,80,209,111
79,green,1788789500,127982627,540,241,640,480,0,2,80,213,109
79,green,1788789500,127982627,540,241,640,480,1,2,80,222,107
79,green,1788789500,127982627,540,241,640,480,2,2,80,222,107
79,green,1788789500,127982627,540,241,640,480,3,2,80,222,107
79,green,1788789500,127982627,540,241,640,480,4,2,80,222,109
79,green,1788789500,127982627,540,241,640,480,5,2,80,221,112
79,green,1788789500,127982627,540,241,640,480,-5,3,80,213,102
79,green,1788789500,127982627,540,241,640,480,-4,3,80,211,104
79,green,1788789500,127982627,540,241,640,480,-3,3,80,207,106
79,green,1788789500,127982627,540,241,640,480,-2,3,80,208,109
79,green,1788789500,127982627,540,241,640,480,-1,3,80,213,109
79,green,1788789500,127982627,540,241,640,480,0,3,80,219,106
79,green,1788789500,127982627,540,241,640,480,1,3,80,223,104
79,green,1788789500,127982627,540,241,640,480,2,3,80,226,105
79,green,1788789500,127982627,540,241,640,480,3,3,80,222,107
79,green,1788789500,127982627,540,241,640,480,4,3,80,218,111
79,green,1788789500,127982627,540,241,640,480,5,3,80,218,111
79,green,1788789500,127982627,540,241,640,480,-5,4,80,214,99
79,green,1788789500,127982627,540,241,640,480,-4,4,80,208,104
79,green,1788789500,127982627,540,241,640,480,-3,4,80,205,107
79,green,1788789500,127982627,540,241,640,480,-2,4,80,201,109
79,green,1788789500,127982627,540,241,640,480,-1,4,80,210,108
79,green,1788789500,127982627,540,241,640,480,0,4,80,220,103
79,green,1788789500,127982627,540,241,640,480,1,4,80,228,102
79,green,1788789500,127982627,540,241,640,480,2,4,80,223,104
79,green,1788789500,127982627,540,241,640,480,3,4,80,222,107
79,green,1788789500,127982627,540,241,640,480,4,4,80,216,112
79,green,1788789500,127982627,540,241,640,480,5,4,80,220,110
79,green,1788789500,127982627,540,241,640,480,-5,5,80,205,103
79,green,1788789500,127982627,540,241,640,480,-4,5,80,206,105
79,green,1788789500,127982627,540,241,640,480,-3,5,80,201,109
79,green,1788789500,127982627,540,241,640,480,-2,5,80,198,111
79,green,1788789500,127982627,540,241,640,480,-1,5,80,208,109
79,green,1788789500,127982627,540,241,640,480,0,5,80,220,103
79,green,1788789500,127982627,540,241,640,480,1,5,80,228,102
79,green,1788789500,127982627,540,241,640,480,2,5,80,221,105
79,green,1788789500,127982627,540,241,640,480,3,5,80,218,109
79,green,1788789500,127982627,540,241,640,480,4,5,80,216,112
79,green,1788789500,127982627,540,241,640,480,5,5,80,222,109
80,green,1788789500,749454804,540,279,640,480,-5,-5,78,173,103
80,green,1788789500,749454804,540,279,640,480,-4,-5,78,177,101
80,green,1788789500,749454804,540,279,640,480,-3,-5,78,186,100
80,green,1788789500,749454804,540,279,640,480,-2,-5,78,193,99
80,green,1788789500,749454804,540,279,640,480,-1,-5,78,193,99
80,green,1788789500,749454804,540,279,640,480,0,-5,78,188,103
80,green,1788789500,749454804,540,279,640,480,1,-5,78,183,106
80,green,1788789500,749454804,540,279,640,480,2,-5,78,187,108
80,green,1788789500,749454804,540,279,640,480,3,-5,78,185,109
80,green,1788789500,749454804,540,279,640,480,4,-5,79,180,105
80,green,1788789500,749454804,540,279,640,480,5,-5,79,183,103
80,green,1788789500,749454804,540,279,640,480,-5,-4,78,169,104
80,green,1788789500,749454804,540,279,640,480,-4,-4,78,170,105
80,green,1788789500,749454804,540,279,640,480,-3,-4,78,177,105
80,green,1788789500,749454804,540,279,640,480,-2,-4,78,182,105
80,green,1788789500,749454804,540,279,640,480,-1,-4,78,182,105
80,green,1788789500,749454804,540,279,640,480,0,-4,78,185,105
80,green,1788789500,749454804,540,279,640,480,1,-4,78,185,105
80,green,1788789500,749454804,540,279,640,480,2,-4,78,192,105
80,green,1788789500,749454804,540,279,640,480,3,-4,78,186,104
80,green,1788789500,749454804,540,279,640,480,4,-4,79,178,106
80,green,1788789500,749454804,540,279,640,480,5,-4,79,181,104
80,green,1788789500,749454804,540,279,640,480,-5,-3,78,168,105
80,green,1788789500,749454804,540,279,640,480,-4,-3,78,170,105
80,green,1788789500,749454804,540,279,640,480,-3,-3,78,176,106
80,green,1788789500,749454804,540,279,640,480,-2,-3,78,177,108
80,green,1788789500,749454804,540,279,640,480,-1,-3,78,179,107
80,green,1788789500,749454804,540,279,640,480,0,-3,78,185,105
80,green,1788789500,749454804,540,279,640,480,1,-3,78,186,104
80,green,1788789500,749454804,540,279,640,480,2,-3,78,188,103
80,green,1788789500,749454804,540,279,640,480,3,-3,78,188,103
80,green,1788789500,749454804,540,279,640,480,4,-3,79,176,107
80,green,1788789500,749454804,540,279,640,480,5,-3,79,180,105
80,green,1788789500,749454804,540,279,640,480,-5,-2,78,168,105
80,green,1788789500,749454804,540,279,640,480,-4,-2,78,174,101
80,green,1788789500,749454804,540,279,640,480,-3,-2,78,173,103
80,green,1788789500,749454804,540,279,640,480,-2,-2,78,177,105
80,green,1788789500,749454804,540,279,640,480,-1,-2,78,182,105
80,green,1788789500,749454804,540,279,640,480,0,-2,78,184,104
80,green,1788789500,749454804,540,279,640,480,1,-2,78,188,103
80,green,1788789500,749454804,540,279,640,480,2,-2,78,186,104
80,green,1788789500,749454804,540,279,640,480,3,-2,78,183,106
80,green,1788789500,749454804,540,279,640,480,4,-2,79,178,106
80,green,1788789500,749454804,540,279,640,480,5,-2,79,180,105
80,green,1788789500,749454804,540,279,640,480,-5,-1,78,166,106
80,green,1788789500,749454804,540,279,640,480,-4,-1,78,171,103
80,green,1788789500,749454804,540,279,640,480,-3,-1,78,172,104
80,green,1788789500,749454804,540,279,640,480,-2,-1,78,177,105
80,green,1788789500,749454804,540,279,640,480,-1,-1,78,186,103
80,green,1788789500,749454804,540,279,640,480,0,-1,78,191,100
80,green,1788789500,749454804,540,279,640,480,1,-1,78,195,98
80,green,1788789500,749454804,540,279,640,480,2,-1,78,189,101
80,green,1788789500,749454804,540,279,640,480,3,-1,78,186,103
80,green,1788789500,749454804,540,279,640,480,4,-1,79,183,103
80,green,1788789500,749454804,540,279,640,480,5,-1,79,185,102
80,green,1788789500,749454804,540,279,640,480,-5,0,78,160,105
80,green,1788789500,749454804,540,279,640,480,-4,0,78,163,108
80,green,1788789500,749454804,540,279,640,480,-3,0,78,163,108
80,green,1788789500,749454804,540,279,640,480,-2,0,78,168,106
80,green,1788789500,749454804,540,279,640,480,-1,0,78,184,101
80,green,1788789500,749454804,540,279,640,480,0,0,78,196,95
80,green,1788789500,749454804,540,279,640,480,1,0,78,206,93
80,green,1788789500,749454804,540,279,640,480,2,0,78,203,94
80,green,1788789500,749454804,540,279,640,480,3,0,78,197,97
80,green,1788789500,749454804,540,279,640,480,4,0,79,189,100
80,green,1788789500,749454804,540,279,640,480,5,0,79,191,99
80,green,1788789500,749454804,540,279,640,480,-5,1,78,168,100
80,green,1788789500,749454804,540,279,640,480,-4,1,78,169,104
80,green,1788789500,749454804,540,279,640,480,-3,1,78,169,104
80,green,1788789500,749454804,540,279,640,480,-2,1,78,173,103
80,green,1788789500,749454804,540,279,640,480,-1,1,78,183,102
80,green,1788789500,749454804,540,279,640,480,0,1,78,188,99
80,green,1788789500,749454804,540,279,640,480,1,1,78,194,96
80,green,1788789500,749454804,540,279,640,480,2,1,78,203,94
80,green,1788789500,749454804,540,279,640,480,3,1,78,208,92
80,green,1788789500,749454804,540,279,640,480,4,1,79,180,105
80,green,1788789500,749454804,540,279,640,480,5,1,79,185,102
80,green,1788789500,749454804,540,279,640,480,-5,2,78,163,100
80,green,1788789500,749454804,540,279,640,480,-4,2,78,162,104
80,green,1788789500,749454804,540,279,640,480,-3,2,78,169,104
80,green,1788789500,749454804,540,279,640,480,-2,2,78,169,104
80,green,1788789500,749454804,540,279,640,480,-1,2,78,175,102
80,green,1788789500,749454804,540,279,640,480,0,2,78,179,100
80,green,1788789500,749454804,540,279,640,480,1,2,78,188,99
80,green,1788789500,749454804,540,279,640,480,2,2,78,192,97
80,green,1788789500,749454804,540,279,640,480,3,2,78,199,96
80,green,1788789500,749454804,540,279,640,480,4,2,79,183,103
80,green,1788789500,749454804,540,279,640,480,5,2,79,187,101
80,green,1788789500,749454804,540,279,640,480,-5,3,78,162,101
80,green,1788789500,749454804,540,279,640,480,-4,3,78,163,103
80,green,1788789500,749454804,540,279,640,480,-3,3,78,169,104
80,green,1788789500,749454804,540,279,640,480,-2,3,78,169,104
80,green,1788789500,749454804,540,279,640,480,-1,3,78,172,104
80,green,1788789500,749454804,540,279,640,480,0,3,78,173,103
80,green,1788789500,749454804,540,279,640,480,1,3,78,181,103
80,green,1788789500,749454804,540,279,640,480,2,3,78,184,101
80,green,1788789500,749454804,540,279,640,480,3,3,78,184,101
80,green,1788789500,749454804,540,279,640,480,4,3,79,187,101
80,green,1788789500,749454804,540,279,640,480,5,3,79,189,100
80,green,1788789500,749454804,540,279,640,480,-5,4,78,160,99
80,green,1788789500,749454804,540,279,640,480,-4,4,78,165,99
80,green,1788789500,749454804,540,279,640,480,-3,4,78,167,101
80,green,1788789500,749454804,540,279,640,480,-2,4,78,171,103
80,green,1788789500,749454804,540,279,640,480,-1,4,78,169,104
80,green,1788789500,749454804,540,279,640,480,0,4,78,172,104
80,green,1788789500,749454804,540,279,640,480,1,4,78,172,104
80,green,1788789500,749454804,540,279,640,480,2,4,78,179,104
80,green,1788789500,749454804,540,279,640,480,3,4,78,179,104
80,green,1788789500,749454804,540,279,640,480,4,4,79,187,101
80,green,1788789500,749454804,540,279,640,480,5,4,79,187,101
80,green,1788789500,749454804,540,279,640,480,-5,5,78,163,97
80,green,1788789500,749454804,540,279,640,480,-4,5,78,172,95
80,green,1788789500,749454804,540,279,640,480,-3,5,78,174,97
80,green,1788789500,749454804,540,279,640,480,-2,5,78,176,100
80,green,1788789500,749454804,540,279,640,480,-1,5,78,173,102
80,green,1788789500,749454804,540,279,640,480,0,5,78,173,103
80,green,1788789500,749454804,540,279,640,480,1,5,78,173,103
80,green,1788789500,749454804,540,279,640,480,2,5,78,173,103
80,green,1788789500,749454804,540,279,640,480,3,5,78,179,104
80,green,1788789500,749454804,540,279,640,480,4,5,79,183,103
80,green,1788789500,749454804,540,279,640,480,5,5,79,185,102
81,green,1788789501,249973021,538,345,640,480,-5,-5,73,126,107
81,green,1788789501,249973021,538,345,640,480,-4,-5,74,131,107
81,green,1788789501,249973021,538,345,640,480,-3,-5,74,136,105
81,green,1788789501,249973021,538,345,640,480,-2,-5,74,141,101
81,green,1788789501,249973021,538,345,640,480,-1,-5,75,148,102
81,green,1788789501,249973021,538,345,640,480,0,-5,76,151,101
81,green,1788789501,249973021,538,345,640,480,1,-5,76,153,100
81,green,1788789501,249973021,538,345,640,480,2,-5,77,161,100
81,green,1788789501,249973021,538,345,640,480,3,-5,77,161,100
81,green,1788789501,249973021,538,345,640,480,4,-5,77,165,99
81,green,1788789501,249973021,538,345,640,480,5,-5,77,165,99
81,green,1788789501,249973021,538,345,640,480,-5,-4,73,125,108
81,green,1788789501,249973021,538,345,640,480,-4,-4,74,131,107
81,green,1788789501,249973021,538,345,640,480,-3,-4,74,136,105
81,green,1788789501,249973021,538,345,640,480,-2,-4,74,140,102
81,green,1788789501,249973021,538,345,640,480,-1,-4,75,148,102
81,green,1788789501,249973021,538,345,640,480,0,-4,76,150,102
81,green,1788789501,249973021,538,345,640,480,1,-4,76,151,101
81,green,1788789501,249973021,538,345,640,480,2,-4,77,159,101
81,green,1788789501,249973021,538,345,640,480,3,-4,77,161,100
81,green,1788789501,249973021,538,345,640,480,4,-4,77,165,99
81,green,1788789501,249973021,538,345,640,480,5,-4,77,165,99
81,green,1788789501,249973021,538,345,640,480,-5,-3,73,125,108
81,green,1788789501,249973021,538,345,640,480,-4,-3,74,131,107
81,green,1788789501,249973021,538,345,640,480,-3,-3,74,137,104
81,green,1788789501,249973021,538,345,640,480,-2,-3,74,140,102
81,green,1788789501,249973021,538,345,640,480,-1,-3,75,146,103
81,green,1788789501,249973021,538,345,640,480,0,-3,76,150,102
81,green,1788789501,249973021,538,345,640,480,1,-3,76,151,101
81,green,1788789501,249973021,538,345,640,480,2,-3,77,158,102
81,green,1788789501,249973021,538,345,640,480,3,-3,77,159,101
81,green,1788789501,249973021,538,345,640,480,4,-3,77,163,100
81,green,1788789501,249973021,538,345,640,480,5,-3,77,163,100
81,green,1788789501,249973021,538,345,640,480,-5,-2,73,124,109
81,green,1788789501,249973021,538,345,640,480,-4,-2,74,131,107
81,green,1788789501,249973021,538,345,640,480,-3,-2,74,137,104
81,green,1788789501,249973021,538,345,640,480,-2,-2,74,139,103
81,green,1788789501,249973021,538,345,640,480,-1,-2,75,145,104
81,green,1788789501,249973021,538,345,640,480,0,-2,76,149,103
81,green,1788789501,249973021,538,345,640,480,1,-2,76,150,102
81,green,1788789501,249973021,538,345,640,480,2,-2,77,158,102
81,green,1788789501,249973021,538,345,640,480,3,-2,77,159,101
81,green,1788789501,249973021,538,345,640,480,4,-2,77,162,101
81,green,1788789501,249973021,538,345,640,480,5,-2,77,163,100
81,green,1788789501,249973021,538,345,640,480,-5,-1,73,130,104
81,green,1788789501,249973021,538,345,640,480,-4,-1,74,138,102
81,green,1788789501,249973021,538,345,640,480,-3,-1,74,141,101
81,green,1788789501,249973021,538,345,640,480,-2,-1,74,143,100
81,green,1788789501,249973021,538,345,640,480,-1,-1,75,149,101
81,green,1788789501,249973021,538,345,640,480,0,-1,76,151,101
81,green,1788789501,249973021,538,345,640,480,1,-1,76,150,102
81,green,1788789501,249973021,538,345,640,480,2,-1,77,158,102
81,green,1788789501,249973021,538,345,640,480,3,-1,77,159,101
81,green,1788789501,249973021,538,345,640,480,4,-1,77,163,100
81,green,1788789501,249973021,538,345,640,480,5,-1,77,165,99
81,green,1788789501,249973021,538,345,640,480,-5,0,73,130,104
81,green,1788789501,249973021,538,345,640,480,-4,0,74,136,103
81,green,1788789501,249973021,538,345,640,480,-3,0,74,141,101
81,green,1788789501,249973021,538,345,640,480,-2,0,74,144,99
81,green,1788789501,249973021,538,345,640,480,-1,0,75,150,100
81,green,1788789501,249973021,538,345,640,480,0,0,76,151,101
81,green,1788789501,249973021,538,345,640,480,1,0,76,151,101
81,green,1788789501,249973021,538,345,640,480,2,0,77,159,101
81,green,1788789501,249973021,538,345,640,480,3,0,77,161,100
81,green,1788789501,249973021,538,345,640,480,4,0,77,165,99
81,green,1788789501,249973021,538,345,640,480,5,0,77,167,98
81,green,1788789501,249973021,538,345,640,480,-5,1,73,129,105
81,green,1788789501,249973021,538,345,640,480,-4,1,74,136,103
81,green,1788789501,249973021,538,345,640,480,-3,1,74,140,102
81,green,1788789501,249973021,538,345,640,480,-2,1,74,146,98
81,green,1788789501,249973021,538,345,640,480,-1,1,75,152,99
81,green,1788789501,249973021,538,345,640,480,0,1,76,153,100
81,green,1788789501,249973021,538,345,640,480,1,1,76,153,100
81,green,1788789501,249973021,538,345,640,480,2,1,77,161,100
81,green,1788789501,249973021,538,345,640,480,3,1,77,162,99
81,green,1788789501,249973021,538,345,640,480,4,1,77,167,98
81,green,1788789501,249973021,538,345,640,480,5,1,77,168,97
81,green,1788789501,249973021,538,345,640,480,-5,2,73,129,105
81,green,1788789501,249973021,538,345,640,480,-4,2,74,136,103
81,green,1788789501,249973021,538,345,640,480,-3,2,74,140,102
81,green,1788789501,249973021,538,345,640,480,-2,2,74,147,97
81,green,1788789501,249973021,538,345,640,480,-1,2,75,154,98
81,green,1788789501,249973021,538,345,640,480,0,2,76,155,99
81,green,1788789501,249973021,538,345,640,480,1,2,76,155,99
81,green,1788789501,249973021,538,345,640,480,2,2,77,162,99
81,green,1788789501,249973021,538,345,640,480,3,2,77,164,98
81,green,1788789501,249973021,538,345,640,480,4,2,77,168,97
81,green,1788789501,249973021,538,345,640,480,5,2,77,170,96
81,green,1788789501,249973021,538,345,640,480,-5,3,73,129,105
81,green,1788789501,249973021,538,345,640,480,-4,3,74,135,104
81,green,1788789501,249973021,538,345,640,480,-3,3,74,140,102
81,green,1788789501,249973021,538,345,640,480,-2,3,74,147,97
81,green,1788789501,249973021,538,345,640,480,-1,3,75,154,98
81,green,1788789501,249973021,538,345,640,480,0,3,76,155,99
81,green,1788789501,249973021,538,345,640,480,1,3,76,155,99
81,green,1788789501,249973021,538,345,640,480,2,3,77,162,99
81,green,1788789501,249973021,538,345,640,480,3,3,77,164,98
81,green,1788789501,249973021,538,345,640,480,4,3,77,168,97
81,green,1788789501,249973021,538,345,640,480,5,3,77,170,96
81,green,1788789501,249973021,538,345,640,480,-5,4,73,128,106
81,green,1788789501,249973021,538,345,640,480,-4,4,74,135,104
81,green,1788789501,249973021,538,345,640,480,-3,4,74,139,103
81,green,1788789501,249973021,538,345,640,480,-2,4,74,146,98
81,green,1788789501,249973021,538,345,640,480,-1,4,75,152,99
81,green,1788789501,249973021,538,345,640,480,0,4,76,153,100
81,green,1788789501,249973021,538,345,640,480,1,4,76,153,100
81,green,1788789501,249973021,538,345,640,480,2,4,77,161,100
81,green,1788789501,249973021,538,345,640,480,3,4,77,162,99
81,green,1788789501,249973021,538,345,640,480,4,4,77,167,98
81,green,1788789501,249973021,538,345,640,480,5,4,77,168,97
81,green,1788789501,249973021,538,345,640,480,-5,5,73,128,106
81,green,1788789501,249973021,538,345,640,480,-4,5,74,134,105
81,green,1788789501,249973021,538,345,640,480,-3,5,74,139,103
81,green,1788789501,249973021,538,345,640,480,-2,5,74,144,99
81,green,1788789501,249973021,538,345,640,480,-1,5,75,150,100
81,green,1788789501,249973021,538,345,640,480,0,5,76,151,101
81,green,1788789501,249973021,538,345,640,480,1,5,76,151,101
81,green,1788789501,249973021,538,345,640,480,2,5,77,159,101
81,green,1788789501,249973021,538,345,640,480,3,5,77,161,100
81,green,1788789501,249973021,538,345,640,480,4,5,77,165,99
81,green,1788789501,249973021,538,345,640,480,5,5,77,167,98
82,green,1788789501,749548819,535,372,640,480,-5,-5,72,115,109
82,green,1788789501,749548819,535,372,640,480,-4,-5,72,119,105
82,green,1788789501,749548819,535,372,640,480,-3,-5,72,123,102
82,green,1788789501,749548819,535,372,640,480,-2,-5,73,128,100
82,green,1788789501,749548819,535,372,640,480,-1,-5,74,135,100
82,green,1788789501,749548819,535,372,640,480,0,-5,74,140,100
82,green,1788789501,749548819,535,372,640,480,1,-5,74,145,97
82,green,1788789501,749548819,535,372,640,480,2,-5,74,147,97
82,green,1788789501,749548819,535,372,640,480,3,-5,76,154,98
82,green,1788789501,749548819,535,372,640,480,4,-5,76,155,97
82,green,1788789501,749548819,535,372,640,480,5,-5,77,161,95
82,green,1788789501,749548819,535,372,640,480,-5,-4,72,119,109
82,green,1788789501,749548819,535,372,640,480,-4,-4,72,131,105
82,green,1788789501,749548819,535,372,640,480,-3,-4,73,133,102
82,green,1788789501,749548819,535,372,640,480,-2,-4,73,133,102
82,green,1788789501,749548819,535,372,640,480,-1,-4,74,135,104
82,green,1788789501,749548819,535,372,640,480,0,-4,74,134,105
82,green,1788789501,749548819,535,372,640,480,1,-4,74,139,101
82,green,1788789501,749548819,535,372,640,480,2,-4,74,143,100
82,green,1788789501,749548819,535,372,640,480,3,-4,76,150,100
82,green,1788789501,749548819,535,372,640,480,4,-4,76,154,98
82,green,1788789501,749548819,535,372,640,480,5,-4,77,157,94
82,green,1788789501,749548819,535,372,640,480,-5,-3,72,125,110
82,green,1788789501,749548819,535,372,640,480,-4,-3,72,130,106
82,green,1788789501,749548819,535,372,640,480,-3,-3,73,135,104
82,green,1788789501,749548819,535,372,640,480,-2,-3,73,135,104
82,green,1788789501,749548819,535,372,640,480,-1,-3,74,135,104
82,green,1788789501,749548819,535,372,640,480,0,-3,74,134,105
82,green,1788789501,749548819,535,372,640,480,1,-3,74,141,101
82,green,1788789501,749548819,535,372,640,480,2,-3,74,143,100
82,green,1788789501,749548819,535,372,640,480,3,-3,76,152,99
82,green,1788789501,749548819,535,372,640,480,4,-3,76,154,98
82,green,1788789501,749548819,535,372,640,480,5,-3,77,157,94
82,green,1788789501,749548819,535,372,640,480,-5,-2,72,125,110
82,green,1788789501,749548819,535,372,640,480,-4,-2,72,127,108
82,green,1788789501,749548819,535,372,640,480,-3,-2,73,129,105
82,green,1788789501,749548819,535,372,640,480,-2,-2,73,130,104
82,green,1788789501,749548819,535,372,640,480,-1,-2,74,135,104
82,green,1788789501,749548819,535,372,640,480,0,-2,74,136,103
82,green,1788789501,749548819,535,372,640,480,1,-2,74,143,100
82,green,1788789501,749548819,535,372,640,480,2,-2,74,144,99
82,green,1788789501,749548819,535,372,640,480,3,-2,76,146,98
82,green,1788789501,749548819,535,372,640,480,4,-2,76,149,96
82,green,1788789501,749548819,535,372,640,480,5,-2,77,156,95
82,green,1788789501,749548819,535,372,640,480,-5,-1,72,126,109
82,green,1788789501,749548819,535,372,640,480,-4,-1,72,126,109
82,green,1788789501,749548819,535,372,640,480,-3,-1,73,126,107
82,green,1788789501,749548819,535,372,640,480,-2,-1,73,129,105
82,green,1788789501,749548819,535,372,640,480,-1,-1,74,135,104
82,green,1788789501,749548819,535,372,640,480,0,-1,74,138,102
82,green,1788789501,749548819,535,372,640,480,1,-1,74,142,99
82,green,1788789501,749548819,535,372,640,480,2,-1,74,144,99
82,green,1788789501,749548819,535,372,640,480,3,-1,76,146,98
82,green,1788789501,749548819,535,372,640,480,4,-1,76,149,96
82,green,1788789501,749548819,535,372,640,480,5,-1,77,156,95
82,green,1788789501,749548819,535,372,640,480,-5,0,72,120,108
82,green,1788789501,749548819,535,372,640,480,-4,0,72,119,109
82,green,1788789501,749548819,535,372,640,480,-3,0,73,126,107
82,green,1788789501,749548819,535,372,640,480,-2,0,73,129,105
82,green,1788789501,749548819,535,372,640,480,-1,0,74,133,102
82,green,1788789501,749548819,535,372,640,480,0,0,74,139,101
82,green,1788789501,749548819,535,372,640,480,1,0,74,142,99
82,green,1788789501,749548819,535,372,640,480,2,0,74,143,98
82,green,1788789501,749548819,535,372,640,480,3,0,76,147,97
82,green,1788789501,749548819,535,372,640,480,4,0,76,149,96
82,green,1788789501,749548819,535,372,640,480,5,0,77,150,95
82,green,1788789501,749548819,535,372,640,480,-5,1,72,120,108
82,green,1788789501,749548819,535,372,640,480,-4,1,72,120,108
82,green,1788789501,749548819,535,372,640,480,-3,1,73,128,106
82,green,1788789501,749548819,535,372,640,480,-2,1,73,130,104
82,green,1788789501,749548819,535,372,640,480,-1,1,74,134,101
82,green,1788789501,749548819,535,372,640,480,0,1,74,137,99
82,green,1788789501,749548819,535,372,640,480,1,1,74,143,98
82,green,1788789501,749548819,535,372,640,480,2,1,74,143,98
82,green,1788789501,749548819,535,372,640,480,3,1,76,147,97
82,green,1788789501,749548819,535,372,640,480,4,1,76,149,96
82,green,1788789501,749548819,535,372,640,480,5,1,77,150,95
82,green,1788789501,749548819,535,372,640,480,-5,2,72,120,108
82,green,1788789501,749548819,535,372,640,480,-4,2,72,123,106
82,green,1788789501,749548819,535,372,640,480,-3,2,73,124,103
82,green,1788789501,749548819,535,372,640,480,-2,2,73,126,101
82,green,1788789501,749548819,535,372,640,480,-1,2,74,135,100
82,green,1788789501,749548819,535,372,640,480,0,2,74,138,98
82,green,1788789501,749548819,535,372,640,480,1,2,74,143,98
82,green,1788789501,749548819,535,372,640,480,2,2,74,145,97
82,green,1788789501,749548819,535,372,640,480,3,2,76,143,96
82,green,1788789501,749548819,535,372,640,480,4,2,76,145,95
82,green,1788789501,749548819,535,372,640,480,5,2,77,150,95
82,green,1788789501,749548819,535,372,640,480,-5,3,72,117,107
82,green,1788789501,749548819,535,372,640,480,-4,3,72,123,106
82,green,1788789501,749548819,535,372,640,480,-3,3,73,125,102
82,green,1788789501,749548819,535,372,640,480,-2,3,73,128,100
82,green,1788789501,749548819,535,372,640,480,-1,3,74,130,98
82,green,1788789501,749548819,535,372,640,480,0,3,74,138,98
82,green,1788789501,749548819,535,372,640,480,1,3,74,141,96
82,green,1788789501,749548819,535,372,640,480,2,3,74,145,97
82,green,1788789501,749548819,535,372,640,480,3,3,76,143,96
82,green,1788789501,749548819,535,372,640,480,4,3,76,145,95
82,green,1788789501,749548819,535,372,640,480,5,3,77,146,94
82,green,1788789501,749548819,535,372,640,480,-5,4,72,119,105
82,green,1788789501,749548819,535,372,640,480,-4,4,72,121,103
82,green,1788789501,749548819,535,372,640,480,-3,4,72,123,102
82,green,1788789501,749548819,535,372,640,480,-2,4,73,126,101
82,green,1788789501,749548819,535,372,640,480,-1,4,74,129,99
82,green,1788789501,749548819,535,372,640,480,0,4,74,138,98
82,green,1788789501,749548819,535,372,640,480,1,4,74,141,96
82,green,1788789501,749548819,535,372,640,480,2,4,74,142,95
82,green,1788789501,749548819,535,372,640,480,3,4,75,142,95
82,green,1788789501,749548819,535,372,640,480,4,4,76,145,95
82,green,1788789501,749548819,535,372,640,480,5,4,77,146,94
82,green,1788789501,749548819,535,372,640,480,-5,5,72,120,104
82,green,1788789501,749548819,535,372,640,480,-4,5,72,123,102
82,green,1788789501,749548819,535,372,640,480,-3,5,72,124,101
82,green,1788789501,749548819,535,372,640,480,-2,5,72,125,100
82,green,1788789501,749548819,535,372,640,480,-1,5,74,130,98
82,green,1788789501,749548819,535,372,640,480,0,5,74,133,96
82,green,1788789501,749548819,535,372,640,480,1,5,74,136,94
82,green,1788789501,749548819,535,372,640,480,2,5,74,142,95
82,green,1788789501,749548819,535,372,640,480,3,5,75,142,95
82,green,1788789501,749548819,535,372,640,480,4,5,75,142,95
82,green,1788789501,749548819,535,372,640,480,5,5,77,146,94
83,green,1788789502,749325532,617,76,640,480,-5,-5,78,255,70
83,green,1788789502,749325532,617,76,640,480,-4,-5,78,255,68
83,green,1788789502,749325532,617,76,640,480,-3,-5,77,255,67
83,green,1788789502,749325532,617,76,640,480,-2,-5,77,255,67
83,green,1788789502,749325532,617,76,640,480,-1,-5,78,255,62
83,green,1788789502,749325532,617,76,640,480,0,-5,79,255,63
83,green,1788789502,749325532,617,76,640,480,1,-5,80,251,63
83,green,1788789502,749325532,617,76,640,480,2,-5,80,255,62
83,green,1788789502,749325532,617,76,640,480,3,-5,80,255,59
83,green,1788789502,749325532,617,76,640,480,4,-5,80,251,60
83,green,1788789502,749325532,617,76,640,480,5,-5,81,231,63
83,green,1788789502,749325532,617,76,640,480,-5,-4,78,255,70
83,green,1788789502,749325532,617,76,640,480,-4,-4,78,255,69
83,green,1788789502,749325532,617,76,640,480,-3,-4,78,255,68
83,green,1788789502,749325532,617,76,640,480,-2,-4,77,255,67
83,green,1788789502,749325532,617,76,640,480,-1,-4,79,251,65
83,green,1788789502,749325532,617,76,640,480,0,-4,79,255,63
83,green,1788789502,749325532,617,76,640,480,1,-4,80,255,60
83,green,1788789502,749325532,617,76,640,480,2,-4,79,255,59
83,green,1788789502,749325532,617,76,640,480,3,-4,80,251,60
83,green,1788789502,749325532,617,76,640,480,4,-4,80,235,64
83,green,1788789502,749325532,617,76,640,480,5,-4,81,217,67
83,green,1788789502,749325532,617,76,640,480,-5,-3,78,255,70
83,green,1788789502,749325532,617,76,640,480,-4,-3,78,255,69
83,green,1788789502,749325532,617,76,640,480,-3,-3,78,255,68
83,green,1788789502,749325532,617,76,640,480,-2,-3,77,255,67
83,green,1788789502,749325532,617,76,640,480,-1,-3,79,251,65
83,green,1788789502,749325532,617,76,640,480,0,-3,79,255,63
83,green,1788789502,749325532,617,76,640,480,1,-3,80,255,60
83,green,1788789502,749325532,617,76,640,480,2,-3,80,255,60
83,green,1788789502,749325532,617,76,640,480,3,-3,80,251,60
83,green,1788789502,749325532,617,76,640,480,4,-3,80,235,64
83,green,1788789502,749325532,617,76,640,480,5,-3,81,217,67
83,green,1788789502,749325532,617,76,640,480,-5,-2,78,255,70
83,green,1788789502,749325532,617,76,640,480,-4,-2,78,255,69
83,green,1788789502,749325532,617,76,640,480,-3,-2,78,255,68
83,green,1788789502,749325532,617,76,640,480,-2,-2,77,255,67
83,green,1788789502,749325532,617,76,640,480,-1,-2,79,251,65
83,green,1788789502,749325532,617,76,640,480,0,-2,79,255,63
83,green,1788789502,749325532,617,76,640,480,1,-2,80,255,61
83,green,1788789502,749325532,617,76,640,480,2,-2,80,255,60
83,green,1788789502,749325532,617,76,640,480,3,-2,80,247,61
83,green,1788789502,749325532,617,76,640,480,4,-2,80,235,64
83,green,1788789502,749325532,617,76,640,480,5,-2,81,220,66
83,green,1788789502,749325532,617,76,640,480,-5,-1,78,255,70
83,green,1788789502,749325532,617,76,640,480,-4,-1,78,255,69
83,green,1788789502,749325532,617,76,640,480,-3,-1,78,255,68
83,green,1788789502,749325532,617,76,640,480,-2,-1,77,255,67
83,green,1788789502,749325532,617,76,640,480,-1,-1,79,251,65
83,green,1788789502,749325532,617,76,640,480,0,-1,79,255,64
83,green,1788789502,749325532,617,76,640,480,1,-1,80,255,61
83,green,1788789502,749325532,617,76,640,480,2,-1,80,255,61
83,green,1788789502,749325532,617,76,640,480,3,-1,80,247,61
83,green,1788789502,749325532,617,76,640,480,4,-1,80,235,64
83,green,1788789502,749325532,617,76,640,480,5,-1,81,224,65
83,green,1788789502,749325532,617,76,640,480,-5,0,78,255,70
83,green,1788789502,749325532,617,76,640,480,-4,0,78,255,69
83,green,1788789502,749325532,617,76,640,480,-3,0,78,255,68
83,green,1788789502,749325532,617,76,640,480,-2,0,77,255,67
83,green,1788789502,749325532,617,76,640,480,-1,0,79,251,65
83,green,1788789502,749325532,617,76,640,480,0,0,79,255,64
83,green,1788789502,749325532,617,76,640,480,1,0,80,255,62
83,green,1788789502,749325532,617,76,640,480,2,0,80,255,62
83,green,1788789502,749325532,617,76,640,480,3,0,80,243,62
83,green,1788789502,749325532,617,76,640,480,4,0,80,235,64
83,green,1788789502,749325532,617,76,640,480,5,0,81,227,64
83,green,1788789502,749325532,617,76,640,480,-5,1,78,255,70
83,green,1788789502,749325532,617,76,640,480,-4,1,78,255,69
83,green,1788789502,749325532,617,76,640,480,-3,1,78,255,68
83,green,1788789502,749325532,617,76,640,480,-2,1,77,255,67
83,green,1788789502,749325532,617,76,640,480,-1,1,79,255,64
83,green,1788789502,749325532,617,76,640,480,0,1,79,255,64
83,green,1788789502,749325532,617,76,640,480,1,1,80,251,63
83,green,1788789502,749325532,617,76,640,480,2,1,80,251,63
83,green,1788789502,749325532,617,76,640,480,3,1,80,243,62
83,green,1788789502,749325532,617,76,640,480,4,1,80,239,63
83,green,1788789502,749325532,617,76,640,480,5,1,81,227,64
83,green,1788789502,749325532,617,76,640,480,-5,2,78,255,70
83,green,1788789502,749325532,617,76,640,480,-4,2,78,255,69
83,green,1788789502,749325532,617,76,640,480,-3,2,78,255,68
83,green,1788789502,749325532,617,76,640,480,-2,2,77,255,67
83,green,1788789502,749325532,617,76,640,480,-1,2,79,255,64
83,green,1788789502,749325532,617,76,640,480,0,2,79,255,64
83,green,1788789502,749325532,617,76,640,480,1,2,80,251,63
83,green,1788789502,749325532,617,76,640,480,2,2,80,251,63
83,green,1788789502,749325532,617,76,640,480,3,2,80,239,63
83,green,1788789502,749325532,617,76,640,480,4,2,80,239,63
83,green,1788789502,749325532,617,76,640,480,5,2,81,231,63
83,green,1788789502,749325532,617,76,640,480,-5,3,78,255,70
83,green,1788789502,749325532,617,76,640,480,-4,3,78,255,69
83,green,1788789502,749325532,617,76,640,480,-3,3,78,255,68
83,green,1788789502,749325532,617,76,640,480,-2,3,77,255,67
83,green,1788789502,749325532,617,76,640,480,-1,3,78,255,64
83,green,1788789502,749325532,617,76,640,480,0,3,79,255,64
83,green,1788789502,749325532,617,76,640,480,1,3,79,247,64
83,green,1788789502,749325532,617,76,640,480,2,3,80,247,64
83,green,1788789502,749325532,617,76,640,480,3,3,80,239,63
83,green,1788789502,749325532,617,76,640,480,4,3,81,239,63
83,green,1788789502,749325532,617,76,640,480,5,3,81,231,63
83,green,1788789502,749325532,617,76,640,480,-5,4,77,251,72
83,green,1788789502,749325532,617,76,640,480,-4,4,77,255,71
83,green,1788789502,749325532,617,76,640,480,-3,4,77,255,69
83,green,1788789502,749325532,617,76,640,480,-2,4,77,255,68
83,green,1788789502,749325532,617,76,640,480,-1,4,77,251,65
83,green,1788789502,749325532,617,76,640,480,0,4,78,255,64
83,green,1788789502,749325532,617,76,640,480,1,4,79,255,62
83,green,1788789502,749325532,617,76,640,480,2,4,80,255,62
83,green,1788789502,749325532,617,76,640,480,3,4,80,247,61
83,green,1788789502,749325532,617,76,640,480,4,4,81,247,61
83,green,1788789502,749325532,617,76,640,480,5,4,82,238,61
83,green,1788789502,749325532,617,76,640,480,-5,5,77,255,71
83,green,1788789502,749325532,617,76,640,480,-4,5,77,255,69
83,green,1788789502,749325532,617,76,640,480,-3,5,76,255,67
83,green,1788789502,749325532,617,76,640,480,-2,5,76,255,67
83,green,1788789502,749325532,617,76,640,480,-1,5,77,251,65
83,green,1788789502,749325532,617,76,640,480,0,5,77,255,64
83,green,1788789502,749325532,617,76,640,480,1,5,79,255,62
83,green,1788789502,749325532,617,76,640,480,2,5,79,255,62
83,green,1788789502,749325532,617,76,640,480,3,5,81,247,61
83,green,1788789502,749325532,617,76,640,480,4,5,81,247,61
83,green,1788789502,749325532,617,76,640,480,5,5,83,238,60
84,green,1788789502,999454303,617,76,640,480,-5,-5,76,255,70
84,green,1788789502,999454303,617,76,640,480,-4,-5,75,255,71
84,green,1788789502,999454303,617,76,640,480,-3,-5,75,255,70
84,green,1788789502,999454303,617,76,640,480,-2,-5,76,255,71
84,green,1788789502,999454303,617,76,640,480,-1,-5,76,255,67
84,green,1788789502,999454303,617,76,640,480,0,-5,76,255,66
84,green,1788789502,999454303,617,76,640,480,1,-5,77,255,64
84,green,1788789502,999454303,617,76,640,480,2,-5,77,255,64
84,green,1788789502,999454303,617,76,640,480,3,-5,80,255,63
84,green,1788789502,999454303,617,76,640,480,4,-5,80,255,65
84,green,1788789502,999454303,617,76,640,480,5,-5,82,247,66
84,green,1788789502,999454303,617,76,640,480,-5,-4,76,255,72
84,green,1788789502,999454303,617,76,640,480,-4,-4,75,255,71
84,green,1788789502,999454303,617,76,640,480,-3,-4,75,255,69
84,green,1788789502,999454303,617,76,640,480,-2,-4,75,255,68
84,green,1788789502,999454303,617,76,640,480,-1,-4,77,251,70
84,green,1788789502,999454303,617,76,640,480,0,-4,76,255,68
84,green,1788789502,999454303,617,76,640,480,1,-4,78,255,65
84,green,1788789502,999454303,617,76,640,480,2,-4,77,255,63
84,green,1788789502,999454303,617,76,640,480,3,-4,79,255,61
84,green,1788789502,999454303,617,76,640,480,4,-4,79,255,62
84,green,1788789502,999454303,617,76,640,480,5,-4,82,255,62
84,green,1788789502,999454303,617,76,640,480,-5,-3,76,255,72
84,green,1788789502,999454303,617,76,640,480,-4,-3,75,255,71
84,green,1788789502,999454303,617,76,640,480,-3,-3,75,255,69
84,green,1788789502,999454303,617,76,640,480,-2,-3,75,255,68
84,green,1788789502,999454303,617,76,640,480,-1,-3,76,255,68
84,green,1788789502,999454303,617,76,640,480,0,-3,76,255,67
84,green,1788789502,999454303,617,76,640,480,1,-3,77,255,64
84,green,1788789502,999454303,617,76,640,480,2,-3,77,255,63
84,green,1788789502,999454303,617,76,640,480,3,-3,79,255,62
84,green,1788789502,999454303,617,76,640,480,4,-3,80,255,63
84,green,1788789502,999454303,617,76,640,480,5,-3,82,255,63
84,green,1788789502,999454303,617,76,640,480,-5,-2,76,255,72
84,green,1788789502,999454303,617,76,640,480,-4,-2,75,255,71
84,green,1788789502,999454303,617,76,640,480,-3,-2,75,255,69
84,green,1788789502,999454303,617,76,640,480,-2,-2,75,255,68
84,green,1788789502,999454303,617,76,640,480,-1,-2,76,255,67
84,green,1788789502,999454303,617,76,640,480,0,-2,76,255,66
84,green,1788789502,999454303,617,76,640,480,1,-2,77,255,64
84,green,1788789502,999454303,617,76,640,480,2,-2,77,255,63
84,green,1788789502,999454303,617,76,640,480,3,-2,79,255,62
84,green,1788789502,999454303,617,76,640,480,4,-2,80,255,63
84,green,1788789502,999454303,617,76,640,480,5,-2,82,255,64
84,green,1788789502,999454303,617,76,640,480,-5,-1,76,255,72
84,green,1788789502,999454303,617,76,640,480,-4,-1,75,255,71
84,green,1788789502,999454303,617,76,640,480,-3,-1,75,255,69
84,green,1788789502,999454303,617,76,640,480,-2,-1,75,255,68
84,green,1788789502,999454303,617,76,640,480,-1,-1,76,255,66
84,green,1788789502,999454303,617,76,640,480,0,-1,76,255,65
84,green,1788789502,999454303,617,76,640,480,1,-1,77,255,63
84,green,1788789502,999454303,617,76,640,480,2,-1,77,255,62
84,green,1788789502,999454303,617,76,640,480,3,-1,79,255,62
84,green,1788789502,999454303,617,76,640,480,4,-1,80,255,64
84,green,1788789502,999454303,617,76,640,480,5,-1,82,251,65
84,green,1788789502,999454303,617,76,640,480,-5,0,76,255,72
84,green,1788789502,999454303,617,76,640,480,-4,0,75,255,71
84,green,1788789502,999454303,617,76,640,480,-3,0,75,255,69
84,green,1788789502,999454303,617,76,640,480,-2,0,75,255,68
84,green,1788789502,999454303,617,76,640,480,-1,0,76,255,66
84,green,1788789502,999454303,617,76,640,480,0,0,76,255,65
84,green,1788789502,999454303,617,76,640,480,1,0,77,255,63
84,green,1788789502,999454303,617,76,640,480,2,0,77,255,62
84,green,1788789502,999454303,617,76,640,480,3,0,79,255,62
84,green,1788789502,999454303,617,76,640,480,4,0,80,255,64
84,green,1788789502,999454303,617,76,640,480,5,0,82,251,65
84,green,1788789502,999454303,617,76,640,480,-5,1,76,255,72
84,green,1788789502,999454303,617,76,640,480,-4,1,75,255,71
84,green,1788789502,999454303,617,76,640,480,-3,1,75,255,69
84,green,1788789502,999454303,617,76,640,480,-2,1,75,255,68
84,green,1788789502,999454303,617,76,640,480,-1,1,76,255,67
84,green,1788789502,999454303,617,76,640,480,0,1,76,255,66
84,green,1788789502,999454303,617,76,640,480,1,1,77,255,64
84,green,1788789502,999454303,617,76,640,480,2,1,77,255,63
84,green,1788789502,999454303,617,76,640,480,3,1,79,255,62
84,green,1788789502,999454303,617,76,640,480,4,1,80,255,63
84,green,1788789502,999454303,617,76,640,480,5,1,82,255,64
84,green,1788789502,999454303,617,76,640,480,-5,2,76,255,72
84,green,1788789502,999454303,617,76,640,480,-4,2,75,255,71
84,green,1788789502,999454303,617,76,640,480,-3,2,75,255,69
84,green,1788789502,999454303,617,76,640,480,-2,2,75,255,68
84,green,1788789502,999454303,617,76,640,480,-1,2,76,255,68
84,green,1788789502,999454303,617,76,640,480,0,2,76,255,67
84,green,1788789502,999454303,617,76,640,480,1,2,77,255,64
84,green,1788789502,999454303,617,76,640,480,2,2,77,255,63
84,green,1788789502,999454303,617,76,640,480,3,2,79,255,62
84,green,1788789502,999454303,617,76,640,480,4,2,80,255,63
84,green,1788789502,999454303,617,76,640,480,5,2,82,255,63
84,green,1788789502,999454303,617,76,640,480,-5,3,76,255,72
84,green,1788789502,999454303,617,76,640,480,-4,3,76,255,70
84,green,1788789502,999454303,617,76,640,480,-3,3,76,255,69
84,green,1788789502,999454303,617,76,640,480,-2,3,76,255,68
84,green,1788789502,999454303,617,76,640,480,-1,3,77,251,70
84,green,1788789502,999454303,617,76,640,480,0,3,77,255,68
84,green,1788789502,999454303,617,76,640,480,1,3,78,255,65
84,green,1788789502,999454303,617,76,640,480,2,3,78,255,62
84,green,1788789502,999454303,617,76,640,480,3,3,79,255,61
84,green,1788789502,999454303,617,76,640,480,4,3,79,255,62
84,green,1788789502,999454303,617,76,640,480,5,3,80,255,63
84,green,1788789502,999454303,617,76,640,480,-5,4,77,255,69
84,green,1788789502,999454303,617,76,640,480,-4,4,77,255,68
84,green,1788789502,999454303,617,76,640,480,-3,4,77,255,68
84,green,1788789502,999454303,617,76,640,480,-2,4,77,255,69
84,green,1788789502,999454303,617,76,640,480,-1,4,78,244,69
84,green,1788789502,999454303,617,76,640,480,0,4,79,240,69
84,green,1788789502,999454303,617,76,640,480,1,4,79,240,68
84,green,1788789502,999454303,617,76,640,480,2,4,80,247,65
84,green,1788789502,999454303,617,76,640,480,3,4,80,255,62
84,green,1788789502,999454303,617,76,640,480,4,4,80,255,62
84,green,1788789502,999454303,617,76,640,480,5,4,81,251,64
84,green,1788789502,999454303,617,76,640,480,-5,5,78,255,68
84,green,1788789502,999454303,617,76,640,480,-4,5,78,255,68
84,green,1788789502,999454303,617,76,640,480,-3,5,78,255,68
84,green,1788789502,999454303,617,76,640,480,-2,5,78,255,69
84,green,1788789502,999454303,617,76,640,480,-1,5,79,244,68
84,green,1788789502,999454303,617,76,640,480,0,5,79,244,68
84,green,1788789502,999454303,617,76,640,480,1,5,80,240,67
84,green,1788789502,999454303,617,76,640,480,2,5,80,251,64
84,green,1788789502,999454303,617,76,640,480,3,5,80,255,62
84,green,1788789502,999454303,617,76,640,480,4,5,80,255,62
84,green,1788789502,999454303,617,76,640,480,5,5,81,247,63
85,green,1788789503,499227798,617,112,640,480,-5,-5,77,255,71
85,green,1788789503,499227798,617,112,640,480,-4,-5,77,255,70
85,green,1788789503,499227798,617,112,640,480,-3,-5,76,255,68
85,green,1788789503,499227798,617,112,640,480,-2,-5,76,255,67
85,green,1788789503,499227798,617,112,640,480,-1,-5,77,244,67
85,green,1788789503,499227798,617,112,640,480,0,-5,77,247,66
85,green,1788789503,499227798,617,112,640,480,1,-5,79,247,64
85,green,1788789503,499227798,617,112,640,480,2,-5,79,251,63
85,green,1788789503,499227798,617,112,640,480,3,-5,81,239,63
85,green,1788789503,499227798,617,112,640,480,4,-5,81,228,66
85,green,1788789503,499227798,617,112,640,480,5,-5,83,210,68
85,green,1788789503,499227798,617,112,640,480,-5,-4,77,255,71
85,green,1788789503,499227798,617,112,640,480,-4,-4,77,255,69
85,green,1788789503,499227798,617,112,640,480,-3,-4,76,255,67
85,green,1788789503,499227798,617,112,640,480,-2,-4,76,255,67
85,green,1788789503,499227798,617,112,640,480,-1,-4,77,244,67
85,green,1788789503,499227798,617,112,640,480,0,-4,77,247,66
85,green,1788789503,499227798,617,112,640,480,1,-4,79,251,63
85,green,1788789503,499227798,617,112,640,480,2,-4,79,251,63
85,green,1788789503,499227798,617,112,640,480,3,-4,81,235,64
85,green,1788789503,499227798,617,112,640,480,4,-4,81,225,67
85,green,1788789503,499227798,617,112,640,480,5,-4,83,210,68
85,green,1788789503,499227798,617,112,640,480,-5,-3,77,255,70
85,green,1788789503,499227798,617,112,640,480,-4,-3,77,255,69
85,green,1788789503,499227798,617,112,640,480,-3,-3,76,255,67
85,green,1788789503,499227798,617,112,640,480,-2,-3,76,255,66
85,green,1788789503,499227798,617,112,640,480,-1,-3,77,255,63
85,green,1788789503,499227798,617,112,640,480,0,-3,77,255,61
85,green,1788789503,499227798,617,112,640,480,1,-3,78,255,59
85,green,1788789503,499227798,617,112,640,480,2,-3,78,255,59
85,green,1788789503,499227798,617,112,640,480,3,-3,81,251,60
85,green,1788789503,499227798,617,112,640,480,4,-3,81,235,64
85,green,1788789503,499227798,617,112,640,480,5,-3,83,220,65
85,green,1788789503,499227798,617,112,640,480,-5,-2,77,255,70
85,green,1788789503,499227798,617,112,640,480,-4,-2,77,255,69
85,green,1788789503,499227798,617,112,640,480,-3,-2,76,255,67
85,green,1788789503,499227798,617,112,640,480,-2,-2,76,255,66
85,green,1788789503,499227798,617,112,640,480,-1,-2,77,255,61
85,green,1788789503,499227798,617,112,640,480,0,-2,77,255,60
85,green,1788789503,499227798,617,112,640,480,1,-2,78,255,58
85,green,1788789503,499227798,617,112,640,480,2,-2,78,255,58
85,green,1788789503,499227798,617,112,640,480,3,-2,81,255,59
85,green,1788789503,499227798,617,112,640,480,4,-2,81,239,63
85,green,1788789503,499227798,617,112,640,480,5,-2,83,220,65
85,green,1788789503,499227798,617,112,640,480,-5,-1,77,255,70
85,green,1788789503,499227798,617,112,640,480,-4,-1,77,255,68
85,green,1788789503,499227798,617,112,640,480,-3,-1,76,255,66
85,green,1788789503,499227798,617,112,640,480,-2,-1,76,255,66
85,green,1788789503,499227798,617,112,640,480,-1,-1,77,255,63
85,green,1788789503,499227798,617,112,640,480,0,-1,77,255,62
85,green,1788789503,499227798,617,112,640,480,1,-1,79,255,60
85,green,1788789503,499227798,617,112,640,480,2,-1,79,255,60
85,green,1788789503,499227798,617,112,640,480,3,-1,81,247,61
85,green,1788789503,499227798,617,112,640,480,4,-1,81,231,65
85,green,1788789503,499227798,617,112,640,480,5,-1,83,213,67
85,green,1788789503,499227798,617,112,640,480,-5,0,77,255,69
85,green,1788789503,499227798,617,112,640,480,-4,0,77,255,67
85,green,1788789503,499227798,617,112,640,480,-3,0,76,255,66
85,green,1788789503,499227798,617,112,640,480,-2,0,76,255,66
85,green,1788789503,499227798,617,112,640,480,-1,0,77,247,66
85,green,1788789503,499227798,617,112,640,480,0,0,77,255,62
85,green,1788789503,499227798,617,112,640,480,1,0,79,255,59
85,green,1788789503,499227798,617,112,640,480,2,0,79,243,62
85,green,1788789503,499227798,617,112,640,480,3,0,81,231,63
85,green,1788789503,499227798,617,112,640,480,4,0,81,227,64
85,green,1788789503,499227798,617,112,640,480,5,0,83,200,69
85,green,1788789503,499227798,617,112,640,480,-5,1,77,255,69
85,green,1788789503,499227798,617,112,640,480,-4,1,77,255,67
85,green,1788789503,499227798,617,112,640,480,-3,1,76,255,66
85,green,1788789503,499227798,617,112,640,480,-2,1,76,255,66
85,green,1788789503,499227798,617,112,640,480,-1,1,77,247,65
85,green,1788789503,499227798,617,112,640,480,0,1,77,255,61
85,green,1788789503,499227798,617,112,640,480,1,1,79,255,59
85,green,1788789503,499227798,617,112,640,480,2,1,79,243,62
85,green,1788789503,499227798,617,112,640,480,3,1,81,234,62
85,green,1788789503,499227798,617,112,640,480,4,1,81,231,63
85,green,1788789503,499227798,617,112,640,480,5,1,83,200,69
85,green,1788789503,499227798,617,112,640,480,-5,2,77,255,69
85,green,1788789503,499227798,617,112,640,480,-4,2,77,255,67
85,green,1788789503,499227798,617,112,640,480,-3,2,76,255,66
85,green,1788789503,499227798,617,112,640,480,-2,2,76,255,66
85,green,1788789503,499227798,617,112,640,480,-1,2,77,251,64
85,green,1788789503,499227798,617,112,640,480,0,2,77,255,61
85,green,1788789503,499227798,617,112,640,480,1,2,79,255,58
85,green,1788789503,499227798,617,112,640,480,2,2,79,247,61
85,green,1788789503,499227798,617,112,640,480,3,2,81,238,61
85,green,1788789503,499227798,617,112,640,480,4,2,81,234,62
85,green,1788789503,499227798,617,112,640,480,5,2,83,200,69
85,green,1788789503,499227798,617,112,640,480,-5,3,77,255,69
85,green,1788789503,499227798,617,112,640,480,-4,3,77,255,67
85,green,1788789503,499227798,617,112,640,480,-3,3,76,255,66
85,green,1788789503,499227798,617,112,640,480,-2,3,76,255,66
85,green,1788789503,499227798,617,112,640,480,-1,3,77,255,63
85,green,1788789503,499227798,617,112,640,480,0,3,77,255,60
85,green,1788789503,499227798,617,112,640,480,1,3,79,255,58
85,green,1788789503,499227798,617,112,640,480,2,3,79,251,60
85,green,1788789503,499227798,617,112,640,480,3,3,81,246,59
85,green,1788789503,499227798,617,112,640,480,4,3,81,238,61
85,green,1788789503,499227798,617,112,640,480,5,3,83,200,69
85,green,1788789503,499227798,617,112,640,480,-5,4,77,255,69
85,green,1788789503,499227798,617,112,640,480,-4,4,77,255,67
85,green,1788789503,499227798,617,112,640,480,-3,4,76,255,66
85,green,1788789503,499227798,617,112,640,480,-2,4,76,255,66
85,green,1788789503,499227798,617,112,640,480,-1,4,77,255,62
85,green,1788789503,499227798,617,112,640,480,0,4,77,255,61
85,green,1788789503,499227798,617,112,640,480,1,4,79,255,59
85,green,1788789503,499227798,617,112,640,480,2,4,79,251,60
85,green,1788789503,499227798,617,112,640,480,3,4,81,251,58
85,green,1788789503,499227798,617,112,640,480,4,4,81,242,60
85,green,1788789503,499227798,617,112,640,480,5,4,83,197,70
85,green,1788789503,499227798,617,112,640,480,-5,5,77,255,69
85,green,1788789503,499227798,617,112,640,480,-4,5,77,255,67
85,green,1788789503,499227798,617,112,640,480,-3,5,76,255,66
85,green,1788789503,499227798,617,112,640,480,-2,5,76,255,66
85,green,1788789503,499227798,617,112,640,480,-1,5,77,255,63
85,green,1788789503,499227798,617,112,640,480,0,5,77,255,62
85,green,1788789503,499227798,617,112,640,480,1,5,79,247,61
85,green,1788789503,499227798,617,112,640,480,2,5,79,247,61
85,green,1788789503,499227798,617,112,640,480,3,5,81,246,59
85,green,1788789503,499227798,617,112,640,480,4,5,81,242,60
85,green,1788789503,499227798,617,112,640,480,5,5,83,191,72
86,green,1788789503,999289127,617,120,640,480,-5,-5,77,255,68
86,green,1788789503,999289127,617,120,640,480,-4,-5,77,255,68
86,green,1788789503,999289127,617,120,640,480,-3,-5,76,251,68
86,green,1788789503,999289127,617,120,640,480,-2,-5,76,251,68
86,green,1788789503,999289127,617,120,640,480,-1,-5,77,255,61
86,green,1788789503,999289127,617,120,640,480,0,-5,77,255,60
86,green,1788789503,999289127,617,120,640,480,1,-5,79,255,58
86,green,1788789503,999289127,617,120,640,480,2,-5,79,251,60
86,green,1788789503,999289127,617,120,640,480,3,-5,81,246,59
86,green,1788789503,999289127,617,120,640,480,4,-5,81,234,62
86,green,1788789503,999289127,617,120,640,480,5,-5,83,194,71
86,green,1788789503,999289127,617,120,640,480,-5,-4,77,255,68
86,green,1788789503,999289127,617,120,640,480,-4,-4,77,255,68
86,green,1788789503,999289127,617,120,640,480,-3,-4,76,251,68
86,green,1788789503,999289127,617,120,640,480,-2,-4,76,251,68
86,green,1788789503,999289127,617,120,640,480,-1,-4,77,255,63
86,green,1788789503,999289127,617,120,640,480,0,-4,77,255,60
86,green,1788789503,999289127,617,120,640,480,1,-4,79,255,59
86,green,1788789503,999289127,617,120,640,480,2,-4,79,247,61
86,green,1788789503,999289127,617,120,640,480,3,-4,81,246,59
86,green,1788789503,999289127,617,120,640,480,4,-4,81,246,59
86,green,1788789503,999289127,617,120,640,480,5,-4,83,200,69
86,green,1788789503,999289127,617,120,640,480,-5,-3,77,255,68
86,green,1788789503,999289127,617,120,640,480,-4,-3,77,255,68
86,green,1788789503,999289127,617,120,640,480,-3,-3,76,251,68
86,green,1788789503,999289127,617,120,640,480,-2,-3,76,251,68
86,green,1788789503,999289127,617,120,640,480,-1,-3,77,247,65
86,green,1788789503,999289127,617,120,640,480,0,-3,77,255,60
86,green,1788789503,999289127,617,120,640,480,1,-3,79,255,59
86,green,1788789503,999289127,617,120,640,480,2,-3,79,243,62
86,green,1788789503,999289127,617,120,640,480,3,-3,81,251,58
86,green,1788789503,999289127,617,120,640,480,4,-3,81,255,56
86,green,1788789503,999289127,617,120,640,480,5,-3,83,206,67
86,green,1788789503,999289127,617,120,640,480,-5,-2,77,255,68
86,green,1788789503,999289127,617,120,640,480,-4,-2,77,255,68
86,green,1788789503,999289127,617,120,640,480,-3,-2,76,251,68
86,green,1788789503,999289127,617,120,640,480,-2,-2,76,251,68
86,green,1788789503,999289127,617,120,640,480,-1,-2,77,251,64
86,green,1788789503,999289127,617,120,640,480,0,-2,76,255,59
86,green,1788789503,999289127,617,120,640,480,1,-2,79,255,58
86,green,1788789503,999289127,617,120,640,480,2,-2,79,243,62
86,green,1788789503,999289127,617,120,640,480,3,-2,81,251,58
86,green,1788789503,999289127,617,120,640,480,4,-2,81,255,55
86,green,1788789503,999289127,617,120,640,480,5,-2,83,203,68
86,green,1788789503,999289127,617,120,640,480,-5,-1,77,255,68
86,green,1788789503,999289127,617,120,640,480,-4,-1,77,255,68
86,green,1788789503,999289127,617,120,640,480,-3,-1,76,251,68
86,green,1788789503,999289127,617,120,640,480,-2,-1,76,251,68
86,green,1788789503,999289127,617,120,640,480,-1,-1,77,255,62
86,green,1788789503,999289127,617,120,640,480,0,-1,76,255,57
86,green,1788789503,999289127,617,120,640,480,1,-1,78,255,56
86,green,1788789503,999289127,617,120,640,480,2,-1,79,243,62
86,green,1788789503,999289127,617,120,640,480,3,-1,81,246,59
86,green,1788789503,999289127,617,120,640,480,4,-1,81,255,56
86,green,1788789503,999289127,617,120,640,480,5,-1,83,200,69
86,green,1788789503,999289127,617,120,640,480,-5,0,77,255,69
86,green,1788789503,999289127,617,120,640,480,-4,0,77,255,68
86,green,1788789503,999289127,617,120,640,480,-3,0,76,255,67
86,green,1788789503,999289127,617,120,640,480,-2,0,76,255,67
86,green,1788789503,999289127,617,120,640,480,-1,0,77,251,64
86,green,1788789503,999289127,617,120,640,480,0,0,77,255,60
86,green,1788789503,999289127,617,120,640,480,1,0,79,225,67
86,green,1788789503,999289127,617,120,640,480,2,0,79,247,61
86,green,1788789503,999289127,617,120,640,480,3,0,81,246,59
86,green,1788789503,999289127,617,120,640,480,4,0,81,255,56
86,green,1788789503,999289127,617,120,640,480,5,0,83,242,57
86,green,1788789503,999289127,617,120,640,480,-5,1,77,255,69
86,green,1788789503,999289127,617,120,640,480,-4,1,77,255,68
86,green,1788789503,999289127,617,120,640,480,-3,1,76,255,67
86,green,1788789503,999289127,617,120,640,480,-2,1,76,255,67
86,green,1788789503,999289127,617,120,640,480,-1,1,77,251,64
86,green,1788789503,999289127,617,120,640,480,0,1,77,255,60
86,green,1788789503,999289127,617,120,640,480,1,1,79,225,67
86,green,1788789503,999289127,617,120,640,480,2,1,79,247,61
86,green,1788789503,999289127,617,120,640,480,3,1,81,246,59
86,green,1788789503,999289127,617,120,640,480,4,1,81,255,57
86,green,1788789503,999289127,617,120,640,480,5,1,83,233,59
86,green,1788789503,999289127,617,120,640,480,-5,2,77,255,69
86,green,1788789503,999289127,617,120,640,480,-4,2,77,255,68
86,green,1788789503,999289127,617,120,640,480,-3,2,76,255,67
86,green,1788789503,999289127,617,120,640,480,-2,2,76,255,67
86,green,1788789503,999289127,617,120,640,480,-1,2,77,251,64
86,green,1788789503,999289127,617,120,640,480,0,2,77,255,60
86,green,1788789503,999289127,617,120,640,480,1,2,79,228,66
86,green,1788789503,999289127,617,120,640,480,2,2,79,251,60
86,green,1788789503,999289127,617,120,640,480,3,2,81,246,59
86,green,1788789503,999289127,617,120,640,480,4,2,81,251,58
86,green,1788789503,999289127,617,120,640,480,5,2,83,226,61
86,green,1788789503,999289127,617,120,640,480,-5,3,77,255,69
86,green,1788789503,999289127,617,120,640,480,-4,3,77,255,68
86,green,1788789503,999289127,617,120,640,480,-3,3,76,255,67
86,green,1788789503,999289127,617,120,640,480,-2,3,76,255,67
86,green,1788789503,999289127,617,120,640,480,-1,3,77,251,64
86,green,1788789503,999289127,617,120,640,480,0,3,77,255,60
86,green,1788789503,999289127,617,120,640,480,1,3,79,231,65
86,green,1788789503,999289127,617,120,640,480,2,3,79,251,60
86,green,1788789503,999289127,617,120,640,480,3,3,81,246,59
86,green,1788789503,999289127,617,120,640,480,4,3,81,246,59
86,green,1788789503,999289127,617,120,640,480,5,3,83,215,64
86,green,1788789503,999289127,617,120,640,480,-5,4,77,255,69
86,green,1788789503,999289127,617,120,640,480,-4,4,77,255,68
86,green,1788789503,999289127,617,120,640,480,-3,4,76,255,67
86,green,1788789503,999289127,617,120,640,480,-2,4,76,255,67
86,green,1788789503,999289127,617,120,640,480,-1,4,77,247,65
86,green,1788789503,999289127,617,120,640,480,0,4,76,255,59
86,green,1788789503,999289127,617,120,640,480,1,4,79,231,65
86,green,1788789503,999289127,617,120,640,480,2,4,79,255,59
86,green,1788789503,999289127,617,120,640,480,3,4,81,246,59
86,green,1788789503,999289127,617,120,640,480,4,4,81,238,61
86,green,1788789503,999289127,617,120,640,480,5,4,83,206,67
86,green,1788789503,999289127,617,120,640,480,-5,5,77,255,69
86,green,1788789503,999289127,617,120,640,480,-4,5,77,255,68
86,green,1788789503,999289127,617,120,640,480,-3,5,76,255,67
86,green,1788789503,999289127,617,120,640,480,-2,5,76,255,67
86,green,1788789503,999289127,617,120,640,480,-1,5,77,247,65
86,green,1788789503,999289127,617,120,640,480,0,5,76,255,59
86,green,1788789503,999289127,617,120,640,480,1,5,79,235,64
86,green,1788789503,999289127,617,120,640,480,2,5,79,255,58
86,green,1788789503,999289127,617,120,640,480,3,5,81,246,59
86,green,1788789503,999289127,617,120,640,480,4,5,81,234,62
86,green,1788789503,999289127,617,120,640,480,5,5,83,197,70
87,green,1788789504,627594182,611,181,640,480,-5,-5,77,255,73
87,green,1788789504,627594182,611,181,640,480,-4,-5,77,255,72
87,green,1788789504,627594182,611,181,640,480,-3,-5,76,255,71
87,green,1788789504,627594182,611,181,640,480,-2,-5,76,255,70
87,green,1788789504,627594182,611,181,640,480,-1,-5,77,255,69
87,green,1788789504,627594182,611,181,640,480,0,-5,77,255,68
87,green,1788789504,627594182,611,181,640,480,1,-5,77,255,66
87,green,1788789504,627594182,611,181,640,480,2,-5,77,255,65
87,green,1788789504,627594182,611,181,640,480,3,-5,78,255,64
87,green,1788789504,627594182,611,181,640,480,4,-5,78,255,65
87,green,1788789504,627594182,611,181,640,480,5,-5,80,251,66
87,green,1788789504,627594182,611,181,640,480,-5,-4,77,255,74
87,green,1788789504,627594182,611,181,640,480,-4,-4,77,255,73
87,green,1788789504,627594182,611,181,640,480,-3,-4,76,255,71
87,green,1788789504,627594182,611,181,640,480,-2,-4,77,255,69
87,green,1788789504,627594182,611,181,640,480,-1,-4,77,255,69
87,green,1788789504,627594182,611,181,640,480,0,-4,77,255,68
87,green,1788789504,627594182,611,181,640,480,1,-4,77,255,66
87,green,1788789504,627594182,611,181,640,480,2,-4,77,255,65
87,green,1788789504,627594182,611,181,640,480,3,-4,78,255,64
87,green,1788789504,627594182,611,181,640,480,4,-4,78,255,65
87,green,1788789504,627594182,611,181,640,480,5,-4,81,255,63
87,green,1788789504,627594182,611,181,640,480,-5,-3,77,255,76
87,green,1788789504,627594182,611,181,640,480,-4,-3,77,255,74
87,green,1788789504,627594182,611,181,640,480,-3,-3,76,255,71
87,green,1788789504,627594182,611,181,640,480,-2,-3,77,255,69
87,green,1788789504,627594182,611,181,640,480,-1,-3,77,255,69
87,green,1788789504,627594182,611,181,640,480,0,-3,77,255,68
87,green,1788789504,627594182,611,181,640,480,1,-3,77,255,66
87,green,1788789504,627594182,611,181,640,480,2,-3,77,255,65
87,green,1788789504,627594182,611,181,640,480,3,-3,78,255,64
87,green,1788789504,627594182,611,181,640,480,4,-3,78,255,65
87,green,1788789504,627594182,611,181,640,480,5,-3,81,255,61
87,green,1788789504,627594182,611,181,640,480,-5,-2,78,255,77
87,green,1788789504,627594182,611,181,640,480,-4,-2,78,255,75
87,green,1788789504,627594182,611,181,640,480,-3,-2,76,255,71
87,green,1788789504,627594182,611,181,640,480,-2,-2,77,255,69
87,green,1788789504,627594182,611,181,640,480,-1,-2,77,255,69
87,green,1788789504,627594182,611,181,640,480,0,-2,77,255,68
87,green,1788789504,627594182,611,181,640,480,1,-2,77,255,66
87,green,1788789504,627594182,611,181,640,480,2,-2,77,255,65
87,green,1788789504,627594182,611,181,640,480,3,-2,78,255,64
87,green,1788789504,627594182,611,181,640,480,4,-2,78,255,65
87,green,1788789504,627594182,611,181,640,480,5,-2,81,255,61
87,green,1788789504,627594182,611,181,640,480,-5,-1,78,255,77
87,green,1788789504,627594182,611,181,640,480,-4,-1,78,252,76
87,green,1788789504,627594182,611,181,640,480,-3,-1,76,255,71
87,green,1788789504,627594182,611,181,640,480,-2,-1,77,255,69
87,green,1788789504,627594182,611,181,640,480,-1,-1,77,255,69
87,green,1788789504,627594182,611,181,640,480,0,-1,77,255,68
87,green,1788789504,627594182,611,181,640,480,1,-1,77,255,66
87,green,1788789504,627594182,611,181,640,480,2,-1,77,255,65
87,green,1788789504,627594182,611,181,640,480,3,-1,78,255,64
87,green,1788789504,627594182,611,181,640,480,4,-1,78,255,65
87,green,1788789504,627594182,611,181,640,480,5,-1,81,255,62
87,green,1788789504,627594182,611,181,640,480,-5,0,78,255,77
87,green,1788789504,627594182,611,181,640,480,-4,0,78,255,75
87,green,1788789504,627594182,611,181,640,480,-3,0,76,255,71
87,green,1788789504,627594182,611,181,640,480,-2,0,77,255,69
87,green,1788789504,627594182,611,181,640,480,-1,0,77,255,69
87,green,1788789504,627594182,611,181,640,480,0,0,77,255,68
87,green,1788789504,627594182,611,181,640,480,1,0,77,255,66
87,green,1788789504,627594182,611,181,640,480,2,0,77,255,65
87,green,1788789504,627594182,611,181,640,480,3,0,78,255,64
87,green,1788789504,627594182,611,181,640,480,4,0,78,255,65
87,green,1788789504,627594182,611,181,640,480,5,0,81,255,62
87,green,1788789504,627594182,611,181,640,480,-5,1,77,255,76
87,green,1788789504,627594182,611,181,640,480,-4,1,78,255,75
87,green,1788789504,627594182,611,181,640,480,-3,1,76,255,71
87,green,1788789504,627594182,611,181,640,480,-2,1,77,255,69
87,green,1788789504,627594182,611,181,640,480,-1,1,77,255,69
87,green,1788789504,627594182,611,181,640,480,0,1,77,255,68
87,green,1788789504,627594182,611,181,640,480,1,1,77,255,66
87,green,1788789504,627594182,611,181,640,480,2,1,77,255,65
87,green,1788789504,627594182,611,181,640,480,3,1,78,255,64
87,green,1788789504,627594182,611,181,640,480,4,1,78,255,65
87,green,1788789504,627594182,611,181,640,480,5,1,81,255,60
87,green,1788789504,627594182,611,181,640,480,-5,2,77,255,76
87,green,1788789504,627594182,611,181,640,480,-4,2,77,255,74
87,green,1788789504,627594182,611,181,640,480,-3,2,76,255,71
87,green,1788789504,627594182,611,181,640,480,-2,2,77,255,69
87,green,1788789504,627594182,611,181,640,480,-1,2,77,255,69
87,green,1788789504,627594182,611,181,640,480,0,2,77,255,68
87,green,1788789504,627594182,611,181,640,480,1,2,77,255,66
87,green,1788789504,627594182,611,181,640,480,2,2,77,255,65
87,green,1788789504,627594182,611,181,640,480,3,2,78,255,64
87,green,1788789504,627594182,611,181,640,480,4,2,78,255,65
87,green,1788789504,627594182,611,181,640,480,5,2,80,255,58
87,green,1788789504,627594182,611,181,640,480,-5,3,77,255,76
87,green,1788789504,627594182,611,181,640,480,-4,3,77,255,74
87,green,1788789504,627594182,611,181,640,480,-3,3,76,255,69
87,green,1788789504,627594182,611,181,640,480,-2,3,76,255,68
87,green,1788789504,627594182,611,181,640,480,-1,3,77,255,68
87,green,1788789504,627594182,611,181,640,480,0,3,77,255,67
87,green,1788789504,627594182,611,181,640,480,1,3,77,255,65
87,green,1788789504,627594182,611,181,640,480,2,3,77,255,64
87,green,1788789504,627594182,611,181,640,480,3,3,78,255,63
87,green,1788789504,627594182,611,181,640,480,4,3,78,255,62
87,green,1788789504,627594182,611,181,640,480,5,3,81,255,61
87,green,1788789504,627594182,611,181,640,480,-5,4,77,255,76
87,green,1788789504,627594182,611,181,640,480,-4,4,77,255,74
87,green,1788789504,627594182,611,181,640,480,-3,4,76,255,70
87,green,1788789504,627594182,611,181,640,480,-2,4,77,255,69
87,green,1788789504,627594182,611,181,640,480,-1,4,77,255,69
87,green,1788789504,627594182,611,181,640,480,0,4,77,255,68
87,green,1788789504,627594182,611,181,640,480,1,4,77,255,66
87,green,1788789504,627594182,611,181,640,480,2,4,77,255,65
87,green,1788789504,627594182,611,181,640,480,3,4,78,255,64
87,green,1788789504,627594182,611,181,640,480,4,4,78,255,63
87,green,1788789504,627594182,611,181,640,480,5,4,81,255,62
87,green,1788789504,627594182,611,181,640,480,-5,5,77,255,76
87,green,1788789504,627594182,611,181,640,480,-4,5,77,255,74
87,green,1788789504,627594182,611,181,640,480,-3,5,76,251,72
87,green,1788789504,627594182,611,181,640,480,-2,5,77,251,70
87,green,1788789504,627594182,611,181,640,480,-1,5,77,255,70
87,green,1788789504,627594182,611,181,640,480,0,5,77,255,70
87,green,1788789504,627594182,611,181,640,480,1,5,78,255,68
87,green,1788789504,627594182,611,181,640,480,2,5,77,255,67
87,green,1788789504,627594182,611,181,640,480,3,5,78,255,65
87,green,1788789504,627594182,611,181,640,480,4,5,78,255,65
87,green,1788789504,627594182,611,181,640,480,5,5,81,255,63
88,green,1788789504,749189590,608,156,640,480,-5,-5,78,255,80
88,green,1788789504,749189590,608,156,640,480,-4,-5,78,255,78
88,green,1788789504,749189590,608,156,640,480,-3,-5,78,255,77
88,green,1788789504,749189590,608,156,640,480,-2,-5,78,255,77
88,green,1788789504,749189590,608,156,640,480,-1,-5,77,255,76
88,green,1788789504,749189590,608,156,640,480,0,-5,78,252,74
88,green,1788789504,749189590,608,156,640,480,1,-5,78,252,74
88,green,1788789504,749189590,608,156,640,480,2,-5,77,248,73
88,green,1788789504,749189590,608,156,640,480,3,-5,77,255,71
88,green,1788789504,749189590,608,156,640,480,4,-5,78,255,69
88,green,1788789504,749189590,608,156,640,480,5,-5,77,255,67
88,green,1788789504,749189590,608,156,640,480,-5,-4,78,255,81
88,green,1788789504,749189590,608,156,640,480,-4,-4,78,252,80
88,green,1788789504,749189590,608,156,640,480,-3,-4,78,255,79
88,green,1788789504,749189590,608,156,640,480,-2,-4,78,252,78
88,green,1788789504,749189590,608,156,640,480,-1,-4,78,252,78
88,green,1788789504,749189590,608,156,640,480,0,-4,78,255,73
88,green,1788789504,749189590,608,156,640,480,1,-4,78,255,73
88,green,1788789504,749189590,608,156,640,480,2,-4,77,251,72
88,green,1788789504,749189590,608,156,640,480,3,-4,77,255,71
88,green,1788789504,749189590,608,156,640,480,4,-4,78,255,69
88,green,1788789504,749189590,608,156,640,480,5,-4,78,255,68
88,green,1788789504,749189590,608,156,640,480,-5,-3,78,255,81
88,green,1788789504,749189590,608,156,640,480,-4,-3,78,252,80
88,green,1788789504,749189590,608,156,640,480,-3,-3,78,255,79
88,green,1788789504,749189590,608,156,640,480,-2,-3,78,252,78
88,green,1788789504,749189590,608,156,640,480,-1,-3,78,252,78
88,green,1788789504,749189590,608,156,640,480,0,-3,78,255,73
88,green,1788789504,749189590,608,156,640,480,1,-3,78,255,73
88,green,1788789504,749189590,608,156,640,480,2,-3,77,251,72
88,green,1788789504,749189590,608,156,640,480,3,-3,77,255,71
88,green,1788789504,749189590,608,156,640,480,4,-3,78,255,69
88,green,1788789504,749189590,608,156,640,480,5,-3,78,255,68
88,green,1788789504,749189590,608,156,640,480,-5,-2,78,255,81
88,green,1788789504,749189590,608,156,640,480,-4,-2,78,252,80
88,green,1788789504,749189590,608,156,640,480,-3,-2,78,255,79
88,green,1788789504,749189590,608,156,640,480,-2,-2,78,252,78
88,green,1788789504,749189590,608,156,640,480,-1,-2,78,252,78
88,green,1788789504,749189590,608,156,640,480,0,-2,78,255,73
88,green,1788789504,749189590,608,156,640,480,1,-2,78,255,73
88,green,1788789504,749189590,608,156,640,480,2,-2,77,251,72
88,green,1788789504,749189590,608,156,640,480,3,-2,77,255,71
88,green,1788789504,749189590,608,156,640,480,4,-2,78,255,69
88,green,1788789504,749189590,608,156,640,480,5,-2,78,255,68
88,green,1788789504,749189590,608,156,640,480,-5,-1,78,255,81
88,green,1788789504,749189590,608,156,640,480,-4,-1,78,252,80
88,green,1788789504,749189590,608,156,640,480,-3,-1,78,255,79
88,green,1788789504,749189590,608,156,640,480,-2,-1,78,252,78
88,green,1788789504,749189590,608,156,640,480,-1,-1,78,252,78
88,green,1788789504,749189590,608,156,640,480,0,-1,78,255,73
88,green,1788789504,749189590,608,156,640,480,1,-1,78,255,73
88,green,1788789504,749189590,608,156,640,480,2,-1,77,251,72
88,green,1788789504,749189590,608,156,640,480,3,-1,77,255,71
88,green,1788789504,749189590,608,156,640,480,4,-1,78,255,69
88,green,1788789504,749189590,608,156,640,480,5,-1,78,255,68
88,green,1788789504,749189590,608,156,640,480,-5,0,78,255,81
88,green,1788789504,749189590,608,156,640,480,-4,0,78,252,80
88,green,1788789504,749189590,608,156,640,480,-3,0,78,255,79
88,green,1788789504,749189590,608,156,640,480,-2,0,78,252,78
88,green,1788789504,749189590,608,156,640,480,-1,0,78,252,78
88,green,1788789504,749189590,608,156,640,480,0,0,78,255,73
88,green,1788789504,749189590,608,156,640,480,1,0,78,255,73
88,green,1788789504,749189590,608,156,640,480,2,0,77,251,72
88,green,1788789504,749189590,608,156,640,480,3,0,77,255,71
88,green,1788789504,749189590,608,156,640,480,4,0,78,255,69
88,green,1788789504,749189590,608,156,640,480,5,0,78,255,68
88,green,1788789504,749189590,608,156,640,480,-5,1,78,255,81
88,green,1788789504,749189590,608,156,640,480,-4,1,78,252,80
88,green,1788789504,749189590,608,156,640,480,-3,1,78,255,79
88,green,1788789504,749189590,608,156,640,480,-2,1,78,252,78
88,green,1788789504,749189590,608,156,640,480,-1,1,78,252,78
88,green,1788789504,749189590,608,156,640,480,0,1,78,255,73
88,green,1788789504,749189590,608,156,640,480,1,1,78,255,73
88,green,1788789504,749189590,608,156,640,480,2,1,77,251,72
88,green,1788789504,749189590,608,156,640,480,3,1,77,255,71
88,green,1788789504,749189590,608,156,640,480,4,1,78,255,69
88,green,1788789504,749189590,608,156,640,480,5,1,78,255,68
88,green,1788789504,749189590,608,156,640,480,-5,2,78,255,81
88,green,1788789504,749189590,608,156,640,480,-4,2,78,252,80
88,green,1788789504,749189590,608,156,640,480,-3,2,78,255,79
88,green,1788789504,749189590,608,156,640,480,-2,2,78,252,78
88,green,1788789504,749189590,608,156,640,480,-1,2,78,252,78
88,green,1788789504,749189590,608,156,640,480,0,2,78,255,73
88,green,1788789504,749189590,608,156,640,480,1,2,78,255,73
88,green,1788789504,749189590,608,156,640,480,2,2,77,251,72
88,green,1788789504,749189590,608,156,640,480,3,2,77,255,71
88,green,1788789504,749189590,608,156,640,480,4,2,78,255,69
88,green,1788789504,749189590,608,156,640,480,5,2,78,255,68
88,green,1788789504,749189590,608,156,640,480,-5,3,78,255,81
88,green,1788789504,749189590,608,156,640,480,-4,3,78,252,80
88,green,1788789504,749189590,608,156,640,480,-3,3,78,255,79
88,green,1788789504,749189590,608,156,640,480,-2,3,78,252,78
88,green,1788789504,749189590,608,156,640,480,-1,3,78,248,77
88,green,1788789504,749189590,608,156,640,480,0,3,78,255,73
88,green,1788789504,749189590,608,156,640,480,1,3,77,248,73
88,green,1788789504,749189590,608,156,640,480,2,3,77,251,72
88,green,1788789504,749189590,608,156,640,480,3,3,77,255,71
88,green,1788789504,749189590,608,156,640,480,4,3,78,255,69
88,green,1788789504,749189590,608,156,640,480,5,3,78,255,68
88,green,1788789504,749189590,608,156,640,480,-5,4,78,255,80
88,green,1788789504,749189590,608,156,640,480,-4,4,78,255,78
88,green,1788789504,749189590,608,156,640,480,-3,4,78,255,77
88,green,1788789504,749189590,608,156,640,480,-2,4,78,255,77
88,green,1788789504,749189590,608,156,640,480,-1,4,78,255,75
88,green,1788789504,749189590,608,156,640,480,0,4,76,245,74
88,green,1788789504,749189590,608,156,640,480,1,4,76,245,74
88,green,1788789504,749189590,608,156,640,480,2,4,76,248,73
88,green,1788789504,749189590,608,156,640,480,3,4,76,255,71
88,green,1788789504,749189590,608,156,640,480,4,4,77,255,70
88,green,1788789504,749189590,608,156,640,480,5,4,77,255,68
88,green,1788789504,749189590,608,156,640,480,-5,5,78,255,80
88,green,1788789504,749189590,608,156,640,480,-4,5,78,255,78
88,green,1788789504,749189590,608,156,640,480,-3,5,78,255,77
88,green,1788789504,749189590,608,156,640,480,-2,5,78,255,77
88,green,1788789504,749189590,608,156,640,480,-1,5,77,255,75
88,green,1788789504,749189590,608,156,640,480,0,5,76,245,74
88,green,1788789504,749189590,608,156,640,480,1,5,75,241,74
88,green,1788789504,749189590,608,156,640,480,2,5,76,248,73
88,green,1788789504,749189590,608,156,640,480,3,5,76,255,71
88,green,1788789504,749189590,608,156,640,480,4,5,77,255,70
88,green,1788789504,749189590,608,156,640,480,5,5,77,255,68
89,green,1788789504,749189590,608,156,640,480,-5,-5,78,255,80
89,green,1788789504,749189590,608,156,640,480,-4,-5,78,255,78
89,green,1788789504,749189590,608,156,640,480,-3,-5,78,255,77
89,green,1788789504,749189590,608,156,640,480,-2,-5,78,255,77
89,green,1788789504,749189590,608,156,640,480,-1,-5,77,255,76
89,green,1788789504,749189590,608,156,640,480,0,-5,78,252,74
89,green,1788789504,749189590,608,156,640,480,1,-5,78,252,74
89,green,1788789504,749189590,608,156,640,480,2,-5,77,248,73
89,green,1788789504,749189590,608,156,640,480,3,-5,77,255,71
89,green,1788789504,749189590,608,156,640,480,4,-5,78,255,69
89,green,1788789504,749189590,608,156,640,480,5,-5,77,255,67
89,green,1788789504,749189590,608,156,640,480,-5,-4,78,255,81
89,green,1788789504,749189590,608,156,640,480,-4,-4,78,252,80
89,green,1788789504,749189590,608,156,640,480,-3,-4,78,255,79
89,green,1788789504,749189590,608,156,640,480,-2,-4,78,252,78
89,green,1788789504,749189590,608,156,640,480,-1,-4,78,252,78
89,green,1788789504,749189590,608,156,640,480,0,-4,78,255,73
89,green,1788789504,749189590,608,156,640,480,1,-4,78,255,73
89,green,1788789504,749189590,608,156,640,480,2,-4,77,251,72
89,green,1788789504,749189590,608,156,640,480,3,-4,77,255,71
89,green,1788789504,749189590,608,156,640,480,4,-4,78,255,69
89,green,1788789504,749189590,608,156,640,480,5,-4,78,255,68
89,green,1788789504,749189590,608,156,640,480,-5,-3,78,255,81
89,green,1788789504,749189590,608,156,640,480,-4,-3,78,252,80
89,green,1788789504,749189590,608,156,640,480,-3,-3,78,255,79
89,green,1788789504,749189590,608,156,640,480,-2,-3,78,252,78
89,green,1788789504,749189590,608,156,640,480,-1,-3,78,252,78
89,green,1788789504,749189590,608,156,640,480,0,-3,78,255,73
89,green,1788789504,749189590,608,156,640,480,1,-3,78,255,73
89,green,1788789504,749189590,608,156,640,480,2,-3,77,251,72
89,green,1788789504,749189590,608,156,640,480,3,-3,77,255,71
89,green,1788789504,749189590,608,156,640,480,4,-3,78,255,69
89,green,1788789504,749189590,608,156,640,480,5,-3,78,255,68
89,green,1788789504,749189590,608,156,640,480,-5,-2,78,255,81
89,green,1788789504,749189590,608,156,640,480,-4,-2,78,252,80
89,green,1788789504,749189590,608,156,640,480,-3,-2,78,255,79
89,green,1788789504,749189590,608,156,640,480,-2,-2,78,252,78
89,green,1788789504,749189590,608,156,640,480,-1,-2,78,252,78
89,green,1788789504,749189590,608,156,640,480,0,-2,78,255,73
89,green,1788789504,749189590,608,156,640,480,1,-2,78,255,73
89,green,1788789504,749189590,608,156,640,480,2,-2,77,251,72
89,green,1788789504,749189590,608,156,640,480,3,-2,77,255,71
89,green,1788789504,749189590,608,156,640,480,4,-2,78,255,69
89,green,1788789504,749189590,608,156,640,480,5,-2,78,255,68
89,green,1788789504,749189590,608,156,640,480,-5,-1,78,255,81
89,green,1788789504,749189590,608,156,640,480,-4,-1,78,252,80
89,green,1788789504,749189590,608,156,640,480,-3,-1,78,255,79
89,green,1788789504,749189590,608,156,640,480,-2,-1,78,252,78
89,green,1788789504,749189590,608,156,640,480,-1,-1,78,252,78
89,green,1788789504,749189590,608,156,640,480,0,-1,78,255,73
89,green,1788789504,749189590,608,156,640,480,1,-1,78,255,73
89,green,1788789504,749189590,608,156,640,480,2,-1,77,251,72
89,green,1788789504,749189590,608,156,640,480,3,-1,77,255,71
89,green,1788789504,749189590,608,156,640,480,4,-1,78,255,69
89,green,1788789504,749189590,608,156,640,480,5,-1,78,255,68
89,green,1788789504,749189590,608,156,640,480,-5,0,78,255,81
89,green,1788789504,749189590,608,156,640,480,-4,0,78,252,80
89,green,1788789504,749189590,608,156,640,480,-3,0,78,255,79
89,green,1788789504,749189590,608,156,640,480,-2,0,78,252,78
89,green,1788789504,749189590,608,156,640,480,-1,0,78,252,78
89,green,1788789504,749189590,608,156,640,480,0,0,78,255,73
89,green,1788789504,749189590,608,156,640,480,1,0,78,255,73
89,green,1788789504,749189590,608,156,640,480,2,0,77,251,72
89,green,1788789504,749189590,608,156,640,480,3,0,77,255,71
89,green,1788789504,749189590,608,156,640,480,4,0,78,255,69
89,green,1788789504,749189590,608,156,640,480,5,0,78,255,68
89,green,1788789504,749189590,608,156,640,480,-5,1,78,255,81
89,green,1788789504,749189590,608,156,640,480,-4,1,78,252,80
89,green,1788789504,749189590,608,156,640,480,-3,1,78,255,79
89,green,1788789504,749189590,608,156,640,480,-2,1,78,252,78
89,green,1788789504,749189590,608,156,640,480,-1,1,78,252,78
89,green,1788789504,749189590,608,156,640,480,0,1,78,255,73
89,green,1788789504,749189590,608,156,640,480,1,1,78,255,73
89,green,1788789504,749189590,608,156,640,480,2,1,77,251,72
89,green,1788789504,749189590,608,156,640,480,3,1,77,255,71
89,green,1788789504,749189590,608,156,640,480,4,1,78,255,69
89,green,1788789504,749189590,608,156,640,480,5,1,78,255,68
89,green,1788789504,749189590,608,156,640,480,-5,2,78,255,81
89,green,1788789504,749189590,608,156,640,480,-4,2,78,252,80
89,green,1788789504,749189590,608,156,640,480,-3,2,78,255,79
89,green,1788789504,749189590,608,156,640,480,-2,2,78,252,78
89,green,1788789504,749189590,608,156,640,480,-1,2,78,252,78
89,green,1788789504,749189590,608,156,640,480,0,2,78,255,73
89,green,1788789504,749189590,608,156,640,480,1,2,78,255,73
89,green,1788789504,749189590,608,156,640,480,2,2,77,251,72
89,green,1788789504,749189590,608,156,640,480,3,2,77,255,71
89,green,1788789504,749189590,608,156,640,480,4,2,78,255,69
89,green,1788789504,749189590,608,156,640,480,5,2,78,255,68
89,green,1788789504,749189590,608,156,640,480,-5,3,78,255,81
89,green,1788789504,749189590,608,156,640,480,-4,3,78,252,80
89,green,1788789504,749189590,608,156,640,480,-3,3,78,255,79
89,green,1788789504,749189590,608,156,640,480,-2,3,78,252,78
89,green,1788789504,749189590,608,156,640,480,-1,3,78,248,77
89,green,1788789504,749189590,608,156,640,480,0,3,78,255,73
89,green,1788789504,749189590,608,156,640,480,1,3,77,248,73
89,green,1788789504,749189590,608,156,640,480,2,3,77,251,72
89,green,1788789504,749189590,608,156,640,480,3,3,77,255,71
89,green,1788789504,749189590,608,156,640,480,4,3,78,255,69
89,green,1788789504,749189590,608,156,640,480,5,3,78,255,68
89,green,1788789504,749189590,608,156,640,480,-5,4,78,255,80
89,green,1788789504,749189590,608,156,640,480,-4,4,78,255,78
89,green,1788789504,749189590,608,156,640,480,-3,4,78,255,77
89,green,1788789504,749189590,608,156,640,480,-2,4,78,255,77
89,green,1788789504,749189590,608,156,640,480,-1,4,78,255,75
89,green,1788789504,749189590,608,156,640,480,0,4,76,245,74
89,green,1788789504,749189590,608,156,640,480,1,4,76,245,74
89,green,1788789504,749189590,608,156,640,480,2,4,76,248,73
89,green,1788789504,749189590,608,156,640,480,3,4,76,255,71
89,green,1788789504,749189590,608,156,640,480,4,4,77,255,70
89,green,1788789504,749189590,608,156,640,480,5,4,77,255,68
89,green,1788789504,749189590,608,156,640,480,-5,5,78,255,80
89,green,1788789504,749189590,608,156,640,480,-4,5,78,255,78
89,green,1788789504,749189590,608,156,640,480,-3,5,78,255,77
89,green,1788789504,749189590,608,156,640,480,-2,5,78,255,77
89,green,1788789504,749189590,608,156,640,480,-1,5,77,255,75
89,green,1788789504,749189590,608,156,640,480,0,5,76,245,74
89,green,1788789504,749189590,608,156,640,480,1,5,75,241,74
89,green,1788789504,749189590,608,156,640,480,2,5,76,248,73
89,green,1788789504,749189590,608,156,640,480,3,5,76,255,71
89,green,1788789504,749189590,608,156,640,480,4,5,77,255,70
89,green,1788789504,749189590,608,156,640,480,5,5,77,255,68
90,green,1788789505,999237031,608,192,640,480,-5,-5,79,255,80
90,green,1788789505,999237031,608,192,640,480,-4,-5,79,255,78
90,green,1788789505,999237031,608,192,640,480,-3,-5,79,255,77
90,green,1788789505,999237031,608,192,640,480,-2,-5,79,255,75
90,green,1788789505,999237031,608,192,640,480,-1,-5,78,255,74
90,green,1788789505,999237031,608,192,640,480,0,-5,77,248,71
90,green,1788789505,999237031,608,192,640,480,1,-5,75,237,72
90,green,1788789505,999237031,608,192,640,480,2,-5,76,237,72
90,green,1788789505,999237031,608,192,640,480,3,-5,76,244,70
90,green,1788789505,999237031,608,192,640,480,4,-5,77,255,67
90,green,1788789505,999237031,608,192,640,480,5,-5,77,255,66
90,green,1788789505,999237031,608,192,640,480,-5,-4,79,255,79
90,green,1788789505,999237031,608,192,640,480,-4,-4,79,255,78
90,green,1788789505,999237031,608,192,640,480,-3,-4,79,255,76
90,green,1788789505,999237031,608,192,640,480,-2,-4,79,255,74
90,green,1788789505,999237031,608,192,640,480,-1,-4,78,255,74
90,green,1788789505,999237031,608,192,640,480,0,-4,77,248,71
90,green,1788789505,999237031,608,192,640,480,1,-4,75,237,72
90,green,1788789505,999237031,608,192,640,480,2,-4,76,237,72
90,green,1788789505,999237031,608,192,640,480,3,-4,76,244,70
90,green,1788789505,999237031,608,192,640,480,4,-4,77,255,67
90,green,1788789505,999237031,608,192,640,480,5,-4,77,255,66
90,green,1788789505,999237031,608,192,640,480,-5,-3,79,255,79
90,green,1788789505,999237031,608,192,640,480,-4,-3,79,255,77
90,green,1788789505,999237031,608,192,640,480,-3,-3,79,255,76
90,green,1788789505,999237031,608,192,640,480,-2,-3,79,255,74
90,green,1788789505,999237031,608,192,640,480,-1,-3,78,255,73
90,green,1788789505,999237031,608,192,640,480,0,-3,77,248,71
90,green,1788789505,999237031,608,192,640,480,1,-3,75,237,72
90,green,1788789505,999237031,608,192,640,480,2,-3,76,241,71
90,green,1788789505,999237031,608,192,640,480,3,-3,76,248,69
90,green,1788789505,999237031,608,192,640,480,4,-3,77,255,66
90,green,1788789505,999237031,608,192,640,480,5,-3,77,255,65
90,green,1788789505,999237031,608,192,640,480,-5,-2,79,255,78
90,green,1788789505,999237031,608,192,640,480,-4,-2,79,255,77
90,green,1788789505,999237031,608,192,640,480,-3,-2,79,255,76
90,green,1788789505,999237031,608,192,640,480,-2,-2,79,255,74
90,green,1788789505,999237031,608,192,640,480,-1,-2,78,255,73
90,green,1788789505,999237031,608,192,640,480,0,-2,77,251,70
90,green,1788789505,999237031,608,192,640,480,1,-2,75,241,71
90,green,1788789505,999237031,608,192,640,480,2,-2,76,244,70
90,green,1788789505,999237031,608,192,640,480,3,-2,76,251,68
90,green,1788789505,999237031,608,192,640,480,4,-2,77,255,65
90,green,1788789505,999237031,608,192,640,480,5,-2,76,255,64
90,green,1788789505,999237031,608,192,640,480,-5,-1,79,255,78
90,green,1788789505,999237031,608,192,640,480,-4,-1,79,255,76
90,green,1788789505,999237031,608,192,640,480,-3,-1,78,255,74
90,green,1788789505,999237031,608,192,640,480,-2,-1,78,255,73
90,green,1788789505,999237031,608,192,640,480,-1,-1,78,255,72
90,green,1788789505,999237031,608,192,640,480,0,-1,77,255,69
90,green,1788789505,999237031,608,192,640,480,1,-1,75,244,70
90,green,1788789505,999237031,608,192,640,480,2,-1,76,244,70
90,green,1788789505,999237031,608,192,640,480,3,-1,76,255,67
90,green,1788789505,999237031,608,192,640,480,4,-1,76,255,64
90,green,1788789505,999237031,608,192,640,480,5,-1,76,255,63
90,green,1788789505,999237031,608,192,640,480,-5,0,78,252,77
90,green,1788789505,999237031,608,192,640,480,-4,0,78,252,76
90,green,1788789505,999237031,608,192,640,480,-3,0,77,255,74
90,green,1788789505,999237031,608,192,640,480,-2,0,78,255,73
90,green,1788789505,999237031,608,192,640,480,-1,0,78,255,72
90,green,1788789505,999237031,608,192,640,480,0,0,77,255,69
90,green,1788789505,999237031,608,192,640,480,1,0,76,248,69
90,green,1788789505,999237031,608,192,640,480,2,0,77,248,68
90,green,1788789505,999237031,608,192,640,480,3,0,77,251,67
90,green,1788789505,999237031,608,192,640,480,4,0,78,255,68
90,green,1788789505,999237031,608,192,640,480,5,0,78,255,68
90,green,1788789505,999237031,608,192,640,480,-5,1,78,248,77
90,green,1788789505,999237031,608,192,640,480,-4,1,78,248,75
90,green,1788789505,999237031,608,192,640,480,-3,1,78,255,73
90,green,1788789505,999237031,608,192,640,480,-2,1,78,255,72
90,green,1788789505,999237031,608,192,640,480,-1,1,77,251,72
90,green,1788789505,999237031,608,192,640,480,0,1,77,255,69
90,green,1788789505,999237031,608,192,640,480,1,1,76,248,69
90,green,1788789505,999237031,608,192,640,480,2,1,77,248,68
90,green,1788789505,999237031,608,192,640,480,3,1,77,251,67
90,green,1788789505,999237031,608,192,640,480,4,1,78,255,68
90,green,1788789505,999237031,608,192,640,480,5,1,77,255,67
90,green,1788789505,999237031,608,192,640,480,-5,2,78,248,77
90,green,1788789505,999237031,608,192,640,480,-4,2,78,248,75
90,green,1788789505,999237031,608,192,640,480,-3,2,78,255,73
90,green,1788789505,999237031,608,192,640,480,-2,2,78,255,72
90,green,1788789505,999237031,608,192,640,480,-1,2,77,251,72
90,green,1788789505,999237031,608,192,640,480,0,2,77,255,69
90,green,1788789505,999237031,608,192,640,480,1,2,76,248,69
90,green,1788789505,999237031,608,192,640,480,2,2,77,251,67
90,green,1788789505,999237031,608,192,640,480,3,2,77,251,67
90,green,1788789505,999237031,608,192,640,480,4,2,77,255,67
90,green,1788789505,999237031,608,192,640,480,5,2,77,255,67
90,green,1788789505,999237031,608,192,640,480,-5,3,78,248,77
90,green,1788789505,999237031,608,192,640,480,-4,3,78,248,75
90,green,1788789505,999237031,608,192,640,480,-3,3,78,255,73
90,green,1788789505,999237031,608,192,640,480,-2,3,78,255,72
90,green,1788789505,999237031,608,192,640,480,-1,3,77,251,72
90,green,1788789505,999237031,608,192,640,480,0,3,76,255,68
90,green,1788789505,999237031,608,192,640,480,1,3,76,251,68
90,green,1788789505,999237031,608,192,640,480,2,3,77,251,67
90,green,1788789505,999237031,608,192,640,480,3,3,77,255,66
90,green,1788789505,999237031,608,192,640,480,4,3,77,255,67
90,green,1788789505,999237031,608,192,640,480,5,3,77,255,67
90,green,1788789505,999237031,608,192,640,480,-5,4,78,248,77
90,green,1788789505,999237031,608,192,640,480,-4,4,78,248,75
90,green,1788789505,999237031,608,192,640,480,-3,4,78,255,73
90,green,1788789505,999237031,608,192,640,480,-2,4,78,255,72
90,green,1788789505,999237031,608,192,640,480,-1,4,77,251,72
90,green,1788789505,999237031,608,192,640,480,0,4,76,255,68
90,green,1788789505,999237031,608,192,640,480,1,4,76,251,68
90,green,1788789505,999237031,608,192,640,480,2,4,77,255,66
90,green,1788789505,999237031,608,192,640,480,3,4,77,255,66
90,green,1788789505,999237031,608,192,640,480,4,4,77,255,67
90,green,1788789505,999237031,608,192,640,480,5,4,77,255,66
90,green,1788789505,999237031,608,192,640,480,-5,5,78,248,77
90,green,1788789505,999237031,608,192,640,480,-4,5,78,248,75
90,green,1788789505,999237031,608,192,640,480,-3,5,78,255,73
90,green,1788789505,999237031,608,192,640,480,-2,5,78,255,72
90,green,1788789505,999237031,608,192,640,480,-1,5,77,251,72
90,green,1788789505,999237031,608,192,640,480,0,5,76,255,68
90,green,1788789505,999237031,608,192,640,480,1,5,76,255,67
90,green,1788789505,999237031,608,192,640,480,2,5,77,255,66
90,green,1788789505,999237031,608,192,640,480,3,5,77,255,66
90,green,1788789505,999237031,608,192,640,480,4,5,77,255,66
90,green,1788789505,999237031,608,192,640,480,5,5,77,255,66
91,green,1788789505,999237031,608,192,640,480,-5,-5,79,255,80
91,green,1788789505,999237031,608,192,640,480,-4,-5,79,255,78
91,green,1788789505,999237031,608,192,640,480,-3,-5,79,255,77
91,green,1788789505,999237031,608,192,640,480,-2,-5,79,255,75
91,green,1788789505,999237031,608,192,640,480,-1,-5,78,255,74
91,green,1788789505,999237031,608,192,640,480,0,-5,77,248,71
91,green,1788789505,999237031,608,192,640,480,1,-5,75,237,72
91,green,1788789505,999237031,608,192,640,480,2,-5,76,237,72
91,green,1788789505,999237031,608,192,640,480,3,-5,76,244,70
91,green,1788789505,999237031,608,192,640,480,4,-5,77,255,67
91,green,1788789505,999237031,608,192,640,480,5,-5,77,255,66
91,green,1788789505,999237031,608,192,640,480,-5,-4,79,255,79
91,green,1788789505,999237031,608,192,640,480,-4,-4,79,255,78
91,green,1788789505,999237031,608,192,640,480,-3,-4,79,255,76
91,green,1788789505,999237031,608,192,640,480,-2,-4,79,255,74
91,green,1788789505,999237031,608,192,640,480,-1,-4,78,255,74
91,green,1788789505,999237031,608,192,640,480,0,-4,77,248,71
91,green,1788789505,999237031,608,192,640,480,1,-4,75,237,72
91,green,1788789505,999237031,608,192,640,480,2,-4,76,237,72
91,green,1788789505,999237031,608,192,640,480,3,-4,76,244,70
91,green,1788789505,999237031,608,192,640,480,4,-4,77,255,67
91,green,1788789505,999237031,608,192,640,480,5,-4,77,255,66
91,green,1788789505,999237031,608,192,640,480,-5,-3,79,255,79
91,green,1788789505,999237031,608,192,640,480,-4,-3,79,255,77
91,green,1788789505,999237031,608,192,640,480,-3,-3,79,255,76
91,green,1788789505,999237031,608,192,640,480,-2,-3,79,255,74
91,green,1788789505,999237031,608,192,640,480,-1,-3,78,255,73
91,green,1788789505,999237031,608,192,640,480,0,-3,77,248,71
91,green,1788789505,999237031,608,192,640,480,1,-3,75,237,72
91,green,1788789505,999237031,608,192,640,480,2,-3,76,241,71
91,green,1788789505,999237031,608,192,640,480,3,-3,76,248,69
91,green,1788789505,999237031,608,192,640,480,4,-3,77,255,66
91,green,1788789505,999237031,608,192,640,480,5,-3,77,255,65
91,green,1788789505,999237031,608,192,640,480,-5,-2,79,255,78
91,green,1788789505,999237031,608,192,640,480,-4,-2,79,255,77
91,green,1788789505,999237031,608,192,640,480,-3,-2,79,255,76
91,green,1788789505,999237031,608,192,640,480,-2,-2,79,255,74
91,green,1788789505,999237031,608,192,640,480,-1,-2,78,255,73
91,green,1788789505,999237031,608,192,640,480,0,-2,77,251,70
91,green,1788789505,999237031,608,192,640,480,1,-2,75,241,71
91,green,1788789505,999237031,608,192,640,480,2,-2,76,244,70
91,green,1788789505,999237031,608,192,640,480,3,-2,76,251,68
91,green,1788789505,999237031,608,192,640,480,4,-2,77,255,65
91,green,1788789505,999237031,608,192,640,480,5,-2,76,255,64
91,green,1788789505,999237031,608,192,640,480,-5,-1,79,255,78
91,green,1788789505,999237031,608,192,640,480,-4,-1,79,255,76
91,green,1788789505,999237031,608,192,640,480,-3,-1,78,255,74
91,green,1788789505,999237031,608,192,640,480,-2,-1,78,255,73
91,green,1788789505,999237031,608,192,640,480,-1,-1,78,255,72
91,green,1788789505,999237031,608,192,640,480,0,-1,77,255,69
91,green,1788789505,999237031,608,192,640,480,1,-1,75,244,70
91,green,1788789505,999237031,608,192,640,480,2,-1,76,244,70
91,green,1788789505,999237031,608,192,640,480,3,-1,76,255,67
91,green,1788789505,999237031,608,192,640,480,4,-1,76,255,64
91,green,1788789505,999237031,608,192,640,480,5,-1,76,255,63
91,green,1788789505,999237031,608,192,640,480,-5,0,78,252,77
91,green,1788789505,999237031,608,192,640,480,-4,0,78,252,76
91,green,1788789505,999237031,608,192,640,480,-3,0,77,255,74
91,green,1788789505,999237031,608,192,640,480,-2,0,78,255,73
91,green,1788789505,999237031,608,192,640,480,-1,0,78,255,72
91,green,1788789505,999237031,608,192,640,480,0,0,77,255,69
91,green,1788789505,999237031,608,192,640,480,1,0,76,248,69
91,green,1788789505,999237031,608,192,640,480,2,0,77,248,68
91,green,1788789505,999237031,608,192,640,480,3,0,77,251,67
91,green,1788789505,999237031,608,192,640,480,4,0,78,255,68
91,green,1788789505,999237031,608,192,640,480,5,0,78,255,68
91,green,1788789505,999237031,608,192,640,480,-5,1,78,248,77
91,green,1788789505,999237031,608,192,640,480,-4,1,78,248,75
91,green,1788789505,999237031,608,192,640,480,-3,1,78,255,73
91,green,1788789505,999237031,608,192,640,480,-2,1,78,255,72
91,green,1788789505,999237031,608,192,640,480,-1,1,77,251,72
91,green,1788789505,999237031,608,192,640,480,0,1,77,255,69
91,green,1788789505,999237031,608,192,640,480,1,1,76,248,69
91,green,1788789505,999237031,608,192,640,480,2,1,77,248,68
91,green,1788789505,999237031,608,192,640,480,3,1,77,251,67
91,green,1788789505,999237031,608,192,640,480,4,1,78,255,68
91,green,1788789505,999237031,608,192,640,480,5,1,77,255,67
91,green,1788789505,999237031,608,192,640,480,-5,2,78,248,77
91,green,1788789505,999237031,608,192,640,480,-4,2,78,248,75
91,green,1788789505,999237031,608,192,640,480,-3,2,78,255,73
91,green,1788789505,999237031,608,192,640,480,-2,2,78,255,72
91,green,1788789505,999237031,608,192,640,480,-1,2,77,251,72
91,green,1788789505,999237031,608,192,640,480,0,2,77,255,69
91,green,1788789505,999237031,608,192,640,480,1,2,76,248,69
91,green,1788789505,999237031,608,192,640,480,2,2,77,251,67
91,green,1788789505,999237031,608,192,640,480,3,2,77,251,67
91,green,1788789505,999237031,608,192,640,480,4,2,77,255,67
91,green,1788789505,999237031,608,192,640,480,5,2,77,255,67
91,green,1788789505,999237031,608,192,640,480,-5,3,78,248,77
91,green,1788789505,999237031,608,192,640,480,-4,3,78,248,75
91,green,1788789505,999237031,608,192,640,480,-3,3,78,255,73
91,green,1788789505,999237031,608,192,640,480,-2,3,78,255,72
91,green,1788789505,999237031,608,192,640,480,-1,3,77,251,72
91,green,1788789505,999237031,608,192,640,480,0,3,76,255,68
91,green,1788789505,999237031,608,192,640,480,1,3,76,251,68
91,green,1788789505,999237031,608,192,640,480,2,3,77,251,67
91,green,1788789505,999237031,608,192,640,480,3,3,77,255,66
91,green,1788789505,999237031,608,192,640,480,4,3,77,255,67
91,green,1788789505,999237031,608,192,640,480,5,3,77,255,67
91,green,1788789505,999237031,608,192,640,480,-5,4,78,248,77
91,green,1788789505,999237031,608,192,640,480,-4,4,78,248,75
91,green,1788789505,999237031,608,192,640,480,-3,4,78,255,73
91,green,1788789505,999237031,608,192,640,480,-2,4,78,255,72
91,green,1788789505,999237031,608,192,640,480,-1,4,77,251,72
91,green,1788789505,999237031,608,192,640,480,0,4,76,255,68
91,green,1788789505,999237031,608,192,640,480,1,4,76,251,68
91,green,1788789505,999237031,608,192,640,480,2,4,77,255,66
91,green,1788789505,999237031,608,192,640,480,3,4,77,255,66
91,green,1788789505,999237031,608,192,640,480,4,4,77,255,67
91,green,1788789505,999237031,608,192,640,480,5,4,77,255,66
91,green,1788789505,999237031,608,192,640,480,-5,5,78,248,77
91,green,1788789505,999237031,608,192,640,480,-4,5,78,248,75
91,green,1788789505,999237031,608,192,640,480,-3,5,78,255,73
91,green,1788789505,999237031,608,192,640,480,-2,5,78,255,72
91,green,1788789505,999237031,608,192,640,480,-1,5,77,251,72
91,green,1788789505,999237031,608,192,640,480,0,5,76,255,68
91,green,1788789505,999237031,608,192,640,480,1,5,76,255,67
91,green,1788789505,999237031,608,192,640,480,2,5,77,255,66
91,green,1788789505,999237031,608,192,640,480,3,5,77,255,66
91,green,1788789505,999237031,608,192,640,480,4,5,77,255,66
91,green,1788789505,999237031,608,192,640,480,5,5,77,255,66
92,green,1788789505,999237031,610,228,640,480,-5,-5,78,255,71
92,green,1788789505,999237031,610,228,640,480,-4,-5,78,255,70
92,green,1788789505,999237031,610,228,640,480,-3,-5,77,255,68
92,green,1788789505,999237031,610,228,640,480,-2,-5,76,251,66
92,green,1788789505,999237031,610,228,640,480,-1,-5,76,251,64
92,green,1788789505,999237031,610,228,640,480,0,-5,77,255,63
92,green,1788789505,999237031,610,228,640,480,1,-5,77,255,63
92,green,1788789505,999237031,610,228,640,480,2,-5,78,255,62
92,green,1788789505,999237031,610,228,640,480,3,-5,78,255,62
92,green,1788789505,999237031,610,228,640,480,4,-5,79,243,62
92,green,1788789505,999237031,610,228,640,480,5,-5,79,239,63
92,green,1788789505,999237031,610,228,640,480,-5,-4,78,255,69
92,green,1788789505,999237031,610,228,640,480,-4,-4,78,255,69
92,green,1788789505,999237031,610,228,640,480,-3,-4,77,255,68
92,green,1788789505,999237031,610,228,640,480,-2,-4,76,255,65
92,green,1788789505,999237031,610,228,640,480,-1,-4,75,255,64
92,green,1788789505,999237031,610,228,640,480,0,-4,76,255,64
92,green,1788789505,999237031,610,228,640,480,1,-4,76,255,64
92,green,1788789505,999237031,610,228,640,480,2,-4,77,255,62
92,green,1788789505,999237031,610,228,640,480,3,-4,77,255,62
92,green,1788789505,999237031,610,228,640,480,4,-4,78,255,60
92,green,1788789505,999237031,610,228,640,480,5,-4,79,255,59
92,green,1788789505,999237031,610,228,640,480,-5,-3,78,255,69
92,green,1788789505,999237031,610,228,640,480,-4,-3,78,255,69
92,green,1788789505,999237031,610,228,640,480,-3,-3,77,255,68
92,green,1788789505,999237031,610,228,640,480,-2,-3,76,255,65
92,green,1788789505,999237031,610,228,640,480,-1,-3,75,255,65
92,green,1788789505,999237031,610,228,640,480,0,-3,76,255,66
92,green,1788789505,999237031,610,228,640,480,1,-3,76,255,65
92,green,1788789505,999237031,610,228,640,480,2,-3,77,255,63
92,green,1788789505,999237031,610,228,640,480,3,-3,77,255,63
92,green,1788789505,999237031,610,228,640,480,4,-3,78,255,61
92,green,1788789505,999237031,610,228,640,480,5,-3,78,251,61
92,green,1788789505,999237031,610,228,640,480,-5,-2,78,255,69
92,green,1788789505,999237031,610,228,640,480,-4,-2,78,255,69
92,green,1788789505,999237031,610,228,640,480,-3,-2,77,255,68
92,green,1788789505,999237031,610,228,640,480,-2,-2,76,251,66
92,green,1788789505,999237031,610,228,640,480,-1,-2,75,251,66
92,green,1788789505,999237031,610,228,640,480,0,-2,76,255,67
92,green,1788789505,999237031,610,228,640,480,1,-2,76,255,67
92,green,1788789505,999237031,610,228,640,480,2,-2,77,255,64
92,green,1788789505,999237031,610,228,640,480,3,-2,77,255,64
92,green,1788789505,999237031,610,228,640,480,4,-2,78,255,62
92,green,1788789505,999237031,610,228,640,480,5,-2,78,247,62
92,green,1788789505,999237031,610,228,640,480,-5,-1,78,255,69
92,green,1788789505,999237031,610,228,640,480,-4,-1,78,255,69
92,green,1788789505,999237031,610,228,640,480,-3,-1,77,255,68
92,green,1788789505,999237031,610,228,640,480,-2,-1,76,247,67
92,green,1788789505,999237031,610,228,640,480,-1,-1,75,247,67
92,green,1788789505,999237031,610,228,640,480,0,-1,76,251,68
92,green,1788789505,999237031,610,228,640,480,1,-1,76,255,67
92,green,1788789505,999237031,610,228,640,480,2,-1,77,251,65
92,green,1788789505,999237031,610,228,640,480,3,-1,77,255,64
92,green,1788789505,999237031,610,228,640,480,4,-1,78,251,63
92,green,1788789505,999237031,610,228,640,480,5,-1,78,243,63
92,green,1788789505,999237031,610,228,640,480,-5,0,78,255,69
92,green,1788789505,999237031,610,228,640,480,-4,0,78,255,69
92,green,1788789505,999237031,610,228,640,480,-3,0,77,255,68
92,green,1788789505,999237031,610,228,640,480,-2,0,76,247,67
92,green,1788789505,999237031,610,228,640,480,-1,0,75,247,67
92,green,1788789505,999237031,610,228,640,480,0,0,76,251,68
92,green,1788789505,999237031,610,228,640,480,1,0,76,255,67
92,green,1788789505,999237031,610,228,640,480,2,0,77,251,65
92,green,1788789505,999237031,610,228,640,480,3,0,77,255,64
92,green,1788789505,999237031,610,228,640,480,4,0,78,251,63
92,green,1788789505,999237031,610,228,640,480,5,0,78,243,63
92,green,1788789505,999237031,610,228,640,480,-5,1,78,255,69
92,green,1788789505,999237031,610,228,640,480,-4,1,78,255,69
92,green,1788789505,999237031,610,228,640,480,-3,1,77,255,68
92,green,1788789505,999237031,610,228,640,480,-2,1,76,251,66
92,green,1788789505,999237031,610,228,640,480,-1,1,75,251,66
92,green,1788789505,999237031,610,228,640,480,0,1,76,255,67
92,green,1788789505,999237031,610,228,640,480,1,1,76,255,67
92,green,1788789505,999237031,610,228,640,480,2,1,77,255,64
92,green,1788789505,999237031,610,228,640,480,3,1,77,255,64
92,green,1788789505,999237031,610,228,640,480,4,1,78,255,62
92,green,1788789505,999237031,610,228,640,480,5,1,78,247,62
92,green,1788789505,999237031,610,228,640,480,-5,2,78,255,69
92,green,1788789505,999237031,610,228,640,480,-4,2,78,255,69
92,green,1788789505,999237031,610,228,640,480,-3,2,77,255,68
92,green,1788789505,999237031,610,228,640,480,-2,2,76,255,65
92,green,1788789505,999237031,610,228,640,480,-1,2,75,255,65
92,green,1788789505,999237031,610,228,640,480,0,2,76,255,66
92,green,1788789505,999237031,610,228,640,480,1,2,76,255,65
92,green,1788789505,999237031,610,228,640,480,2,2,77,255,63
92,green,1788789505,999237031,610,228,640,480,3,2,77,255,63
92,green,1788789505,999237031,610,228,640,480,4,2,78,255,61
92,green,1788789505,999237031,610,228,640,480,5,2,78,251,61
92,green,1788789505,999237031,610,228,640,480,-5,3,78,255,69
92,green,1788789505,999237031,610,228,640,480,-4,3,78,255,69
92,green,1788789505,999237031,610,228,640,480,-3,3,77,255,68
92,green,1788789505,999237031,610,228,640,480,-2,3,76,255,65
92,green,1788789505,999237031,610,228,640,480,-1,3,75,255,64
92,green,1788789505,999237031,610,228,640,480,0,3,76,255,65
92,green,1788789505,999237031,610,228,640,480,1,3,76,255,65
92,green,1788789505,999237031,610,228,640,480,2,3,77,255,62
92,green,1788789505,999237031,610,228,640,480,3,3,77,255,62
92,green,1788789505,999237031,610,228,640,480,4,3,78,255,60
92,green,1788789505,999237031,610,228,640,480,5,3,78,255,60
92,green,1788789505,999237031,610,228,640,480,-5,4,78,255,69
92,green,1788789505,999237031,610,228,640,480,-4,4,78,255,69
92,green,1788789505,999237031,610,228,640,480,-3,4,77,255,69
92,green,1788789505,999237031,610,228,640,480,-2,4,76,251,66
92,green,1788789505,999237031,610,228,640,480,-1,4,75,255,65
92,green,1788789505,999237031,610,228,640,480,0,4,76,255,65
92,green,1788789505,999237031,610,228,640,480,1,4,75,255,64
92,green,1788789505,999237031,610,228,640,480,2,4,77,255,61
92,green,1788789505,999237031,610,228,640,480,3,4,77,255,61
92,green,1788789505,999237031,610,228,640,480,4,4,78,255,60
92,green,1788789505,999237031,610,228,640,480,5,4,78,251,61
92,green,1788789505,999237031,610,228,640,480,-5,5,78,255,69
92,green,1788789505,999237031,610,228,640,480,-4,5,78,255,69
92,green,1788789505,999237031,610,228,640,480,-3,5,77,255,69
92,green,1788789505,999237031,610,228,640,480,-2,5,76,251,66
92,green,1788789505,999237031,610,228,640,480,-1,5,75,255,65
92,green,1788789505,999237031,610,228,640,480,0,5,76,255,65
92,green,1788789505,999237031,610,228,640,480,1,5,75,255,64
92,green,1788789505,999237031,610,228,640,480,2,5,77,255,62
92,green,1788789505,999237031,610,228,640,480,3,5,77,255,62
92,green,1788789505,999237031,610,228,640,480,4,5,78,255,62
92,green,1788789505,999237031,610,228,640,480,5,5,78,247,62
93,green,1788789505,999237031,610,228,640,480,-5,-5,78,255,71
93,green,1788789505,999237031,610,228,640,480,-4,-5,78,255,70
93,green,1788789505,999237031,610,228,640,480,-3,-5,77,255,68
93,green,1788789505,999237031,610,228,640,480,-2,-5,76,251,66
93,green,1788789505,999237031,610,228,640,480,-1,-5,76,251,64
93,green,1788789505,999237031,610,228,640,480,0,-5,77,255,63
93,green,1788789505,999237031,610,228,640,480,1,-5,77,255,63
93,green,1788789505,999237031,610,228,640,480,2,-5,78,255,62
93,green,1788789505,999237031,610,228,640,480,3,-5,78,255,62
93,green,1788789505,999237031,610,228,640,480,4,-5,79,243,62
93,green,1788789505,999237031,610,228,640,480,5,-5,79,239,63
93,green,1788789505,999237031,610,228,640,480,-5,-4,78,255,69
93,green,1788789505,999237031,610,228,640,480,-4,-4,78,255,69
93,green,1788789505,999237031,610,228,640,480,-3,-4,77,255,68
93,green,1788789505,999237031,610,228,640,480,-2,-4,76,255,65
93,green,1788789505,999237031,610,228,640,480,-1,-4,75,255,64
93,green,1788789505,999237031,610,228,640,480,0,-4,76,255,64
93,green,1788789505,999237031,610,228,640,480,1,-4,76,255,64
93,green,1788789505,999237031,610,228,640,480,2,-4,77,255,62
93,green,1788789505,999237031,610,228,640,480,3,-4,77,255,62
93,green,1788789505,999237031,610,228,640,480,4,-4,78,255,60
93,green,1788789505,999237031,610,228,640,480,5,-4,79,255,59
93,green,1788789505,999237031,610,228,640,480,-5,-3,78,255,69
93,green,1788789505,999237031,610,228,640,480,-4,-3,78,255,69
93,green,1788789505,999237031,610,228,640,480,-3,-3,77,255,68
93,green,1788789505,999237031,610,228,640,480,-2,-3,76,255,65
93,green,1788789505,999237031,610,228,640,480,-1,-3,75,255,65
93,green,1788789505,999237031,610,228,640,480,0,-3,76,255,66
93,green,1788789505,999237031,610,228,640,480,1,-3,76,255,65
93,green,1788789505,999237031,610,228,640,480,2,-3,77,255,63
93,green,1788789505,999237031,610,228,640,480,3,-3,77,255,63
93,green,1788789505,999237031,610,228,640,480,4,-3,78,255,61
93,green,1788789505,999237031,610,228,640,480,5,-3,78,251,61
93,green,1788789505,999237031,610,228,640,480,-5,-2,78,255,69
93,green,1788789505,999237031,610,228,640,480,-4,-2,78,255,69
93,green,1788789505,999237031,610,228,640,480,-3,-2,77,255,68
93,green,1788789505,999237031,610,228,640,480,-2,-2,76,251,66
93,green,1788789505,999237031,610,228,640,480,-1,-2,75,251,66
93,green,1788789505,999237031,610,228,640,480,0,-2,76,255,67
93,green,1788789505,999237031,610,228,640,480,1,-2,76,255,67
93,green,1788789505,999237031,610,228,640,480,2,-2,77,255,64
93,green,1788789505,999237031,610,228,640,480,3,-2,77,255,64
93,green,1788789505,999237031,610,228,640,480,4,-2,78,255,62
93,green,1788789505,999237031,610,228,640,480,5,-2,78,247,62
93,green,1788789505,999237031,610,228,640,480,-5,-1,78,255,69
93,green,1788789505,999237031,610,228,640,480,-4,-1,78,255,69
93,green,1788789505,999237031,610,228,640,480,-3,-1,77,255,68
93,green,1788789505,999237031,610,228,640,480,-2,-1,76,247,67
93,green,1788789505,999237031,610,228,640,480,-1,-1,75,247,67
93,green,1788789505,999237031,610,228,640,480,0,-1,76,251,68
93,green,1788789505,999237031,610,228,640,480,1,-1,76,255,67
93,green,1788789505,999237031,610,228,640,480,2,-1,77,251,65
93,green,1788789505,999237031,610,228,640,480,3,-1,77,255,64
93,green,1788789505,999237031,610,228,640,480,4,-1,78,251,63
93,green,1788789505,999237031,610,228,640,480,5,-1,78,243,63
93,green,1788789505,999237031,610,228,640,480,-5,0,78,255,69
93,green,1788789505,999237031,610,228,640,480,-4,0,78,255,69
93,green,1788789505,999237031,610,228,640,480,-3,0,77,255,68
93,green,1788789505,999237031,610,228,640,480,-2,0,76,247,67
93,green,1788789505,999237031,610,228,640,480,-1,0,75,247,67
93,green,1788789505,999237031,610,228,640,480,0,0,76,251,68
93,green,1788789505,999237031,610,228,640,480,1,0,76,255,67
93,green,1788789505,999237031,610,228,640,480,2,0,77,251,65
93,green,1788789505,999237031,610,228,640,480,3,0,77,255,64
93,green,1788789505,999237031,610,228,640,480,4,0,78,251,63
93,green,1788789505,999237031,610,228,640,480,5,0,78,243,63
93,green,1788789505,999237031,610,228,640,480,-5,1,78,255,69
93,green,1788789505,999237031,610,228,640,480,-4,1,78,255,69
93,green,1788789505,999237031,610,228,640,480,-3,1,77,255,68
93,green,1788789505,999237031,610,228,640,480,-2,1,76,251,66
93,green,1788789505,999237031,610,228,640,480,-1,1,75,251,66
93,green,1788789505,999237031,610,228,640,480,0,1,76,255,67
93,green,1788789505,999237031,610,228,640,480,1,1,76,255,67
93,green,1788789505,999237031,610,228,640,480,2,1,77,255,64
93,green,1788789505,999237031,610,228,640,480,3,1,77,255,64
93,green,1788789505,999237031,610,228,640,480,4,1,78,255,62
93,green,1788789505,999237031,610,228,640,480,5,1,78,247,62
93,green,1788789505,999237031,610,228,640,480,-5,2,78,255,69
93,green,1788789505,999237031,610,228,640,480,-4,2,78,255,69
93,green,1788789505,999237031,610,228,640,480,-3,2,77,255,68
93,green,1788789505,999237031,610,228,640,480,-2,2,76,255,65
93,green,1788789505,999237031,610,228,640,480,-1,2,75,255,65
93,green,1788789505,999237031,610,228,640,480,0,2,76,255,66
93,green,1788789505,999237031,610,228,640,480,1,2,76,255,65
93,green,1788789505,999237031,610,228,640,480,2,2,77,255,63
93,green,1788789505,999237031,610,228,640,480,3,2,77,255,63
93,green,1788789505,999237031,610,228,640,480,4,2,78,255,61
93,green,1788789505,999237031,610,228,640,480,5,2,78,251,61
93,green,1788789505,999237031,610,228,640,480,-5,3,78,255,69
93,green,1788789505,999237031,610,228,640,480,-4,3,78,255,69
93,green,1788789505,999237031,610,228,640,480,-3,3,77,255,68
93,green,1788789505,999237031,610,228,640,480,-2,3,76,255,65
93,green,1788789505,999237031,610,228,640,480,-1,3,75,255,64
93,green,1788789505,999237031,610,228,640,480,0,3,76,255,65
93,green,1788789505,999237031,610,228,640,480,1,3,76,255,65
93,green,1788789505,999237031,610,228,640,480,2,3,77,255,62
93,green,1788789505,999237031,610,228,640,480,3,3,77,255,62
93,green,1788789505,999237031,610,228,640,480,4,3,78,255,60
93,green,1788789505,999237031,610,228,640,480,5,3,78,255,60
93,green,1788789505,999237031,610,228,640,480,-5,4,78,255,69
93,green,1788789505,999237031,610,228,640,480,-4,4,78,255,69
93,green,1788789505,999237031,610,228,640,480,-3,4,77,255,69
93,green,1788789505,999237031,610,228,640,480,-2,4,76,251,66
93,green,1788789505,999237031,610,228,640,480,-1,4,75,255,65
93,green,1788789505,999237031,610,228,640,480,0,4,76,255,65
93,green,1788789505,999237031,610,228,640,480,1,4,75,255,64
93,green,1788789505,999237031,610,228,640,480,2,4,77,255,61
93,green,1788789505,999237031,610,228,640,480,3,4,77,255,61
93,green,1788789505,999237031,610,228,640,480,4,4,78,255,60
93,green,1788789505,999237031,610,228,640,480,5,4,78,251,61
93,green,1788789505,999237031,610,228,640,480,-5,5,78,255,69
93,green,1788789505,999237031,610,228,640,480,-4,5,78,255,69
93,green,1788789505,999237031,610,228,640,480,-3,5,77,255,69
93,green,1788789505,999237031,610,228,640,480,-2,5,76,251,66
93,green,1788789505,999237031,610,228,640,480,-1,5,75,255,65
93,green,1788789505,999237031,610,228,640,480,0,5,76,255,65
93,green,1788789505,999237031,610,228,640,480,1,5,75,255,64
93,green,1788789505,999237031,610,228,640,480,2,5,77,255,62
93,green,1788789505,999237031,610,228,640,480,3,5,77,255,62
93,green,1788789505,999237031,610,228,640,480,4,5,78,255,62
93,green,1788789505,999237031,610,228,640,480,5,5,78,247,62
94,green,1788789507,376773348,610,250,640,480,-5,-5,78,255,68
94,green,1788789507,376773348,610,250,640,480,-4,-5,78,255,66
94,green,1788789507,376773348,610,250,640,480,-3,-5,78,255,66
94,green,1788789507,376773348,610,250,640,480,-2,-5,79,247,66
94,green,1788789507,376773348,610,250,640,480,-1,-5,79,251,65
94,green,1788789507,376773348,610,250,640,480,0,-5,78,251,65
94,green,1788789507,376773348,610,250,640,480,1,-5,78,255,64
94,green,1788789507,376773348,610,250,640,480,2,-5,77,255,62
94,green,1788789507,376773348,610,250,640,480,3,-5,77,255,60
94,green,1788789507,376773348,610,250,640,480,4,-5,76,255,59
94,green,1788789507,376773348,610,250,640,480,5,-5,76,246,58
94,green,1788789507,376773348,610,250,640,480,-5,-4,78,255,68
94,green,1788789507,376773348,610,250,640,480,-4,-4,78,255,66
94,green,1788789507,376773348,610,250,640,480,-3,-4,78,255,66
94,green,1788789507,376773348,610,250,640,480,-2,-4,78,255,63
94,green,1788789507,376773348,610,250,640,480,-1,-4,78,255,63
94,green,1788789507,376773348,610,250,640,480,0,-4,78,255,63
94,green,1788789507,376773348,610,250,640,480,1,-4,78,255,63
94,green,1788789507,376773348,610,250,640,480,2,-4,77,255,62
94,green,1788789507,376773348,610,250,640,480,3,-4,77,255,60
94,green,1788789507,376773348,610,250,640,480,4,-4,77,255,58
94,green,1788789507,376773348,610,250,640,480,5,-4,77,246,56
94,green,1788789507,376773348,610,250,640,480,-5,-3,78,255,68
94,green,1788789507,376773348,610,250,640,480,-4,-3,78,255,66
94,green,1788789507,376773348,610,250,640,480,-3,-3,78,255,66
94,green,1788789507,376773348,610,250,640,480,-2,-3,78,255,64
94,green,1788789507,376773348,610,250,640,480,-1,-3,78,255,64
94,green,1788789507,376773348,610,250,640,480,0,-3,78,251,65
94,green,1788789507,376773348,610,250,640,480,1,-3,78,251,65
94,green,1788789507,376773348,610,250,640,480,2,-3,77,251,64
94,green,1788789507,376773348,610,250,640,480,3,-3,77,243,63
94,green,1788789507,376773348,610,250,640,480,4,-3,77,242,61
94,green,1788789507,376773348,610,250,640,480,5,-3,77,233,59
94,green,1788789507,376773348,610,250,640,480,-5,-2,77,255,67
94,green,1788789507,376773348,610,250,640,480,-4,-2,78,255,65
94,green,1788789507,376773348,610,250,640,480,-3,-2,78,255,65
94,green,1788789507,376773348,610,250,640,480,-2,-2,77,237,71
94,green,1788789507,376773348,610,250,640,480,-1,-2,77,255,66
94,green,1788789507,376773348,610,250,640,480,0,-2,77,255,61
94,green,1788789507,376773348,610,250,640,480,1,-2,77,255,60
94,green,1788789507,376773348,610,250,640,480,2,-2,78,251,63
94,green,1788789507,376773348,610,250,640,480,3,-2,78,232,66
94,green,1788789507,376773348,610,250,640,480,4,-2,78,228,65
94,green,1788789507,376773348,610,250,640,480,5,-2,77,219,63
94,green,1788789507,376773348,610,250,640,480,-5,-1,77,255,67
94,green,1788789507,376773348,610,250,640,480,-4,-1,78,255,65
94,green,1788789507,376773348,610,250,640,480,-3,-1,78,255,65
94,green,1788789507,376773348,610,250,640,480,-2,-1,77,244,69
94,green,1788789507,376773348,610,250,640,480,-1,-1,77,255,65
94,green,1788789507,376773348,610,250,640,480,0,-1,77,255,61
94,green,1788789507,376773348,610,250,640,480,1,-1,77,255,60
94,green,1788789507,376773348,610,250,640,480,2,-1,78,251,63
94,green,1788789507,376773348,610,250,640,480,3,-1,78,232,66
94,green,1788789507,376773348,610,250,640,480,4,-1,78,224,66
94,green,1788789507,376773348,610,250,640,480,5,-1,77,212,65
94,green,1788789507,376773348,610,250,640,480,-5,0,77,255,67
94,green,1788789507,376773348,610,250,640,480,-4,0,78,255,66
94,green,1788789507,376773348,610,250,640,480,-3,0,78,255,65
94,green,1788789507,376773348,610,250,640,480,-2,0,77,251,67
94,green,1788789507,376773348,610,250,640,480,-1,0,76,255,65
94,green,1788789507,376773348,610,250,640,480,0,0,77,255,60
94,green,1788789507,376773348,610,250,640,480,1,0,77,255,61
94,green,1788789507,376773348,610,250,640,480,2,0,78,251,63
94,green,1788789507,376773348,610,250,640,480,3,0,78,232,66
94,green,1788789507,376773348,610,250,640,480,4,0,79,212,66
94,green,1788789507,376773348,610,250,640,480,5,0,79,200,65
94,green,1788789507,376773348,610,250,640,480,-5,1,78,255,68
94,green,1788789507,376773348,610,250,640,480,-4,1,78,255,66
94,green,1788789507,376773348,610,250,640,480,-3,1,77,255,66
94,green,1788789507,376773348,610,250,640,480,-2,1,76,255,66
94,green,1788789507,376773348,610,250,640,480,-1,1,76,255,65
94,green,1788789507,376773348,610,250,640,480,0,1,77,255,61
94,green,1788789507,376773348,610,250,640,480,1,1,77,255,61
94,green,1788789507,376773348,610,250,640,480,2,1,78,255,62
94,green,1788789507,376773348,610,250,640,480,3,1,78,232,66
94,green,1788789507,376773348,610,250,640,480,4,1,79,209,67
94,green,1788789507,376773348,610,250,640,480,5,1,79,194,67
94,green,1788789507,376773348,610,250,640,480,-5,2,78,255,68
94,green,1788789507,376773348,610,250,640,480,-4,2,78,251,67
94,green,1788789507,376773348,610,250,640,480,-3,2,77,255,66
94,green,1788789507,376773348,610,250,640,480,-2,2,76,255,65
94,green,1788789507,376773348,610,250,640,480,-1,2,76,255,65
94,green,1788789507,376773348,610,250,640,480,0,2,77,255,63
94,green,1788789507,376773348,610,250,640,480,1,2,77,255,62
94,green,1788789507,376773348,610,250,640,480,2,2,78,255,62
94,green,1788789507,376773348,610,250,640,480,3,2,79,235,64
94,green,1788789507,376773348,610,250,640,480,4,2,79,209,67
94,green,1788789507,376773348,610,250,640,480,5,2,79,191,68
94,green,1788789507,376773348,610,250,640,480,-5,3,78,255,69
94,green,1788789507,376773348,610,250,640,480,-4,3,78,251,67
94,green,1788789507,376773348,610,250,640,480,-3,3,77,251,67
94,green,1788789507,376773348,610,250,640,480,-2,3,76,255,65
94,green,1788789507,376773348,610,250,640,480,-1,3,75,255,66
94,green,1788789507,376773348,610,250,640,480,0,3,77,255,65
94,green,1788789507,376773348,610,250,640,480,1,3,77,255,63
94,green,1788789507,376773348,610,250,640,480,2,3,79,255,61
94,green,1788789507,376773348,610,250,640,480,3,3,79,243,62
94,green,1788789507,376773348,610,250,640,480,4,3,79,212,66
94,green,1788789507,376773348,610,250,640,480,5,3,79,194,67
94,green,1788789507,376773348,610,250,640,480,-5,4,78,255,69
94,green,1788789507,376773348,610,250,640,480,-4,4,78,251,67
94,green,1788789507,376773348,610,250,640,480,-3,4,77,251,67
94,green,1788789507,376773348,610,250,640,480,-2,4,76,255,66
94,green,1788789507,376773348,610,250,640,480,-1,4,75,255,68
94,green,1788789507,376773348,610,250,640,480,0,4,77,255,66
94,green,1788789507,376773348,610,250,640,480,1,4,77,255,64
94,green,1788789507,376773348,610,250,640,480,2,4,79,255,60
94,green,1788789507,376773348,610,250,640,480,3,4,79,251,60
94,green,1788789507,376773348,610,250,640,480,4,4,80,219,64
94,green,1788789507,376773348,610,250,640,480,5,4,79,194,67
94,green,1788789507,376773348,610,250,640,480,-5,5,77,255,69
94,green,1788789507,376773348,610,250,640,480,-4,5,78,248,68
94,green,1788789507,376773348,610,250,640,480,-3,5,77,251,67
94,green,1788789507,376773348,610,250,640,480,-2,5,76,255,67
94,green,1788789507,376773348,610,250,640,480,-1,5,76,251,68
94,green,1788789507,376773348,610,250,640,480,0,5,77,251,67
94,green,1788789507,376773348,610,250,640,480,1,5,77,255,63
94,green,1788789507,376773348,610,250,640,480,2,5,78,255,60
94,green,1788789507,376773348,610,250,640,480,3,5,79,255,59
94,green,1788789507,376773348,610,250,640,480,4,5,79,223,63
94,green,1788789507,376773348,610,250,640,480,5,5,79,197,66
95,green,1788789507,999760598,604,288,640,480,-5,-5,78,255,71
95,green,1788789507,999760598,604,288,640,480,-4,-5,78,251,71
95,green,1788789507,999760598,604,288,640,480,-3,-5,78,255,70
95,green,1788789507,999760598,604,288,640,480,-2,-5,78,255,70
95,green,1788789507,999760598,604,288,640,480,-1,-5,78,255,69
95,green,1788789507,999760598,604,288,640,480,0,-5,78,255,68
95,green,1788789507,999760598,604,288,640,480,1,-5,77,255,67
95,green,1788789507,999760598,604,288,640,480,2,-5,77,255,66
95,green,1788789507,999760598,604,288,640,480,3,-5,77,255,66
95,green,1788789507,999760598,604,288,640,480,4,-5,77,251,65
95,green,1788789507,999760598,604,288,640,480,5,-5,77,255,64
95,green,1788789507,999760598,604,288,640,480,-5,-4,78,255,71
95,green,1788789507,999760598,604,288,640,480,-4,-4,78,251,71
95,green,1788789507,999760598,604,288,640,480,-3,-4,78,255,70
95,green,1788789507,999760598,604,288,640,480,-2,-4,78,255,70
95,green,1788789507,999760598,604,288,640,480,-1,-4,78,255,69
95,green,1788789507,999760598,604,288,640,480,0,-4,78,255,68
95,green,1788789507,999760598,604,288,640,480,1,-4,77,255,67
95,green,1788789507,999760598,604,288,640,480,2,-4,77,255,66
95,green,1788789507,999760598,604,288,640,480,3,-4,77,255,66
95,green,1788789507,999760598,604,288,640,480,4,-4,77,251,65
95,green,1788789507,999760598,604,288,640,480,5,-4,77,255,64
95,green,1788789507,999760598,604,288,640,480,-5,-3,78,255,71
95,green,1788789507,999760598,604,288,640,480,-4,-3,78,251,71
95,green,1788789507,999760598,604,288,640,480,-3,-3,78,255,70
95,green,1788789507,999760598,604,288,640,480,-2,-3,78,255,70
95,green,1788789507,999760598,604,288,640,480,-1,-3,78,255,69
95,green,1788789507,999760598,604,288,640,480,0,-3,78,255,68
95,green,1788789507,999760598,604,288,640,480,1,-3,77,255,67
95,green,1788789507,999760598,604,288,640,480,2,-3,77,255,66
95,green,1788789507,999760598,604,288,640,480,3,-3,77,255,66
95,green,1788789507,999760598,604,288,640,480,4,-3,77,251,65
95,green,1788789507,999760598,604,288,640,480,5,-3,77,251,65
95,green,1788789507,999760598,604,288,640,480,-5,-2,78,255,71
95,green,1788789507,999760598,604,288,640,480,-4,-2,78,251,71
95,green,1788789507,999760598,604,288,640,480,-3,-2,78,255,70
95,green,1788789507,999760598,604,288,640,480,-2,-2,78,255,70
95,green,1788789507,999760598,604,288,640,480,-1,-2,78,255,69
95,green,1788789507,999760598,604,288,640,480,0,-2,78,255,68
95,green,1788789507,999760598,604,288,640,480,1,-2,77,255,67
95,green,1788789507,999760598,604,288,640,480,2,-2,77,255,66
95,green,1788789507,999760598,604,288,640,480,3,-2,77,255,66
95,green,1788789507,999760598,604,288,640,480,4,-2,77,251,65
95,green,1788789507,999760598,604,288,640,480,5,-2,77,251,65
95,green,1788789507,999760598,604,288,640,480,-5,-1,78,255,71
95,green,1788789507,999760598,604,288,640,480,-4,-1,78,251,71
95,green,1788789507,999760598,604,288,640,480,-3,-1,78,255,70
95,green,1788789507,999760598,604,288,640,480,-2,-1,78,251,70
95,green,1788789507,999760598,604,288,640,480,-1,-1,78,255,69
95,green,1788789507,999760598,604,288,640,480,0,-1,78,251,67
95,green,1788789507,999760598,604,288,640,480,1,-1,78,255,66
95,green,1788789507,999760598,604,288,640,480,2,-1,78,255,65
95,green,1788789507,999760598,604,288,640,480,3,-1,78,255,65
95,green,1788789507,999760598,604,288,640,480,4,-1,77,251,65
95,green,1788789507,999760598,604,288,640,480,5,-1,77,251,65
95,green,1788789507,999760598,604,288,640,480,-5,0,78,248,72
95,green,1788789507,999760598,604,288,640,480,-4,0,78,248,71
95,green,1788789507,999760598,604,288,640,480,-3,0,78,251,70
95,green,1788789507,999760598,604,288,640,480,-2,0,78,251,67
95,green,1788789507,999760598,604,288,640,480,-1,0,78,255,66
95,green,1788789507,999760598,604,288,640,480,0,0,78,255,63
95,green,1788789507,999760598,604,288,640,480,1,0,78,255,63
95,green,1788789507,999760598,604,288,640,480,2,0,78,255,63
95,green,1788789507,999760598,604,288,640,480,3,0,78,255,63
95,green,1788789507,999760598,604,288,640,480,4,0,77,243,66
95,green,1788789507,999760598,604,288,640,480,5,0,77,247,65
95,green,1788789507,999760598,604,288,640,480,-5,1,78,251,71
95,green,1788789507,999760598,604,288,640,480,-4,1,78,251,70
95,green,1788789507,999760598,604,288,640,480,-3,1,78,255,69
95,green,1788789507,999760598,604,288,640,480,-2,1,78,247,66
95,green,1788789507,999760598,604,288,640,480,-1,1,78,255,64
95,green,1788789507,999760598,604,288,640,480,0,1,78,251,63
95,green,1788789507,999760598,604,288,640,480,1,1,78,255,62
95,green,1788789507,999760598,604,288,640,480,2,1,78,251,63
95,green,1788789507,999760598,604,288,640,480,3,1,78,251,63
95,green,1788789507,999760598,604,288,640,480,4,1,77,240,67
95,green,1788789507,999760598,604,288,640,480,5,1,77,247,65
95,green,1788789507,999760598,604,288,640,480,-5,2,78,251,71
95,green,1788789507,999760598,604,288,640,480,-4,2,78,255,68
95,green,1788789507,999760598,604,288,640,480,-3,2,78,255,68
95,green,1788789507,999760598,604,288,640,480,-2,2,78,251,65
95,green,1788789507,999760598,604,288,640,480,-1,2,78,255,64
95,green,1788789507,999760598,604,288,640,480,0,2,78,251,63
95,green,1788789507,999760598,604,288,640,480,1,2,78,251,63
95,green,1788789507,999760598,604,288,640,480,2,2,78,247,64
95,green,1788789507,999760598,604,288,640,480,3,2,78,243,65
95,green,1788789507,999760598,604,288,640,480,4,2,77,240,67
95,green,1788789507,999760598,604,288,640,480,5,2,77,243,66
95,green,1788789507,999760598,604,288,640,480,-5,3,78,255,70
95,green,1788789507,999760598,604,288,640,480,-4,3,77,255,67
95,green,1788789507,999760598,604,288,640,480,-3,3,77,255,67
95,green,1788789507,999760598,604,288,640,480,-2,3,78,255,64
95,green,1788789507,999760598,604,288,640,480,-1,3,78,255,64
95,green,1788789507,999760598,604,288,640,480,0,3,78,251,63
95,green,1788789507,999760598,604,288,640,480,1,3,78,247,64
95,green,1788789507,999760598,604,288,640,480,2,3,78,243,65
95,green,1788789507,999760598,604,288,640,480,3,3,78,240,66
95,green,1788789507,999760598,604,288,640,480,4,3,77,240,67
95,green,1788789507,999760598,604,288,640,480,5,3,77,243,66
95,green,1788789507,999760598,604,288,640,480,-5,4,78,255,69
95,green,1788789507,999760598,604,288,640,480,-4,4,77,255,67
95,green,1788789507,999760598,604,288,640,480,-3,4,77,255,67
95,green,1788789507,999760598,604,288,640,480,-2,4,78,255,64
95,green,1788789507,999760598,604,288,640,480,-1,4,78,255,64
95,green,1788789507,999760598,604,288,640,480,0,4,78,251,63
95,green,1788789507,999760598,604,288,640,480,1,4,78,247,64
95,green,1788789507,999760598,604,288,640,480,2,4,78,243,65
95,green,1788789507,999760598,604,288,640,480,3,4,78,240,66
95,green,1788789507,999760598,604,288,640,480,4,4,77,243,66
95,green,1788789507,999760598,604,288,640,480,5,4,77,247,65
95,green,1788789507,999760598,604,288,640,480,-5,5,78,255,69
95,green,1788789507,999760598,604,288,640,480,-4,5,78,255,68
95,green,1788789507,999760598,604,288,640,480,-3,5,78,255,68
95,green,1788789507,999760598,604,288,640,480,-2,5,78,251,65
95,green,1788789507,999760598,604,288,640,480,-1,5,78,255,64
95,green,1788789507,999760598,604,288,640,480,0,5,78,251,63
95,green,1788789507,999760598,604,288,640,480,1,5,78,251,63
95,green,1788789507,999760598,604,288,640,480,2,5,78,247,64
95,green,1788789507,999760598,604,288,640,480,3,5,78,243,65
95,green,1788789507,999760598,604,288,640,480,4,5,77,255,63
95,green,1788789507,999760598,604,288,640,480,5,5,77,255,63
96,green,1788789508,249371311,604,288,640,480,-5,-5,78,255,72
96,green,1788789508,249371311,604,288,640,480,-4,-5,78,255,70
96,green,1788789508,249371311,604,288,640,480,-3,-5,78,255,70
96,green,1788789508,249371311,604,288,640,480,-2,-5,78,255,69
96,green,1788789508,249371311,604,288,640,480,-1,-5,78,255,69
96,green,1788789508,249371311,604,288,640,480,0,-5,78,255,68
96,green,1788789508,249371311,604,288,640,480,1,-5,78,255,68
96,green,1788789508,249371311,604,288,640,480,2,-5,77,255,67
96,green,1788789508,249371311,604,288,640,480,3,-5,77,255,67
96,green,1788789508,249371311,604,288,640,480,4,-5,76,255,63
96,green,1788789508,249371311,604,288,640,480,5,-5,75,255,63
96,green,1788789508,249371311,604,288,640,480,-5,-4,78,255,72
96,green,1788789508,249371311,604,288,640,480,-4,-4,78,255,69
96,green,1788789508,249371311,604,288,640,480,-3,-4,78,255,69
96,green,1788789508,249371311,604,288,640,480,-2,-4,78,255,69
96,green,1788789508,249371311,604,288,640,480,-1,-4,78,255,68
96,green,1788789508,249371311,604,288,640,480,0,-4,78,255,68
96,green,1788789508,249371311,604,288,640,480,1,-4,77,255,67
96,green,1788789508,249371311,604,288,640,480,2,-4,77,255,67
96,green,1788789508,249371311,604,288,640,480,3,-4,77,255,67
96,green,1788789508,249371311,604,288,640,480,4,-4,76,255,63
96,green,1788789508,249371311,604,288,640,480,5,-4,75,255,63
96,green,1788789508,249371311,604,288,640,480,-5,-3,78,255,72
96,green,1788789508,249371311,604,288,640,480,-4,-3,78,255,69
96,green,1788789508,249371311,604,288,640,480,-3,-3,78,255,69
96,green,1788789508,249371311,604,288,640,480,-2,-3,78,255,68
96,green,1788789508,249371311,604,288,640,480,-1,-3,78,255,68
96,green,1788789508,249371311,604,288,640,480,0,-3,77,255,67
96,green,1788789508,249371311,604,288,640,480,1,-3,77,255,67
96,green,1788789508,249371311,604,288,640,480,2,-3,77,255,67
96,green,1788789508,249371311,604,288,640,480,3,-3,77,255,66
96,green,1788789508,249371311,604,288,640,480,4,-3,76,255,63
96,green,1788789508,249371311,604,288,640,480,5,-3,75,255,63
96,green,1788789508,249371311,604,288,640,480,-5,-2,78,255,72
96,green,1788789508,249371311,604,288,640,480,-4,-2,78,255,68
96,green,1788789508,249371311,604,288,640,480,-3,-2,78,255,68
96,green,1788789508,249371311,604,288,640,480,-2,-2,78,255,68
96,green,1788789508,249371311,604,288,640,480,-1,-2,77,255,67
96,green,1788789508,249371311,604,288,640,480,0,-2,77,255,67
96,green,1788789508,249371311,604,288,640,480,1,-2,77,255,67
96,green,1788789508,249371311,604,288,640,480,2,-2,77,255,66
96,green,1788789508,249371311,604,288,640,480,3,-2,77,255,66
96,green,1788789508,249371311,604,288,640,480,4,-2,76,255,63
96,green,1788789508,249371311,604,288,640,480,5,-2,75,255,62
96,green,1788789508,249371311,604,288,640,480,-5,-1,78,255,72
96,green,1788789508,249371311,604,288,640,480,-4,-1,78,255,68
96,green,1788789508,249371311,604,288,640,480,-3,-1,78,255,68
96,green,1788789508,249371311,604,288,640,480,-2,-1,78,255,68
96,green,1788789508,249371311,604,288,640,480,-1,-1,77,255,67
96,green,1788789508,249371311,604,288,640,480,0,-1,78,255,66
96,green,1788789508,249371311,604,288,640,480,1,-1,78,255,65
96,green,1788789508,249371311,604,288,640,480,2,-1,78,255,65
96,green,1788789508,249371311,604,288,640,480,3,-1,77,255,65
96,green,1788789508,249371311,604,288,640,480,4,-1,76,255,63
96,green,1788789508,249371311,604,288,640,480,5,-1,75,255,62
96,green,1788789508,249371311,604,288,640,480,-5,0,78,255,70
96,green,1788789508,249371311,604,288,640,480,-4,0,78,255,68
96,green,1788789508,249371311,604,288,640,480,-3,0,78,255,68
96,green,1788789508,249371311,604,288,640,480,-2,0,78,251,67
96,green,1788789508,249371311,604,288,640,480,-1,0,78,255,66
96,green,1788789508,249371311,604,288,640,480,0,0,78,251,65
96,green,1788789508,249371311,604,288,640,480,1,0,78,255,64
96,green,1788789508,249371311,604,288,640,480,2,0,78,255,64
96,green,1788789508,249371311,604,288,640,480,3,0,78,255,64
96,green,1788789508,249371311,604,288,640,480,4,0,77,255,62
96,green,1788789508,249371311,604,288,640,480,5,0,77,255,65
96,green,1788789508,249371311,604,288,640,480,-5,1,78,255,70
96,green,1788789508,249371311,604,288,640,480,-4,1,78,255,68
96,green,1788789508,249371311,604,288,640,480,-3,1,78,255,68
96,green,1788789508,249371311,604,288,640,480,-2,1,78,247,66
96,green,1788789508,249371311,604,288,640,480,-1,1,78,251,65
96,green,1788789508,249371311,604,288,640,480,0,1,78,247,64
96,green,1788789508,249371311,604,288,640,480,1,1,78,251,63
96,green,1788789508,249371311,604,288,640,480,2,1,78,251,63
96,green,1788789508,249371311,604,288,640,480,3,1,78,255,64
96,green,1788789508,249371311,604,288,640,480,4,1,77,255,62
96,green,1788789508,249371311,604,288,640,480,5,1,77,255,65
96,green,1788789508,249371311,604,288,640,480,-5,2,78,255,70
96,green,1788789508,249371311,604,288,640,480,-4,2,78,255,68
96,green,1788789508,249371311,604,288,640,480,-3,2,78,255,68
96,green,1788789508,249371311,604,288,640,480,-2,2,78,247,66
96,green,1788789508,249371311,604,288,640,480,-1,2,78,251,65
96,green,1788789508,249371311,604,288,640,480,0,2,78,247,64
96,green,1788789508,249371311,604,288,640,480,1,2,78,251,63
96,green,1788789508,249371311,604,288,640,480,2,2,78,251,63
96,green,1788789508,249371311,604,288,640,480,3,2,78,255,64
96,green,1788789508,249371311,604,288,640,480,4,2,77,255,63
96,green,1788789508,249371311,604,288,640,480,5,2,77,255,65
96,green,1788789508,249371311,604,288,640,480,-5,3,78,255,70
96,green,1788789508,249371311,604,288,640,480,-4,3,78,255,68
96,green,1788789508,249371311,604,288,640,480,-3,3,78,255,68
96,green,1788789508,249371311,604,288,640,480,-2,3,78,247,66
96,green,1788789508,249371311,604,288,640,480,-1,3,78,251,65
96,green,1788789508,249371311,604,288,640,480,0,3,78,247,64
96,green,1788789508,249371311,604,288,640,480,1,3,78,251,63
96,green,1788789508,249371311,604,288,640,480,2,3,78,251,63
96,green,1788789508,249371311,604,288,640,480,3,3,78,251,63
96,green,1788789508,249371311,604,288,640,480,4,3,77,255,63
96,green,1788789508,249371311,604,288,640,480,5,3,77,255,66
96,green,1788789508,249371311,604,288,640,480,-5,4,78,255,70
96,green,1788789508,249371311,604,288,640,480,-4,4,78,255,68
96,green,1788789508,249371311,604,288,640,480,-3,4,78,255,68
96,green,1788789508,249371311,604,288,640,480,-2,4,78,247,66
96,green,1788789508,249371311,604,288,640,480,-1,4,78,251,65
96,green,1788789508,249371311,604,288,640,480,0,4,78,247,64
96,green,1788789508,249371311,604,288,640,480,1,4,78,251,63
96,green,1788789508,249371311,604,288,640,480,2,4,78,251,63
96,green,1788789508,249371311,604,288,640,480,3,4,78,251,63
96,green,1788789508,249371311,604,288,640,480,4,4,77,255,64
96,green,1788789508,249371311,604,288,640,480,5,4,77,251,65
96,green,1788789508,249371311,604,288,640,480,-5,5,78,255,70
96,green,1788789508,249371311,604,288,640,480,-4,5,78,255,68
96,green,1788789508,249371311,604,288,640,480,-3,5,78,255,68
96,green,1788789508,249371311,604,288,640,480,-2,5,78,247,66
96,green,1788789508,249371311,604,288,640,480,-1,5,78,251,65
96,green,1788789508,249371311,604,288,640,480,0,5,78,247,64
96,green,1788789508,249371311,604,288,640,480,1,5,78,251,63
96,green,1788789508,249371311,604,288,640,480,2,5,78,251,63
96,green,1788789508,249371311,604,288,640,480,3,5,78,251,63
96,green,1788789508,249371311,604,288,640,480,4,5,77,255,64
96,green,1788789508,249371311,604,288,640,480,5,5,77,251,65
97,green,1788789509,250205033,612,276,640,480,-5,-5,78,255,66
97,green,1788789509,250205033,612,276,640,480,-4,-5,77,244,67
97,green,1788789509,250205033,612,276,640,480,-3,-5,77,251,65
97,green,1788789509,250205033,612,276,640,480,-2,-5,77,255,62
97,green,1788789509,250205033,612,276,640,480,-1,-5,77,255,61
97,green,1788789509,250205033,612,276,640,480,0,-5,78,247,60
97,green,1788789509,250205033,612,276,640,480,1,-5,77,219,64
97,green,1788789509,250205033,612,276,640,480,2,-5,77,195,68
97,green,1788789509,250205033,612,276,640,480,3,-5,77,174,69
97,green,1788789509,250205033,612,276,640,480,4,-5,75,151,66
97,green,1788789509,250205033,612,276,640,480,5,-5,73,112,75
97,green,1788789509,250205033,612,276,640,480,-5,-4,78,255,65
97,green,1788789509,250205033,612,276,640,480,-4,-4,77,255,63
97,green,1788789509,250205033,612,276,640,480,-3,-4,77,255,61
97,green,1788789509,250205033,612,276,640,480,-2,-4,77,255,60
97,green,1788789509,250205033,612,276,640,480,-1,-4,77,255,62
97,green,1788789509,250205033,612,276,640,480,0,-4,78,231,64
97,green,1788789509,250205033,612,276,640,480,1,-4,77,212,66
97,green,1788789509,250205033,612,276,640,480,2,-4,77,201,66
97,green,1788789509,250205033,612,276,640,480,3,-4,77,190,63
97,green,1788789509,250205033,612,276,640,480,4,-4,75,142,70
97,green,1788789509,250205033,612,276,640,480,5,-4,73,115,73
97,green,1788789509,250205033,612,276,640,480,-5,-3,78,255,65
97,green,1788789509,250205033,612,276,640,480,-4,-3,77,255,63
97,green,1788789509,250205033,612,276,640,480,-3,-3,77,255,61
97,green,1788789509,250205033,612,276,640,480,-2,-3,77,255,60
97,green,1788789509,250205033,612,276,640,480,-1,-3,77,255,62
97,green,1788789509,250205033,612,276,640,480,0,-3,78,231,64
97,green,1788789509,250205033,612,276,640,480,1,-3,77,212,66
97,green,1788789509,250205033,612,276,640,480,2,-3,77,201,66
97,green,1788789509,250205033,612,276,640,480,3,-3,77,187,64
97,green,1788789509,250205033,612,276,640,480,4,-3,75,155,64
97,green,1788789509,250205033,612,276,640,480,5,-3,73,124,68
97,green,1788789509,250205033,612,276,640,480,-5,-2,78,255,65
97,green,1788789509,250205033,612,276,640,480,-4,-2,77,255,63
97,green,1788789509,250205033,612,276,640,480,-3,-2,77,255,62
97,green,1788789509,250205033,612,276,640,480,-2,-2,77,255,61
97,green,1788789509,250205033,612,276,640,480,-1,-2,77,255,63
97,green,1788789509,250205033,612,276,640,480,0,-2,78,228,65
97,green,1788789509,250205033,612,276,640,480,1,-2,77,209,67
97,green,1788789509,250205033,612,276,640,480,2,-2,77,201,66
97,green,1788789509,250205033,612,276,640,480,3,-2,77,187,64
97,green,1788789509,250205033,612,276,640,480,4,-2,75,171,58
97,green,1788789509,250205033,612,276,640,480,5,-2,73,131,64
97,green,1788789509,250205033,612,276,640,480,-5,-1,78,255,65
97,green,1788789509,250205033,612,276,640,480,-4,-1,77,255,64
97,green,1788789509,250205033,612,276,640,480,-3,-1,77,255,62
97,green,1788789509,250205033,612,276,640,480,-2,-1,77,255,61
97,green,1788789509,250205033,612,276,640,480,-1,-1,77,255,63
97,green,1788789509,250205033,612,276,640,480,0,-1,78,228,65
97,green,1788789509,250205033,612,276,640,480,1,-1,77,209,67
97,green,1788789509,250205033,612,276,640,480,2,-1,77,198,67
97,green,1788789509,250205033,612,276,640,480,3,-1,77,187,64
97,green,1788789509,250205033,612,276,640,480,4,-1,75,171,58
97,green,1788789509,250205033,612,276,640,480,5,-1,73,129,65
97,green,1788789509,250205033,612,276,640,480,-5,0,78,255,65
97,green,1788789509,250205033,612,276,640,480,-4,0,77,255,64
97,green,1788789509,250205033,612,276,640,480,-3,0,77,255,62
97,green,1788789509,250205033,612,276,640,480,-2,0,77,255,62
97,green,1788789509,250205033,612,276,640,480,-1,0,77,251,64
97,green,1788789509,250205033,612,276,640,480,0,0,78,228,65
97,green,1788789509,250205033,612,276,640,480,1,0,77,206,68
97,green,1788789509,250205033,612,276,640,480,2,0,77,198,67
97,green,1788789509,250205033,612,276,640,480,3,0,77,184,65
97,green,1788789509,250205033,612,276,640,480,4,0,75,155,64
97,green,1788789509,250205033,612,276,640,480,5,0,73,124,68
97,green,1788789509,250205033,612,276,640,480,-5,1,78,255,65
97,green,1788789509,250205033,612,276,640,480,-4,1,77,251,65
97,green,1788789509,250205033,612,276,640,480,-3,1,77,255,63
97,green,1788789509,250205033,612,276,640,480,-2,1,77,255,62
97,green,1788789509,250205033,612,276,640,480,-1,1,77,251,64
97,green,1788789509,250205033,612,276,640,480,0,1,78,224,66
97,green,1788789509,250205033,612,276,640,480,1,1,77,206,68
97,green,1788789509,250205033,612,276,640,480,2,1,77,195,68
97,green,1788789509,250205033,612,276,640,480,3,1,77,184,65
97,green,1788789509,250205033,612,276,640,480,4,1,75,151,66
97,green,1788789509,250205033,612,276,640,480,5,1,73,120,70
97,green,1788789509,250205033,612,276,640,480,-5,2,78,255,65
97,green,1788789509,250205033,612,276,640,480,-4,2,77,251,65
97,green,1788789509,250205033,612,276,640,480,-3,2,77,255,63
97,green,1788789509,250205033,612,276,640,480,-2,2,77,255,62
97,green,1788789509,250205033,612,276,640,480,-1,2,77,251,64
97,green,1788789509,250205033,612,276,640,480,0,2,78,224,66
97,green,1788789509,250205033,612,276,640,480,1,2,77,206,68
97,green,1788789509,250205033,612,276,640,480,2,2,77,195,68
97,green,1788789509,250205033,612,276,640,480,3,2,77,182,66
97,green,1788789509,250205033,612,276,640,480,4,2,75,160,62
97,green,1788789509,250205033,612,276,640,480,5,2,73,124,68
97,green,1788789509,250205033,612,276,640,480,-5,3,78,255,65
97,green,1788789509,250205033,612,276,640,480,-4,3,77,251,65
97,green,1788789509,250205033,612,276,640,480,-3,3,77,255,63
97,green,1788789509,250205033,612,276,640,480,-2,3,77,255,63
97,green,1788789509,250205033,612,276,640,480,-1,3,77,247,65
97,green,1788789509,250205033,612,276,640,480,0,3,78,224,66
97,green,1788789509,250205033,612,276,640,480,1,3,77,203,69
97,green,1788789509,250205033,612,276,640,480,2,3,77,195,68
97,green,1788789509,250205033,612,276,640,480,3,3,77,182,66
97,green,1788789509,250205033,612,276,640,480,4,3,75,174,57
97,green,1788789509,250205033,612,276,640,480,5,3,73,129,65
97,green,1788789509,250205033,612,276,640,480,-5,4,77,255,62
97,green,1788789509,250205033,612,276,640,480,-4,4,77,255,64
97,green,1788789509,250205033,612,276,640,480,-3,4,77,251,65
97,green,1788789509,250205033,612,276,640,480,-2,4,77,247,65
97,green,1788789509,250205033,612,276,640,480,-1,4,77,251,64
97,green,1788789509,250205033,612,276,640,480,0,4,78,242,61
97,green,1788789509,250205033,612,276,640,480,1,4,77,226,62
97,green,1788789509,250205033,612,276,640,480,2,4,77,201,66
97,green,1788789509,250205033,612,276,640,480,3,4,77,176,68
97,green,1788789509,250205033,612,276,640,480,4,4,75,169,59
97,green,1788789509,250205033,612,276,640,480,5,4,73,114,74
97,green,1788789509,250205033,612,276,640,480,-5,5,77,255,62
97,green,1788789509,250205033,612,276,640,480,-4,5,77,255,63
97,green,1788789509,250205033,612,276,640,480,-3,5,77,255,63
97,green,1788789509,250205033,612,276,640,480,-2,5,77,255,63
97,green,1788789509,250205033,612,276,640,480,-1,5,77,255,62
97,green,1788789509,250205033,612,276,640,480,0,5,78,247,60
97,green,1788789509,250205033,612,276,640,480,1,5,77,230,61
97,green,1788789509,250205033,612,276,640,480,2,5,77,204,65
97,green,1788789509,250205033,612,276,640,480,3,5,77,179,67
97,green,1788789509,250205033,612,276,640,480,4,5,75,163,61
97,green,1788789509,250205033,612,276,640,480,5,5,73,112,75
98,green,1788789509,877623845,607,318,640,480,-5,-5,78,255,65
98,green,1788789509,877623845,607,318,640,480,-4,-5,78,255,65
98,green,1788789509,877623845,607,318,640,480,-3,-5,78,255,65
98,green,1788789509,877623845,607,318,640,480,-2,-5,77,255,64
98,green,1788789509,877623845,607,318,640,480,-1,-5,77,255,64
98,green,1788789509,877623845,607,318,640,480,0,-5,77,255,64
98,green,1788789509,877623845,607,318,640,480,1,-5,78,247,66
98,green,1788789509,877623845,607,318,640,480,2,-5,78,255,62
98,green,1788789509,877623845,607,318,640,480,3,-5,78,243,63
98,green,1788789509,877623845,607,318,640,480,4,-5,78,232,66
98,green,1788789509,877623845,607,318,640,480,5,-5,78,228,65
98,green,1788789509,877623845,607,318,640,480,-5,-4,78,255,65
98,green,1788789509,877623845,607,318,640,480,-4,-4,78,255,65
98,green,1788789509,877623845,607,318,640,480,-3,-4,78,255,65
98,green,1788789509,877623845,607,318,640,480,-2,-4,77,255,64
98,green,1788789509,877623845,607,318,640,480,-1,-4,77,255,64
98,green,1788789509,877623845,607,318,640,480,0,-4,77,255,64
98,green,1788789509,877623845,607,318,640,480,1,-4,77,255,63
98,green,1788789509,877623845,607,318,640,480,2,-4,77,255,60
98,green,1788789509,877623845,607,318,640,480,3,-4,77,255,61
98,green,1788789509,877623845,607,318,640,480,4,-4,77,239,64
98,green,1788789509,877623845,607,318,640,480,5,-4,77,231,64
98,green,1788789509,877623845,607,318,640,480,-5,-3,78,255,65
98,green,1788789509,877623845,607,318,640,480,-4,-3,78,255,65
98,green,1788789509,877623845,607,318,640,480,-3,-3,78,255,65
98,green,1788789509,877623845,607,318,640,480,-2,-3,77,255,64
98,green,1788789509,877623845,607,318,640,480,-1,-3,77,255,64
98,green,1788789509,877623845,607,318,640,480,0,-3,77,255,64
98,green,1788789509,877623845,607,318,640,480,1,-3,75,255,62
98,green,1788789509,877623845,607,318,640,480,2,-3,75,255,59
98,green,1788789509,877623845,607,318,640,480,3,-3,75,255,59
98,green,1788789509,877623845,607,318,640,480,4,-3,76,247,62
98,green,1788789509,877623845,607,318,640,480,5,-3,76,235,64
98,green,1788789509,877623845,607,318,640,480,-5,-2,78,255,65
98,green,1788789509,877623845,607,318,640,480,-4,-2,78,255,65
98,green,1788789509,877623845,607,318,640,480,-3,-2,78,255,65
98,green,1788789509,877623845,607,318,640,480,-2,-2,77,255,64
98,green,1788789509,877623845,607,318,640,480,-1,-2,77,255,64
98,green,1788789509,877623845,607,318,640,480,0,-2,77,255,64
98,green,1788789509,877623845,607,318,640,480,1,-2,74,255,61
98,green,1788789509,877623845,607,318,640,480,2,-2,74,255,59
98,green,1788789509,877623845,607,318,640,480,3,-2,74,255,59
98,green,1788789509,877623845,607,318,640,480,4,-2,75,247,63
98,green,1788789509,877623845,607,318,640,480,5,-2,75,239,63
98,green,1788789509,877623845,607,318,640,480,-5,-1,78,255,65
98,green,1788789509,877623845,607,318,640,480,-4,-1,78,255,65
98,green,1788789509,877623845,607,318,640,480,-3,-1,78,255,65
98,green,1788789509,877623845,607,318,640,480,-2,-1,77,255,64
98,green,1788789509,877623845,607,318,640,480,-1,-1,77,255,64
98,green,1788789509,877623845,607,318,640,480,0,-1,77,255,64
98,green,1788789509,877623845,607,318,640,480,1,-1,75,255,62
98,green,1788789509,877623845,607,318,640,480,2,-1,73,255,60
98,green,1788789509,877623845,607,318,640,480,3,-1,73,255,61
98,green,1788789509,877623845,607,318,640,480,4,-1,74,247,63
98,green,1788789509,877623845,607,318,640,480,5,-1,74,239,63
98,green,1788789509,877623845,607,318,640,480,-5,0,78,255,65
98,green,1788789509,877623845,607,318,640,480,-4,0,78,255,65
98,green,1788789509,877623845,607,318,640,480,-3,0,78,255,65
98,green,1788789509,877623845,607,318,640,480,-2,0,77,255,64
98,green,1788789509,877623845,607,318,640,480,-1,0,77,255,64
98,green,1788789509,877623845,607,318,640,480,0,0,77,255,64
98,green,1788789509,877623845,607,318,640,480,1,0,74,255,65
98,green,1788789509,877623845,607,318,640,480,2,0,73,255,63
98,green,1788789509,877623845,607,318,640,480,3,0,73,255,62
98,green,1788789509,877623845,607,318,640,480,4,0,73,243,64
98,green,1788789509,877623845,607,318,640,480,5,0,73,235,65
98,green,1788789509,877623845,607,318,640,480,-5,1,78,255,65
98,green,1788789509,877623845,607,318,640,480,-4,1,78,255,65
98,green,1788789509,877623845,607,318,640,480,-3,1,78,255,65
98,green,1788789509,877623845,607,318,640,480,-2,1,77,255,64
98,green,1788789509,877623845,607,318,640,480,-1,1,77,255,64
98,green,1788789509,877623845,607,318,640,480,0,1,77,255,63
98,green,1788789509,877623845,607,318,640,480,1,1,75,251,66
98,green,1788789509,877623845,607,318,640,480,2,1,73,255,65
98,green,1788789509,877623845,607,318,640,480,3,1,74,255,64
98,green,1788789509,877623845,607,318,640,480,4,1,73,239,65
98,green,1788789509,877623845,607,318,640,480,5,1,73,235,65
98,green,1788789509,877623845,607,318,640,480,-5,2,78,251,65
98,green,1788789509,877623845,607,318,640,480,-4,2,78,255,64
98,green,1788789509,877623845,607,318,640,480,-3,2,78,255,64
98,green,1788789509,877623845,607,318,640,480,-2,2,78,255,64
98,green,1788789509,877623845,607,318,640,480,-1,2,78,255,64
98,green,1788789509,877623845,607,318,640,480,0,2,77,251,65
98,green,1788789509,877623845,607,318,640,480,1,2,75,251,66
98,green,1788789509,877623845,607,318,640,480,2,2,74,244,68
98,green,1788789509,877623845,607,318,640,480,3,2,75,233,69
98,green,1788789509,877623845,607,318,640,480,4,2,74,225,69
98,green,1788789509,877623845,607,318,640,480,5,2,74,221,68
98,green,1788789509,877623845,607,318,640,480,-5,3,78,251,65
98,green,1788789509,877623845,607,318,640,480,-4,3,78,255,64
98,green,1788789509,877623845,607,318,640,480,-3,3,78,255,64
98,green,1788789509,877623845,607,318,640,480,-2,3,78,255,64
98,green,1788789509,877623845,607,318,640,480,-1,3,78,251,63
98,green,1788789509,877623845,607,318,640,480,0,3,77,251,65
98,green,1788789509,877623845,607,318,640,480,1,3,76,255,64
98,green,1788789509,877623845,607,318,640,480,2,3,75,255,67
98,green,1788789509,877623845,607,318,640,480,3,3,75,240,67
98,green,1788789509,877623845,607,318,640,480,4,3,75,229,68
98,green,1788789509,877623845,607,318,640,480,5,3,75,225,67
98,green,1788789509,877623845,607,318,640,480,-5,4,78,251,65
98,green,1788789509,877623845,607,318,640,480,-4,4,78,255,64
98,green,1788789509,877623845,607,318,640,480,-3,4,78,255,64
98,green,1788789509,877623845,607,318,640,480,-2,4,78,255,64
98,green,1788789509,877623845,607,318,640,480,-1,4,78,251,63
98,green,1788789509,877623845,607,318,640,480,0,4,77,251,65
98,green,1788789509,877623845,607,318,640,480,1,4,76,255,63
98,green,1788789509,877623845,607,318,640,480,2,4,75,255,66
98,green,1788789509,877623845,607,318,640,480,3,4,75,247,65
98,green,1788789509,877623845,607,318,640,480,4,4,75,236,66
98,green,1788789509,877623845,607,318,640,480,5,4,75,228,66
98,green,1788789509,877623845,607,318,640,480,-5,5,78,251,65
98,green,1788789509,877623845,607,318,640,480,-4,5,78,255,64
98,green,1788789509,877623845,607,318,640,480,-3,5,78,255,64
98,green,1788789509,877623845,607,318,640,480,-2,5,78,255,64
98,green,1788789509,877623845,607,318,640,480,-1,5,78,251,63
98,green,1788789509,877623845,607,318,640,480,0,5,77,251,65
98,green,1788789509,877623845,607,318,640,480,1,5,76,255,65
98,green,1788789509,877623845,607,318,640,480,2,5,75,255,67
98,green,1788789509,877623845,607,318,640,480,3,5,75,243,66
98,green,1788789509,877623845,607,318,640,480,4,5,75,239,65
98,green,1788789509,877623845,607,318,640,480,5,5,75,235,64
99,green,1788789510,626586928,610,362,640,480,-5,-5,77,255,64
99,green,1788789510,626586928,610,362,640,480,-4,-5,78,255,65
99,green,1788789510,626586928,610,362,640,480,-3,-5,78,255,66
99,green,1788789510,626586928,610,362,640,480,-2,-5,78,255,66
99,green,1788789510,626586928,610,362,640,480,-1,-5,77,244,69
99,green,1788789510,626586928,610,362,640,480,0,-5,77,226,71
99,green,1788789510,626586928,610,362,640,480,1,-5,76,209,72
99,green,1788789510,626586928,610,362,640,480,2,-5,76,194,71
99,green,1788789510,626586928,610,362,640,480,3,-5,74,180,71
99,green,1788789510,626586928,610,362,640,480,4,-5,71,150,73
99,green,1788789510,626586928,610,362,640,480,5,-5,67,124,74
99,green,1788789510,626586928,610,362,640,480,-5,-4,78,255,63
99,green,1788789510,626586928,610,362,640,480,-4,-4,78,255,63
99,green,1788789510,626586928,610,362,640,480,-3,-4,77,255,64
99,green,1788789510,626586928,610,362,640,480,-2,-4,77,248,68
99,green,1788789510,626586928,610,362,640,480,-1,-4,77,240,70
99,green,1788789510,626586928,610,362,640,480,0,-4,77,226,71
99,green,1788789510,626586928,610,362,640,480,1,-4,76,215,71
99,green,1788789510,626586928,610,362,640,480,2,-4,76,197,70
99,green,1788789510,626586928,610,362,640,480,3,-4,74,177,72
99,green,1788789510,626586928,610,362,640,480,4,-4,71,146,75
99,green,1788789510,626586928,610,362,640,480,5,-4,67,119,77
99,green,1788789510,626586928,610,362,640,480,-5,-3,78,255,63
99,green,1788789510,626586928,610,362,640,480,-4,-3,77,255,62
99,green,1788789510,626586928,610,362,640,480,-3,-3,77,255,61
99,green,1788789510,626586928,610,362,640,480,-2,-3,77,240,70
99,green,1788789510,626586928,610,362,640,480,-1,-3,77,237,71
99,green,1788789510,626586928,610,362,640,480,0,-3,76,226,71
99,green,1788789510,626586928,610,362,640,480,1,-3,76,215,70
99,green,1788789510,626586928,610,362,640,480,2,-3,74,198,71
99,green,1788789510,626586928,610,362,640,480,3,-3,72,174,72
99,green,1788789510,626586928,610,362,640,480,4,-3,70,142,77
99,green,1788789510,626586928,610,362,640,480,5,-3,67,116,79
99,green,1788789510,626586928,610,362,640,480,-5,-2,78,240,66
99,green,1788789510,626586928,610,362,640,480,-4,-2,78,255,62
99,green,1788789510,626586928,610,362,640,480,-3,-2,77,255,58
99,green,1788789510,626586928,610,362,640,480,-2,-2,77,251,65
99,green,1788789510,626586928,610,362,640,480,-1,-2,77,226,71
99,green,1788789510,626586928,610,362,640,480,0,-2,76,201,76
99,green,1788789510,626586928,610,362,640,480,1,-2,76,190,75
99,green,1788789510,626586928,610,362,640,480,2,-2,74,190,71
99,green,1788789510,626586928,610,362,640,480,3,-2,72,170,69
99,green,1788789510,626586928,610,362,640,480,4,-2,70,142,72
99,green,1788789510,626586928,610,362,640,480,5,-2,66,114,76
99,green,1788789510,626586928,610,362,640,480,-5,-1,78,240,66
99,green,1788789510,626586928,610,362,640,480,-4,-1,78,247,64
99,green,1788789510,626586928,610,362,640,480,-3,-1,78,251,61
99,green,1788789510,626586928,610,362,640,480,-2,-1,77,222,69
99,green,1788789510,626586928,610,362,640,480,-1,-1,76,212,71
99,green,1788789510,626586928,610,362,640,480,0,-1,76,201,71
99,green,1788789510,626586928,610,362,640,480,1,-1,74,196,69
99,green,1788789510,626586928,610,362,640,480,2,-1,72,181,69
99,green,1788789510,626586928,610,362,640,480,3,-1,70,141,78
99,green,1788789510,626586928,610,362,640,480,4,-1,68,105,95
99,green,1788789510,626586928,610,362,640,480,5,-1,64,79,107
99,green,1788789510,626586928,610,362,640,480,-5,0,78,232,66
99,green,1788789510,626586928,610,362,640,480,-4,0,78,232,66
99,green,1788789510,626586928,610,362,640,480,-3,0,78,231,64
99,green,1788789510,626586928,610,362,640,480,-2,0,77,212,65
99,green,1788789510,626586928,610,362,640,480,-1,0,75,199,68
99,green,1788789510,626586928,610,362,640,480,0,0,75,182,70
99,green,1788789510,626586928,610,362,640,480,1,0,73,163,72
99,green,1788789510,626586928,610,362,640,480,2,0,71,139,79
99,green,1788789510,626586928,610,362,640,480,3,0,69,105,95
99,green,1788789510,626586928,610,362,640,480,4,0,66,74,117
99,green,1788789510,626586928,610,362,640,480,5,0,61,56,133
99,green,1788789510,626586928,610,362,640,480,-5,1,78,228,67
99,green,1788789510,626586928,610,362,640,480,-4,1,78,225,68
99,green,1788789510,626586928,610,362,640,480,-3,1,77,210,68
99,green,1788789510,626586928,610,362,640,480,-2,1,75,216,59
99,green,1788789510,626586928,610,362,640,480,-1,1,73,175,67
99,green,1788789510,626586928,610,362,640,480,0,1,73,144,78
99,green,1788789510,626586928,610,362,640,480,1,1,71,125,88
99,green,1788789510,626586928,610,362,640,480,2,1,69,104,96
99,green,1788789510,626586928,610,362,640,480,3,1,66,80,109
99,green,1788789510,626586928,610,362,640,480,4,1,64,61,126
99,green,1788789510,626586928,610,362,640,480,5,1,57,53,139
99,green,1788789510,626586928,610,362,640,480,-5,2,78,218,68
99,green,1788789510,626586928,610,362,640,480,-4,2,78,208,71
99,green,1788789510,626586928,610,362,640,480,-3,2,77,191,72
99,green,1788789510,626586928,610,362,640,480,-2,2,74,175,64
99,green,1788789510,626586928,610,362,640,480,-1,2,72,135,72
99,green,1788789510,626586928,610,362,640,480,0,2,72,114,85
99,green,1788789510,626586928,610,362,640,480,1,2,69,94,95
99,green,1788789510,626586928,610,362,640,480,2,2,68,81,101
99,green,1788789510,626586928,610,362,640,480,3,2,63,64,111
99,green,1788789510,626586928,610,362,640,480,4,2,61,53,126
99,green,1788789510,626586928,610,362,640,480,5,2,55,53,136
99,green,1788789510,626586928,610,362,640,480,-5,3,78,200,74
99,green,1788789510,626586928,610,362,640,480,-4,3,78,192,77
99,green,1788789510,626586928,610,362,640,480,-3,3,77,170,78
99,green,1788789510,626586928,610,362,640,480,-2,3,74,124,80
99,green,1788789510,626586928,610,362,640,480,-1,3,71,101,83
99,green,1788789510,626586928,610,362,640,480,0,3,68,92,89
99,green,1788789510,626586928,610,362,640,480,1,3,67,81,91
99,green,1788789510,626586928,610,362,640,480,2,3,65,74,96
99,green,1788789510,626586928,610,362,640,480,3,3,61,62,107
99,green,1788789510,626586928,610,362,640,480,4,3,57,54,123
99,green,1788789510,626586928,610,362,640,480,5,3,51,49,134
99,green,1788789510,626586928,610,362,640,480,-5,4,78,183,81
99,green,1788789510,626586928,610,362,640,480,-4,4,77,167,84
99,green,1788789510,626586928,610,362,640,480,-3,4,77,147,85
99,green,1788789510,626586928,610,362,640,480,-2,4,73,100,89
99,green,1788789510,626586928,610,362,640,480,-1,4,69,82,90
99,green,1788789510,626586928,610,362,640,480,0,4,66,78,92
99,green,1788789510,626586928,610,362,640,480,1,4,65,70,91
99,green,1788789510,626586928,610,362,640,480,2,4,63,66,93
99,green,1788789510,626586928,610,362,640,480,3,4,59,58,102
99,green,1788789510,626586928,610,362,640,480,4,4,53,52,118
99,green,1788789510,626586928,610,362,640,480,5,4,48,50,132
99,green,1788789510,626586928,610,362,640,480,-5,5,77,156,85
99,green,1788789510,626586928,610,362,640,480,-4,5,77,144,87
99,green,1788789510,626586928,610,362,640,480,-3,5,75,129,89
99,green,1788789510,626586928,610,362,640,480,-2,5,71,97,87
99,green,1788789510,626586928,610,362,640,480,-1,5,69,81,91
99,green,1788789510,626586928,610,362,640,480,0,5,66,74,97
99,green,1788789510,626586928,610,362,640,480,1,5,65,66,97
99,green,1788789510,626586928,610,362,640,480,2,5,63,62,98
99,green,1788789510,626586928,610,362,640,480,3,5,59,56,104
99,green,1788789510,626586928,610,362,640,480,4,5,53,53,116
99,green,1788789510,626586928,610,362,640,480,5,5,48,52,127
100,green,1788789511,377834043,607,375,640,480,-5,-5,74,148,86
100,green,1788789511,377834043,607,375,640,480,-4,-5,73,136,86
100,green,1788789511,377834043,607,375,640,480,-3,-5,72,121,84
100,green,1788789511,377834043,607,375,640,480,-2,-5,71,105,85
100,green,1788789511,377834043,607,375,640,480,-1,-5,69,100,87
100,green,1788789511,377834043,607,375,640,480,0,-5,68,95,86
100,green,1788789511,377834043,607,375,640,480,1,-5,66,85,90
100,green,1788789511,377834043,607,375,640,480,2,-5,66,84,91
100,green,1788789511,377834043,607,375,640,480,3,-5,65,78,91
100,green,1788789511,377834043,607,375,640,480,4,-5,63,77,93
100,green,1788789511,377834043,607,375,640,480,5,-5,61,68,98
100,green,1788789511,377834043,607,375,640,480,-5,-4,74,145,88
100,green,1788789511,377834043,607,375,640,480,-4,-4,73,135,87
100,green,1788789511,377834043,607,375,640,480,-3,-4,72,121,84
100,green,1788789511,377834043,607,375,640,480,-2,-4,71,105,85
100,green,1788789511,377834043,607,375,640,480,-1,-4,69,99,88
100,green,1788789511,377834043,607,375,640,480,0,-4,68,93,88
100,green,1788789511,377834043,607,375,640,480,1,-4,66,82,93
100,green,1788789511,377834043,607,375,640,480,2,-4,63,76,94
100,green,1788789511,377834043,607,375,640,480,3,-4,63,76,94
100,green,1788789511,377834043,607,375,640,480,4,-4,61,71,94
100,green,1788789511,377834043,607,375,640,480,5,-4,60,62,98
100,green,1788789511,377834043,607,375,640,480,-5,-3,74,142,90
100,green,1788789511,377834043,607,375,640,480,-4,-3,73,132,89
100,green,1788789511,377834043,607,375,640,480,-3,-3,72,121,84
100,green,1788789511,377834043,607,375,640,480,-2,-3,71,105,85
100,green,1788789511,377834043,607,375,640,480,-1,-3,69,97,89
100,green,1788789511,377834043,607,375,640,480,0,-3,66,86,89
100,green,1788789511,377834043,607,375,640,480,1,-3,63,77,93
100,green,1788789511,377834043,607,375,640,480,2,-3,59,71,97
100,green,1788789511,377834043,607,375,640,480,3,-3,59,71,97
100,green,1788789511,377834043,607,375,640,480,4,-3,58,71,94
100,green,1788789511,377834043,607,375,640,480,5,-3,58,67,99
100,green,1788789511,377834043,607,375,640,480,-5,-2,74,139,92
100,green,1788789511,377834043,607,375,640,480,-4,-2,73,130,90
100,green,1788789511,377834043,607,375,640,480,-3,-2,72,120,85
100,green,1788789511,377834043,607,375,640,480,-2,-2,71,105,85
100,green,1788789511,377834043,607,375,640,480,-1,-2,69,97,89
100,green,1788789511,377834043,607,375,640,480,0,-2,66,84,91
100,green,1788789511,377834043,607,375,640,480,1,-2,63,76,94
100,green,1788789511,377834043,607,375,640,480,2,-2,59,69,100
100,green,1788789511,377834043,607,375,640,480,3,-2,58,66,100
100,green,1788789511,377834043,607,375,640,480,4,-2,58,69,96
100,green,1788789511,377834043,607,375,640,480,5,-2,55,71,101
100,green,1788789511,377834043,607,375,640,480,-5,-1,74,137,93
100,green,1788789511,377834043,607,375,640,480,-4,-1,73,127,92
100,green,1788789511,377834043,607,375,640,480,-3,-1,72,120,85
100,green,1788789511,377834043,607,375,640,480,-2,-1,71,106,84
100,green,1788789511,377834043,607,375,640,480,-1,-1,69,96,90
100,green,1788789511,377834043,607,375,640,480,0,-1,66,83,92
100,green,1788789511,377834043,607,375,640,480,1,-1,63,77,93
100,green,1788789511,377834043,607,375,640,480,2,-1,59,68,102
100,green,1788789511,377834043,607,375,640,480,3,-1,56,71,104
100,green,1788789511,377834043,607,375,640,480,4,-1,56,74,100
100,green,1788789511,377834043,607,375,640,480,5,-1,55,70,102
100,green,1788789511,377834043,607,375,640,480,-5,0,74,136,94
100,green,1788789511,377834043,607,375,640,480,-4,0,73,127,92
100,green,1788789511,377834043,607,375,640,480,-3,0,72,120,85
100,green,1788789511,377834043,607,375,640,480,-2,0,71,106,84
100,green,1788789511,377834043,607,375,640,480,-1,0,69,96,90
100,green,1788789511,377834043,607,375,640,480,0,0,66,82,93
100,green,1788789511,377834043,607,375,640,480,1,0,63,77,93
100,green,1788789511,377834043,607,375,640,480,2,0,59,67,103
100,green,1788789511,377834043,607,375,640,480,3,0,56,70,105
100,green,1788789511,377834043,607,375,640,480,4,0,56,73,101
100,green,1788789511,377834043,607,375,640,480,5,0,55,69,103
100,green,1788789511,377834043,607,375,640,480,-5,1,74,140,91
100,green,1788789511,377834043,607,375,640,480,-4,1,73,129,91
100,green,1788789511,377834043,607,375,640,480,-3,1,72,113,90
100,green,1788789511,377834043,607,375,640,480,-2,1,71,97,92
100,green,1788789511,377834043,607,375,640,480,-1,1,69,90,96
100,green,1788789511,377834043,607,375,640,480,0,1,66,81,95
100,green,1788789511,377834043,607,375,640,480,1,1,63,72,99
100,green,1788789511,377834043,607,375,640,480,2,1,59,71,97
100,green,1788789511,377834043,607,375,640,480,3,1,58,69,96
100,green,1788789511,377834043,607,375,640,480,4,1,58,65,102
100,green,1788789511,377834043,607,375,640,480,5,1,55,67,107
100,green,1788789511,377834043,607,375,640,480,-5,2,74,137,93
100,green,1788789511,377834043,607,375,640,480,-4,2,73,126,93
100,green,1788789511,377834043,607,375,640,480,-3,2,72,112,91
100,green,1788789511,377834043,607,375,640,480,-2,2,71,97,92
100,green,1788789511,377834043,607,375,640,480,-1,2,69,92,94
100,green,1788789511,377834043,607,375,640,480,0,2,66,82,93
100,green,1788789511,377834043,607,375,640,480,1,2,63,72,99
100,green,1788789511,377834043,607,375,640,480,2,2,59,70,99
100,green,1788789511,377834043,607,375,640,480,3,2,61,65,102
100,green,1788789511,377834043,607,375,640,480,4,2,58,63,105
100,green,1788789511,377834043,607,375,640,480,5,2,58,63,105
100,green,1788789511,377834043,607,375,640,480,-5,3,74,133,96
100,green,1788789511,377834043,607,375,640,480,-4,3,73,122,96
100,green,1788789511,377834043,607,375,640,480,-3,3,72,110,93
100,green,1788789511,377834043,607,375,640,480,-2,3,71,96,93
100,green,1788789511,377834043,607,375,640,480,-1,3,69,92,94
100,green,1788789511,377834043,607,375,640,480,0,3,68,90,91
100,green,1788789511,377834043,607,375,640,480,1,3,66,80,96
100,green,1788789511,377834043,607,375,640,480,2,3,63,72,99
100,green,1788789511,377834043,607,375,640,480,3,3,65,69,104
100,green,1788789511,377834043,607,375,640,480,4,3,61,63,105
100,green,1788789511,377834043,607,375,640,480,5,3,61,66,101
100,green,1788789511,377834043,607,375,640,480,-5,4,74,130,98
100,green,1788789511,377834043,607,375,640,480,-4,4,73,120,98
100,green,1788789511,377834043,607,375,640,480,-3,4,72,106,96
100,green,1788789511,377834043,607,375,640,480,-2,4,71,94,95
100,green,1788789511,377834043,607,375,640,480,-1,4,69,91,95
100,green,1788789511,377834043,607,375,640,480,0,4,68,89,92
100,green,1788789511,377834043,607,375,640,480,1,4,68,87,94
100,green,1788789511,377834043,607,375,640,480,2,4,68,83,98
100,green,1788789511,377834043,607,375,640,480,3,4,67,74,100
100,green,1788789511,377834043,607,375,640,480,4,4,65,74,97
100,green,1788789511,377834043,607,375,640,480,5,4,65,80,89
100,green,1788789511,377834043,607,375,640,480,-5,5,74,131,97
100,green,1788789511,377834043,607,375,640,480,-4,5,73,117,100
100,green,1788789511,377834043,607,375,640,480,-3,5,72,104,98
100,green,1788789511,377834043,607,375,640,480,-2,5,71,91,98
100,green,1788789511,377834043,607,375,640,480,-1,5,69,89,97
100,green,1788789511,377834043,607,375,640,480,0,5,68,87,94
100,green,1788789511,377834043,607,375,640,480,1,5,71,86,98
100,green,1788789511,377834043,607,375,640,480,2,5,71,86,98
100,green,1788789511,377834043,607,375,640,480,3,5,70,87,94
100,green,1788789511,377834043,607,375,640,480,4,5,68,95,86
100,green,1788789511,377834043,607,375,640,480,5,5,67,99,75
101,green,1788789511,499567650,607,375,640,480,-5,-5,73,154,83
101,green,1788789511,499567650,607,375,640,480,-4,-5,72,133,88
101,green,1788789511,499567650,607,375,640,480,-3,-5,70,116,88
101,green,1788789511,499567650,607,375,640,480,-2,-5,68,106,87
101,green,1788789511,499567650,607,375,640,480,-1,-5,68,100,87
101,green,1788789511,499567650,607,375,640,480,0,-5,68,94,87
101,green,1788789511,499567650,607,375,640,480,1,-5,67,85,87
101,green,1788789511,499567650,607,375,640,480,2,-5,67,83,89
101,green,1788789511,499567650,607,375,640,480,3,-5,66,78,91
101,green,1788789511,499567650,607,375,640,480,4,-5,65,76,94
101,green,1788789511,499567650,607,375,640,480,5,-5,64,64,99
101,green,1788789511,499567650,607,375,640,480,-5,-4,73,152,84
101,green,1788789511,499567650,607,375,640,480,-4,-4,72,132,89
101,green,1788789511,499567650,607,375,640,480,-3,-4,70,115,89
101,green,1788789511,499567650,607,375,640,480,-2,-4,68,106,87
101,green,1788789511,499567650,607,375,640,480,-1,-4,68,100,87
101,green,1788789511,499567650,607,375,640,480,0,-4,68,94,87
101,green,1788789511,499567650,607,375,640,480,1,-4,66,87,88
101,green,1788789511,499567650,607,375,640,480,2,-4,65,78,92
101,green,1788789511,499567650,607,375,640,480,3,-4,65,75,95
101,green,1788789511,499567650,607,375,640,480,4,-4,61,69,96
101,green,1788789511,499567650,607,375,640,480,5,-4,60,62,99
101,green,1788789511,499567650,607,375,640,480,-5,-3,73,152,84
101,green,1788789511,499567650,607,375,640,480,-4,-3,72,132,89
101,green,1788789511,499567650,607,375,640,480,-3,-3,70,117,87
101,green,1788789511,499567650,607,375,640,480,-2,-3,68,108,85
101,green,1788789511,499567650,607,375,640,480,-1,-3,68,101,86
101,green,1788789511,499567650,607,375,640,480,0,-3,66,88,87
101,green,1788789511,499567650,607,375,640,480,1,-3,65,81,88
101,green,1788789511,499567650,607,375,640,480,2,-3,61,70,95
101,green,1788789511,499567650,607,375,640,480,3,-3,61,67,99
101,green,1788789511,499567650,607,375,640,480,4,-3,58,68,97
101,green,1788789511,499567650,607,375,640,480,5,-3,58,66,101
101,green,1788789511,499567650,607,375,640,480,-5,-2,73,148,86
101,green,1788789511,499567650,607,375,640,480,-4,-2,72,130,90
101,green,1788789511,499567650,607,375,640,480,-3,-2,70,117,87
101,green,1788789511,499567650,607,375,640,480,-2,-2,68,109,84
101,green,1788789511,499567650,607,375,640,480,-1,-2,68,101,86
101,green,1788789511,499567650,607,375,640,480,0,-2,66,86,89
101,green,1788789511,499567650,607,375,640,480,1,-2,63,78,91
101,green,1788789511,499567650,607,375,640,480,2,-2,59,70,98
101,green,1788789511,499567650,607,375,640,480,3,-2,58,66,100
101,green,1788789511,499567650,607,375,640,480,4,-2,56,75,99
101,green,1788789511,499567650,607,375,640,480,5,-2,55,69,103
101,green,1788789511,499567650,607,375,640,480,-5,-1,73,142,90
101,green,1788789511,499567650,607,375,640,480,-4,-1,72,127,92
101,green,1788789511,499567650,607,375,640,480,-3,-1,70,117,87
101,green,1788789511,499567650,607,375,640,480,-2,-1,68,108,85
101,green,1788789511,499567650,607,375,640,480,-1,-1,68,97,89
101,green,1788789511,499567650,607,375,640,480,0,-1,64,82,93
101,green,1788789511,499567650,607,375,640,480,1,-1,61,77,96
101,green,1788789511,499567650,607,375,640,480,2,-1,57,73,101
101,green,1788789511,499567650,607,375,640,480,3,-1,56,73,102
101,green,1788789511,499567650,607,375,640,480,4,-1,55,77,100
101,green,1788789511,499567650,607,375,640,480,5,-1,54,70,106
101,green,1788789511,499567650,607,375,640,480,-5,0,73,137,93
101,green,1788789511,499567650,607,375,640,480,-4,0,72,125,94
101,green,1788789511,499567650,607,375,640,480,-3,0,70,116,88
101,green,1788789511,499567650,607,375,640,480,-2,0,68,107,86
101,green,1788789511,499567650,607,375,640,480,-1,0,68,95,91
101,green,1788789511,499567650,607,375,640,480,0,0,64,80,96
101,green,1788789511,499567650,607,375,640,480,1,0,61,75,98
101,green,1788789511,499567650,607,375,640,480,2,0,57,73,102
101,green,1788789511,499567650,607,375,640,480,3,0,55,75,102
101,green,1788789511,499567650,607,375,640,480,4,0,55,77,100
101,green,1788789511,499567650,607,375,640,480,5,0,54,69,107
101,green,1788789511,499567650,607,375,640,480,-5,1,73,136,94
101,green,1788789511,499567650,607,375,640,480,-4,1,72,133,88
101,green,1788789511,499567650,607,375,640,480,-3,1,70,110,93
101,green,1788789511,499567650,607,375,640,480,-2,1,68,99,93
101,green,1788789511,499567650,607,375,640,480,-1,1,68,96,90
101,green,1788789511,499567650,607,375,640,480,0,1,64,81,94
101,green,1788789511,499567650,607,375,640,480,1,1,59,78,98
101,green,1788789511,499567650,607,375,640,480,2,1,56,81,98
101,green,1788789511,499567650,607,375,640,480,3,1,55,76,101
101,green,1788789511,499567650,607,375,640,480,4,1,55,72,106
101,green,1788789511,499567650,607,375,640,480,5,1,54,68,109
101,green,1788789511,499567650,607,375,640,480,-5,2,73,136,94
101,green,1788789511,499567650,607,375,640,480,-4,2,72,129,91
101,green,1788789511,499567650,607,375,640,480,-3,2,70,105,97
101,green,1788789511,499567650,607,375,640,480,-2,2,68,96,96
101,green,1788789511,499567650,607,375,640,480,-1,2,68,96,90
101,green,1788789511,499567650,607,375,640,480,0,2,64,83,92
101,green,1788789511,499567650,607,375,640,480,1,2,59,77,99
101,green,1788789511,499567650,607,375,640,480,2,2,56,78,102
101,green,1788789511,499567650,607,375,640,480,3,2,56,75,106
101,green,1788789511,499567650,607,375,640,480,4,2,55,71,108
101,green,1788789511,499567650,607,375,640,480,5,2,55,72,106
101,green,1788789511,499567650,607,375,640,480,-5,3,73,134,95
101,green,1788789511,499567650,607,375,640,480,-4,3,72,125,94
101,green,1788789511,499567650,607,375,640,480,-3,3,70,102,100
101,green,1788789511,499567650,607,375,640,480,-2,3,68,94,98
101,green,1788789511,499567650,607,375,640,480,-1,3,68,95,91
101,green,1788789511,499567650,607,375,640,480,0,3,65,90,93
101,green,1788789511,499567650,607,375,640,480,1,3,62,78,98
101,green,1788789511,499567650,607,375,640,480,2,3,59,75,102
101,green,1788789511,499567650,607,375,640,480,3,3,59,71,107
101,green,1788789511,499567650,607,375,640,480,4,3,57,70,106
101,green,1788789511,499567650,607,375,640,480,5,3,57,75,98
101,green,1788789511,499567650,607,375,640,480,-5,4,73,136,94
101,green,1788789511,499567650,607,375,640,480,-4,4,72,126,93
101,green,1788789511,499567650,607,375,640,480,-3,4,70,102,100
101,green,1788789511,499567650,607,375,640,480,-2,4,68,92,100
101,green,1788789511,499567650,607,375,640,480,-1,4,68,93,93
101,green,1788789511,499567650,607,375,640,480,0,4,65,89,95
101,green,1788789511,499567650,607,375,640,480,1,4,64,86,98
101,green,1788789511,499567650,607,375,640,480,2,4,62,83,102
101,green,1788789511,499567650,607,375,640,480,3,4,62,74,103
101,green,1788789511,499567650,607,375,640,480,4,4,59,78,98
101,green,1788789511,499567650,607,375,640,480,5,4,61,85,87
101,green,1788789511,499567650,607,375,640,480,-5,5,73,137,93
101,green,1788789511,499567650,607,375,640,480,-4,5,72,129,91
101,green,1788789511,499567650,607,375,640,480,-3,5,70,103,99
101,green,1788789511,499567650,607,375,640,480,-2,5,68,93,99
101,green,1788789511,499567650,607,375,640,480,-1,5,68,91,95
101,green,1788789511,499567650,607,375,640,480,0,5,68,83,98
101,green,1788789511,499567650,607,375,640,480,1,5,66,85,102
101,green,1788789511,499567650,607,375,640,480,2,5,64,87,103
101,green,1788789511,499567650,607,375,640,480,3,5,65,85,99
101,green,1788789511,499567650,607,375,640,480,4,5,64,96,88
101,green,1788789511,499567650,607,375,640,480,5,5,64,105,73
102,green,1788789550,377751419,200,337,640,480,-5,-5,14,79,217
102,green,1788789550,377751419,200,337,640,480,-4,-5,14,79,217
102,green,1788789550,377751419,200,337,640,480,-3,-5,15,78,215
102,green,1788789550,377751419,200,337,640,480,-2,-5,15,78,215
102,green,1788789550,377751419,200,337,640,480,-1,-5,15,78,215
102,green,1788789550,377751419,200,337,640,480,0,-5,14,79,216
102,green,1788789550,377751419,200,337,640,480,1,-5,14,81,211
102,green,1788789550,377751419,200,337,640,480,2,-5,14,80,216
102,green,1788789550,377751419,200,337,640,480,3,-5,13,82,219
102,green,1788789550,377751419,200,337,640,480,4,-5,13,84,215
102,green,1788789550,377751419,200,337,640,480,5,-5,12,84,221
102,green,1788789550,377751419,200,337,640,480,-5,-4,14,80,216
102,green,1788789550,377751419,200,337,640,480,-4,-4,14,79,215
102,green,1788789550,377751419,200,337,640,480,-3,-4,14,80,214
102,green,1788789550,377751419,200,337,640,480,-2,-4,15,79,213
102,green,1788789550,377751419,200,337,640,480,-1,-4,15,79,213
102,green,1788789550,377751419,200,337,640,480,0,-4,14,80,213
102,green,1788789550,377751419,200,337,640,480,1,-4,14,82,208
102,green,1788789550,377751419,200,337,640,480,2,-4,13,83,215
102,green,1788789550,377751419,200,337,640,480,3,-4,13,83,216
102,green,1788789550,377751419,200,337,640,480,4,-4,12,87,214
102,green,1788789550,377751419,200,337,640,480,5,-4,12,85,218
102,green,1788789550,377751419,200,337,640,480,-5,-3,14,81,213
102,green,1788789550,377751419,200,337,640,480,-4,-3,14,81,211
102,green,1788789550,377751419,200,337,640,480,-3,-3,14,81,211
102,green,1788789550,377751419,200,337,640,480,-2,-3,15,80,210
102,green,1788789550,377751419,200,337,640,480,-1,-3,15,81,209
102,green,1788789550,377751419,200,337,640,480,0,-3,14,81,211
102,green,1788789550,377751419,200,337,640,480,1,-3,14,83,206
102,green,1788789550,377751419,200,337,640,480,2,-3,13,84,213
102,green,1788789550,377751419,200,337,640,480,3,-3,13,83,214
102,green,1788789550,377751419,200,337,640,480,4,-3,12,88,212
102,green,1788789550,377751419,200,337,640,480,5,-3,12,86,216
102,green,1788789550,377751419,200,337,640,480,-5,-2,14,82,209
102,green,1788789550,377751419,200,337,640,480,-4,-2,14,80,208
102,green,1788789550,377751419,200,337,640,480,-3,-2,15,81,207
102,green,1788789550,377751419,200,337,640,480,-2,-2,15,79,207
102,green,1788789550,377751419,200,337,640,480,-1,-2,15,82,206
102,green,1788789550,377751419,200,337,640,480,0,-2,15,78,208
102,green,1788789550,377751419,200,337,640,480,1,-2,14,84,204
102,green,1788789550,377751419,200,337,640,480,2,-2,13,81,209
102,green,1788789550,377751419,200,337,640,480,3,-2,13,84,213
102,green,1788789550,377751419,200,337,640,480,4,-2,12,85,208
102,green,1788789550,377751419,200,337,640,480,5,-2,12,87,214
102,green,1788789550,377751419,200,337,640,480,-5,-1,15,79,206
102,green,1788789550,377751419,200,337,640,480,-4,-1,14,77,206
102,green,1788789550,377751419,200,337,640,480,-3,-1,15,78,203
102,green,1788789550,377751419,200,337,640,480,-2,-1,15,75,203
102,green,1788789550,377751419,200,337,640,480,-1,-1,15,78,203
102,green,1788789550,377751419,200,337,640,480,0,-1,15,76,200
102,green,1788789550,377751419,200,337,640,480,1,-1,15,80,204
102,green,1788789550,377751419,200,337,640,480,2,-1,13,78,205
102,green,1788789550,377751419,200,337,640,480,3,-1,13,83,203
102,green,1788789550,377751419,200,337,640,480,4,-1,11,83,206
102,green,1788789550,377751419,200,337,640,480,5,-1,11,86,210
102,green,1788789550,377751419,200,337,640,480,-5,0,14,78,204
102,green,1788789550,377751419,200,337,640,480,-4,0,15,76,201
102,green,1788789550,377751419,200,337,640,480,-3,0,15,76,201
102,green,1788789550,377751419,200,337,640,480,-2,0,15,75,200
102,green,1788789550,377751419,200,337,640,480,-1,0,15,76,199
102,green,1788789550,377751419,200,337,640,480,0,0,15,77,198
102,green,1788789550,377751419,200,337,640,480,1,0,15,76,200
102,green,1788789550,377751419,200,337,640,480,2,0,13,80,202
102,green,1788789550,377751419,200,337,640,480,3,0,13,82,200
102,green,1788789550,377751419,200,337,640,480,4,0,12,83,203
102,green,1788789550,377751419,200,337,640,480,5,0,11,83,206
102,green,1788789550,377751419,200,337,640,480,-5,1,13,77,201
102,green,1788789550,377751419,200,337,640,480,-4,1,14,76,199
102,green,1788789550,377751419,200,337,640,480,-3,1,14,75,197
102,green,1788789550,377751419,200,337,640,480,-2,1,14,75,197
102,green,1788789550,377751419,200,337,640,480,-1,1,14,75,197
102,green,1788789550,377751419,200,337,640,480,0,1,14,77,195
102,green,1788789550,377751419,200,337,640,480,1,1,14,76,197
102,green,1788789550,377751419,200,337,640,480,2,1,13,79,199
102,green,1788789550,377751419,200,337,640,480,3,1,12,82,197
102,green,1788789550,377751419,200,337,640,480,4,1,12,83,200
102,green,1788789550,377751419,200,337,640,480,5,1,11,83,203
102,green,1788789550,377751419,200,337,640,480,-5,2,14,76,197
102,green,1788789550,377751419,200,337,640,480,-4,2,14,76,195
102,green,1788789550,377751419,200,337,640,480,-3,2,14,76,195
102,green,1788789550,377751419,200,337,640,480,-2,2,14,76,195
102,green,1788789550,377751419,200,337,640,480,-1,2,14,76,194
102,green,1788789550,377751419,200,337,640,480,0,2,14,77,191
102,green,1788789550,377751419,200,337,640,480,1,2,14,78,194
102,green,1788789550,377751419,200,337,640,480,2,2,13,79,196
102,green,1788789550,377751419,200,337,640,480,3,2,13,81,194
102,green,1788789550,377751419,200,337,640,480,4,2,12,82,195
102,green,1788789550,377751419,200,337,640,480,5,2,12,83,199
102,green,1788789550,377751419,200,337,640,480,-5,3,13,75,195
102,green,1788789550,377751419,200,337,640,480,-4,3,14,74,193
102,green,1788789550,377751419,200,337,640,480,-3,3,15,72,191
102,green,1788789550,377751419,200,337,640,480,-2,3,15,72,190
102,green,1788789550,377751419,200,337,640,480,-1,3,15,72,190
102,green,1788789550,377751419,200,337,640,480,0,3,15,74,186
102,green,1788789550,377751419,200,337,640,480,1,3,14,75,191
102,green,1788789550,377751419,200,337,640,480,2,3,13,78,193
102,green,1788789550,377751419,200,337,640,480,3,3,12,80,191
102,green,1788789550,377751419,200,337,640,480,4,3,11,81,192
102,green,1788789550,377751419,200,337,640,480,5,3,10,82,196
102,green,1788789550,377751419,200,337,640,480,-5,4,14,75,190
102,green,1788789550,377751419,200,337,640,480,-4,4,15,74,187
102,green,1788789550,377751419,200,337,640,480,-3,4,15,74,187
102,green,1788789550,377751419,200,337,640,480,-2,4,15,74,187
102,green,1788789550,377751419,200,337,640,480,-1,4,15,74,186
102,green,1788789550,377751419,200,337,640,480,0,4,15,76,182
102,green,1788789550,377751419,200,337,640,480,1,4,15,75,184
102,green,1788789550,377751419,200,337,640,480,2,4,13,78,187
102,green,1788789550,377751419,200,337,640,480,3,4,13,81,186
102,green,1788789550,377751419,200,337,640,480,4,4,12,82,187
102,green,1788789550,377751419,200,337,640,480,5,4,11,82,190
102,green,1788789550,377751419,200,337,640,480,-5,5,14,72,183
102,green,1788789550,377751419,200,337,640,480,-4,5,14,72,183
102,green,1788789550,377751419,200,337,640,480,-3,5,15,72,181
102,green,1788789550,377751419,200,337,640,480,-2,5,15,72,181
102,green,1788789550,377751419,200,337,640,480,-1,5,15,72,181
102,green,1788789550,377751419,200,337,640,480,0,5,15,74,176
102,green,1788789550,377751419,200,337,640,480,1,5,14,74,179
102,green,1788789550,377751419,200,337,640,480,2,5,13,77,180
102,green,1788789550,377751419,200,337,640,480,3,5,13,79,178
102,green,1788789550,377751419,200,337,640,480,4,5,11,81,182
102,green,1788789550,377751419,200,337,640,480,5,5,11,81,185
